[32mINFO[0m:     Will watch for changes in these directories: ['/home/ansh072004/Aushadh-Vigil-Project/backend']
[32mINFO[0m:     Uvicorn running on [1mhttp://127.0.0.1:8000[0m (Press CTRL+C to quit)
[32mINFO[0m:     Started reloader process [[36m[1m23157[0m] using [36m[1mWatchFiles[0m
[32mINFO[0m:     Started server process [[36m23174[0m]
[32mINFO[0m:     Waiting for application startup.
[32mINFO[0m:     Application startup complete.
[31mERROR[0m:    Exception in ASGI application
Traceback (most recent call last):
  File "/home/ansh072004/Aushadh-Vigil-Project/backend/venv/lib/python3.12/site-packages/uvicorn/protocols/http/httptools_impl.py", line 421, in run_asgi
    result = await app(  # type: ignore[func-returns-value]
             ^^^^^^^^^^^^^^^^^^^^^^^^^^^^^^^^^^^^^^^^^^^^^^
  File "/home/ansh072004/Aushadh-Vigil-Project/backend/venv/lib/python3.12/site-packages/uvicorn/middleware/proxy_headers.py", line 62, in __call__
    return await self.app(scope, receive, send)
           ^^^^^^^^^^^^^^^^^^^^^^^^^^^^^^^^^^^^
  File "/home/ansh072004/Aushadh-Vigil-Project/backend/venv/lib/python3.12/site-packages/fastapi/applications.py", line 1163, in __call__
    await super().__call__(scope, receive, send)
  File "/home/ansh072004/Aushadh-Vigil-Project/backend/venv/lib/python3.12/site-packages/starlette/applications.py", line 90, in __call__
    await self.middleware_stack(scope, receive, send)
  File "/home/ansh072004/Aushadh-Vigil-Project/backend/venv/lib/python3.12/site-packages/starlette/middleware/errors.py", line 186, in __call__
    raise exc
  File "/home/ansh072004/Aushadh-Vigil-Project/backend/venv/lib/python3.12/site-packages/starlette/middleware/errors.py", line 164, in __call__
    await self.app(scope, receive, _send)
  File "/home/ansh072004/Aushadh-Vigil-Project/backend/venv/lib/python3.12/site-packages/starlette/middleware/cors.py", line 88, in __call__
    await self.app(scope, receive, send)
  File "/home/ansh072004/Aushadh-Vigil-Project/backend/venv/lib/python3.12/site-packages/starlette/middleware/exceptions.py", line 63, in __call__
    await wrap_app_handling_exceptions(self.app, conn)(scope, receive, send)
  File "/home/ansh072004/Aushadh-Vigil-Project/backend/venv/lib/python3.12/site-packages/starlette/_exception_handler.py", line 53, in wrapped_app
    raise exc
  File "/home/ansh072004/Aushadh-Vigil-Project/backend/venv/lib/python3.12/site-packages/starlette/_exception_handler.py", line 42, in wrapped_app
    await app(scope, receive, sender)
  File "/home/ansh072004/Aushadh-Vigil-Project/backend/venv/lib/python3.12/site-packages/fastapi/middleware/asyncexitstack.py", line 18, in __call__
    await self.app(scope, receive, send)
  File "/home/ansh072004/Aushadh-Vigil-Project/backend/venv/lib/python3.12/site-packages/starlette/routing.py", line 660, in __call__
    await self.middleware_stack(scope, receive, send)
  File "/home/ansh072004/Aushadh-Vigil-Project/backend/venv/lib/python3.12/site-packages/fastapi/routing.py", line 2531, in app
    await route.handle(scope, receive, send)
  File "/home/ansh072004/Aushadh-Vigil-Project/backend/venv/lib/python3.12/site-packages/fastapi/routing.py", line 1700, in handle
    await self.original_router.handle(scope, receive, send)
  File "/home/ansh072004/Aushadh-Vigil-Project/backend/venv/lib/python3.12/site-packages/fastapi/routing.py", line 2586, in handle
    await included_router._handle_selected(scope, receive, send)
  File "/home/ansh072004/Aushadh-Vigil-Project/backend/venv/lib/python3.12/site-packages/fastapi/routing.py", line 1720, in _handle_selected
    await original_route.handle(scope, receive, send)
  File "/home/ansh072004/Aushadh-Vigil-Project/backend/venv/lib/python3.12/site-packages/fastapi/routing.py", line 1239, in handle
    await app(scope, receive, send)
  File "/home/ansh072004/Aushadh-Vigil-Project/backend/venv/lib/python3.12/site-packages/fastapi/routing.py", line 150, in app
    await wrap_app_handling_exceptions(app, request)(scope, receive, send)
  File "/home/ansh072004/Aushadh-Vigil-Project/backend/venv/lib/python3.12/site-packages/starlette/_exception_handler.py", line 53, in wrapped_app
    raise exc
  File "/home/ansh072004/Aushadh-Vigil-Project/backend/venv/lib/python3.12/site-packages/starlette/_exception_handler.py", line 42, in wrapped_app
    await app(scope, receive, sender)
  File "/home/ansh072004/Aushadh-Vigil-Project/backend/venv/lib/python3.12/site-packages/fastapi/routing.py", line 136, in app
    response = await f(request)
               ^^^^^^^^^^^^^^^^
  File "/home/ansh072004/Aushadh-Vigil-Project/backend/venv/lib/python3.12/site-packages/fastapi/routing.py", line 711, in app
    content = await serialize_response(
              ^^^^^^^^^^^^^^^^^^^^^^^^^
  File "/home/ansh072004/Aushadh-Vigil-Project/backend/venv/lib/python3.12/site-packages/fastapi/routing.py", line 316, in serialize_response
    raise ResponseValidationError(
fastapi.exceptions.ResponseValidationError: 1260 validation errors:
  {'type': 'value_error', 'loc': ('response', 0, 'risk_level'), 'msg': "Value error, risk_level must be one of ['Low', 'Moderate', 'High']", 'input': 'MODERATE', 'ctx': {'error': ValueError("risk_level must be one of ['Low', 'Moderate', 'High']")}}
  {'type': 'get_attribute_error', 'loc': ('response', 0, 'herb'), 'msg': "Error extracting attribute: MissingGreenlet: greenlet_spawn has not been called; can't call await_only() here. Was IO attempted in an unexpected place? (Background on this error at: https://sqlalche.me/e/20/xd2s)", 'input': <app.db.models.interaction.Interaction object at 0x6fff99091cd0>, 'ctx': {'error': "MissingGreenlet: greenlet_spawn has not been called; can't call await_only() here. Was IO attempted in an unexpected place? (Background on this error at: https://sqlalche.me/e/20/xd2s)"}}
  {'type': 'get_attribute_error', 'loc': ('response', 0, 'drug'), 'msg': "Error extracting attribute: MissingGreenlet: greenlet_spawn has not been called; can't call await_only() here. Was IO attempted in an unexpected place? (Background on this error at: https://sqlalche.me/e/20/xd2s)", 'input': <app.db.models.interaction.Interaction object at 0x6fff99091cd0>, 'ctx': {'error': "MissingGreenlet: greenlet_spawn has not been called; can't call await_only() here. Was IO attempted in an unexpected place? (Background on this error at: https://sqlalche.me/e/20/xd2s)"}}
  {'type': 'value_error', 'loc': ('response', 1, 'risk_level'), 'msg': "Value error, risk_level must be one of ['Low', 'Moderate', 'High']", 'input': 'MODERATE', 'ctx': {'error': ValueError("risk_level must be one of ['Low', 'Moderate', 'High']")}}
  {'type': 'get_attribute_error', 'loc': ('response', 1, 'herb'), 'msg': "Error extracting attribute: MissingGreenlet: greenlet_spawn has not been called; can't call await_only() here. Was IO attempted in an unexpected place? (Background on this error at: https://sqlalche.me/e/20/xd2s)", 'input': <app.db.models.interaction.Interaction object at 0x6fff99091d00>, 'ctx': {'error': "MissingGreenlet: greenlet_spawn has not been called; can't call await_only() here. Was IO attempted in an unexpected place? (Background on this error at: https://sqlalche.me/e/20/xd2s)"}}
  {'type': 'get_attribute_error', 'loc': ('response', 1, 'drug'), 'msg': "Error extracting attribute: MissingGreenlet: greenlet_spawn has not been called; can't call await_only() here. Was IO attempted in an unexpected place? (Background on this error at: https://sqlalche.me/e/20/xd2s)", 'input': <app.db.models.interaction.Interaction object at 0x6fff99091d00>, 'ctx': {'error': "MissingGreenlet: greenlet_spawn has not been called; can't call await_only() here. Was IO attempted in an unexpected place? (Background on this error at: https://sqlalche.me/e/20/xd2s)"}}
  {'type': 'value_error', 'loc': ('response', 2, 'risk_level'), 'msg': "Value error, risk_level must be one of ['Low', 'Moderate', 'High']", 'input': 'MODERATE', 'ctx': {'error': ValueError("risk_level must be one of ['Low', 'Moderate', 'High']")}}
  {'type': 'get_attribute_error', 'loc': ('response', 2, 'herb'), 'msg': "Error extracting attribute: MissingGreenlet: greenlet_spawn has not been called; can't call await_only() here. Was IO attempted in an unexpected place? (Background on this error at: https://sqlalche.me/e/20/xd2s)", 'input': <app.db.models.interaction.Interaction object at 0x6fff99091d30>, 'ctx': {'error': "MissingGreenlet: greenlet_spawn has not been called; can't call await_only() here. Was IO attempted in an unexpected place? (Background on this error at: https://sqlalche.me/e/20/xd2s)"}}
  {'type': 'get_attribute_error', 'loc': ('response', 2, 'drug'), 'msg': "Error extracting attribute: MissingGreenlet: greenlet_spawn has not been called; can't call await_only() here. Was IO attempted in an unexpected place? (Background on this error at: https://sqlalche.me/e/20/xd2s)", 'input': <app.db.models.interaction.Interaction object at 0x6fff99091d30>, 'ctx': {'error': "MissingGreenlet: greenlet_spawn has not been called; can't call await_only() here. Was IO attempted in an unexpected place? (Background on this error at: https://sqlalche.me/e/20/xd2s)"}}
  {'type': 'value_error', 'loc': ('response', 3, 'risk_level'), 'msg': "Value error, risk_level must be one of ['Low', 'Moderate', 'High']", 'input': 'MODERATE', 'ctx': {'error': ValueError("risk_level must be one of ['Low', 'Moderate', 'High']")}}
  {'type': 'get_attribute_error', 'loc': ('response', 3, 'herb'), 'msg': "Error extracting attribute: MissingGreenlet: greenlet_spawn has not been called; can't call await_only() here. Was IO attempted in an unexpected place? (Background on this error at: https://sqlalche.me/e/20/xd2s)", 'input': <app.db.models.interaction.Interaction object at 0x6fff99091d60>, 'ctx': {'error': "MissingGreenlet: greenlet_spawn has not been called; can't call await_only() here. Was IO attempted in an unexpected place? (Background on this error at: https://sqlalche.me/e/20/xd2s)"}}
  {'type': 'get_attribute_error', 'loc': ('response', 3, 'drug'), 'msg': "Error extracting attribute: MissingGreenlet: greenlet_spawn has not been called; can't call await_only() here. Was IO attempted in an unexpected place? (Background on this error at: https://sqlalche.me/e/20/xd2s)", 'input': <app.db.models.interaction.Interaction object at 0x6fff99091d60>, 'ctx': {'error': "MissingGreenlet: greenlet_spawn has not been called; can't call await_only() here. Was IO attempted in an unexpected place? (Background on this error at: https://sqlalche.me/e/20/xd2s)"}}
  {'type': 'value_error', 'loc': ('response', 4, 'risk_level'), 'msg': "Value error, risk_level must be one of ['Low', 'Moderate', 'High']", 'input': 'MODERATE', 'ctx': {'error': ValueError("risk_level must be one of ['Low', 'Moderate', 'High']")}}
  {'type': 'get_attribute_error', 'loc': ('response', 4, 'herb'), 'msg': "Error extracting attribute: MissingGreenlet: greenlet_spawn has not been called; can't call await_only() here. Was IO attempted in an unexpected place? (Background on this error at: https://sqlalche.me/e/20/xd2s)", 'input': <app.db.models.interaction.Interaction object at 0x6fff99091d90>, 'ctx': {'error': "MissingGreenlet: greenlet_spawn has not been called; can't call await_only() here. Was IO attempted in an unexpected place? (Background on this error at: https://sqlalche.me/e/20/xd2s)"}}
  {'type': 'get_attribute_error', 'loc': ('response', 4, 'drug'), 'msg': "Error extracting attribute: MissingGreenlet: greenlet_spawn has not been called; can't call await_only() here. Was IO attempted in an unexpected place? (Background on this error at: https://sqlalche.me/e/20/xd2s)", 'input': <app.db.models.interaction.Interaction object at 0x6fff99091d90>, 'ctx': {'error': "MissingGreenlet: greenlet_spawn has not been called; can't call await_only() here. Was IO attempted in an unexpected place? (Background on this error at: https://sqlalche.me/e/20/xd2s)"}}
  {'type': 'value_error', 'loc': ('response', 5, 'risk_level'), 'msg': "Value error, risk_level must be one of ['Low', 'Moderate', 'High']", 'input': 'MODERATE', 'ctx': {'error': ValueError("risk_level must be one of ['Low', 'Moderate', 'High']")}}
  {'type': 'get_attribute_error', 'loc': ('response', 5, 'herb'), 'msg': "Error extracting attribute: MissingGreenlet: greenlet_spawn has not been called; can't call await_only() here. Was IO attempted in an unexpected place? (Background on this error at: https://sqlalche.me/e/20/xd2s)", 'input': <app.db.models.interaction.Interaction object at 0x6fff99091dc0>, 'ctx': {'error': "MissingGreenlet: greenlet_spawn has not been called; can't call await_only() here. Was IO attempted in an unexpected place? (Background on this error at: https://sqlalche.me/e/20/xd2s)"}}
  {'type': 'get_attribute_error', 'loc': ('response', 5, 'drug'), 'msg': "Error extracting attribute: MissingGreenlet: greenlet_spawn has not been called; can't call await_only() here. Was IO attempted in an unexpected place? (Background on this error at: https://sqlalche.me/e/20/xd2s)", 'input': <app.db.models.interaction.Interaction object at 0x6fff99091dc0>, 'ctx': {'error': "MissingGreenlet: greenlet_spawn has not been called; can't call await_only() here. Was IO attempted in an unexpected place? (Background on this error at: https://sqlalche.me/e/20/xd2s)"}}
  {'type': 'value_error', 'loc': ('response', 6, 'risk_level'), 'msg': "Value error, risk_level must be one of ['Low', 'Moderate', 'High']", 'input': 'MODERATE', 'ctx': {'error': ValueError("risk_level must be one of ['Low', 'Moderate', 'High']")}}
  {'type': 'get_attribute_error', 'loc': ('response', 6, 'herb'), 'msg': "Error extracting attribute: MissingGreenlet: greenlet_spawn has not been called; can't call await_only() here. Was IO attempted in an unexpected place? (Background on this error at: https://sqlalche.me/e/20/xd2s)", 'input': <app.db.models.interaction.Interaction object at 0x6fff99091df0>, 'ctx': {'error': "MissingGreenlet: greenlet_spawn has not been called; can't call await_only() here. Was IO attempted in an unexpected place? (Background on this error at: https://sqlalche.me/e/20/xd2s)"}}
  {'type': 'get_attribute_error', 'loc': ('response', 6, 'drug'), 'msg': "Error extracting attribute: MissingGreenlet: greenlet_spawn has not been called; can't call await_only() here. Was IO attempted in an unexpected place? (Background on this error at: https://sqlalche.me/e/20/xd2s)", 'input': <app.db.models.interaction.Interaction object at 0x6fff99091df0>, 'ctx': {'error': "MissingGreenlet: greenlet_spawn has not been called; can't call await_only() here. Was IO attempted in an unexpected place? (Background on this error at: https://sqlalche.me/e/20/xd2s)"}}
  {'type': 'value_error', 'loc': ('response', 7, 'risk_level'), 'msg': "Value error, risk_level must be one of ['Low', 'Moderate', 'High']", 'input': 'LOW', 'ctx': {'error': ValueError("risk_level must be one of ['Low', 'Moderate', 'High']")}}
  {'type': 'get_attribute_error', 'loc': ('response', 7, 'herb'), 'msg': "Error extracting attribute: MissingGreenlet: greenlet_spawn has not been called; can't call await_only() here. Was IO attempted in an unexpected place? (Background on this error at: https://sqlalche.me/e/20/xd2s)", 'input': <app.db.models.interaction.Interaction object at 0x6fff99091e20>, 'ctx': {'error': "MissingGreenlet: greenlet_spawn has not been called; can't call await_only() here. Was IO attempted in an unexpected place? (Background on this error at: https://sqlalche.me/e/20/xd2s)"}}
  {'type': 'get_attribute_error', 'loc': ('response', 7, 'drug'), 'msg': "Error extracting attribute: MissingGreenlet: greenlet_spawn has not been called; can't call await_only() here. Was IO attempted in an unexpected place? (Background on this error at: https://sqlalche.me/e/20/xd2s)", 'input': <app.db.models.interaction.Interaction object at 0x6fff99091e20>, 'ctx': {'error': "MissingGreenlet: greenlet_spawn has not been called; can't call await_only() here. Was IO attempted in an unexpected place? (Background on this error at: https://sqlalche.me/e/20/xd2s)"}}
  {'type': 'value_error', 'loc': ('response', 8, 'risk_level'), 'msg': "Value error, risk_level must be one of ['Low', 'Moderate', 'High']", 'input': 'MODERATE', 'ctx': {'error': ValueError("risk_level must be one of ['Low', 'Moderate', 'High']")}}
  {'type': 'get_attribute_error', 'loc': ('response', 8, 'herb'), 'msg': "Error extracting attribute: MissingGreenlet: greenlet_spawn has not been called; can't call await_only() here. Was IO attempted in an unexpected place? (Background on this error at: https://sqlalche.me/e/20/xd2s)", 'input': <app.db.models.interaction.Interaction object at 0x6fff99091e50>, 'ctx': {'error': "MissingGreenlet: greenlet_spawn has not been called; can't call await_only() here. Was IO attempted in an unexpected place? (Background on this error at: https://sqlalche.me/e/20/xd2s)"}}
  {'type': 'get_attribute_error', 'loc': ('response', 8, 'drug'), 'msg': "Error extracting attribute: MissingGreenlet: greenlet_spawn has not been called; can't call await_only() here. Was IO attempted in an unexpected place? (Background on this error at: https://sqlalche.me/e/20/xd2s)", 'input': <app.db.models.interaction.Interaction object at 0x6fff99091e50>, 'ctx': {'error': "MissingGreenlet: greenlet_spawn has not been called; can't call await_only() here. Was IO attempted in an unexpected place? (Background on this error at: https://sqlalche.me/e/20/xd2s)"}}
  {'type': 'value_error', 'loc': ('response', 9, 'risk_level'), 'msg': "Value error, risk_level must be one of ['Low', 'Moderate', 'High']", 'input': 'MODERATE', 'ctx': {'error': ValueError("risk_level must be one of ['Low', 'Moderate', 'High']")}}
  {'type': 'get_attribute_error', 'loc': ('response', 9, 'herb'), 'msg': "Error extracting attribute: MissingGreenlet: greenlet_spawn has not been called; can't call await_only() here. Was IO attempted in an unexpected place? (Background on this error at: https://sqlalche.me/e/20/xd2s)", 'input': <app.db.models.interaction.Interaction object at 0x6fff99091e80>, 'ctx': {'error': "MissingGreenlet: greenlet_spawn has not been called; can't call await_only() here. Was IO attempted in an unexpected place? (Background on this error at: https://sqlalche.me/e/20/xd2s)"}}
  {'type': 'get_attribute_error', 'loc': ('response', 9, 'drug'), 'msg': "Error extracting attribute: MissingGreenlet: greenlet_spawn has not been called; can't call await_only() here. Was IO attempted in an unexpected place? (Background on this error at: https://sqlalche.me/e/20/xd2s)", 'input': <app.db.models.interaction.Interaction object at 0x6fff99091e80>, 'ctx': {'error': "MissingGreenlet: greenlet_spawn has not been called; can't call await_only() here. Was IO attempted in an unexpected place? (Background on this error at: https://sqlalche.me/e/20/xd2s)"}}
  {'type': 'value_error', 'loc': ('response', 10, 'risk_level'), 'msg': "Value error, risk_level must be one of ['Low', 'Moderate', 'High']", 'input': 'MODERATE', 'ctx': {'error': ValueError("risk_level must be one of ['Low', 'Moderate', 'High']")}}
  {'type': 'get_attribute_error', 'loc': ('response', 10, 'herb'), 'msg': "Error extracting attribute: MissingGreenlet: greenlet_spawn has not been called; can't call await_only() here. Was IO attempted in an unexpected place? (Background on this error at: https://sqlalche.me/e/20/xd2s)", 'input': <app.db.models.interaction.Interaction object at 0x6fff99091eb0>, 'ctx': {'error': "MissingGreenlet: greenlet_spawn has not been called; can't call await_only() here. Was IO attempted in an unexpected place? (Background on this error at: https://sqlalche.me/e/20/xd2s)"}}
  {'type': 'get_attribute_error', 'loc': ('response', 10, 'drug'), 'msg': "Error extracting attribute: MissingGreenlet: greenlet_spawn has not been called; can't call await_only() here. Was IO attempted in an unexpected place? (Background on this error at: https://sqlalche.me/e/20/xd2s)", 'input': <app.db.models.interaction.Interaction object at 0x6fff99091eb0>, 'ctx': {'error': "MissingGreenlet: greenlet_spawn has not been called; can't call await_only() here. Was IO attempted in an unexpected place? (Background on this error at: https://sqlalche.me/e/20/xd2s)"}}
  {'type': 'value_error', 'loc': ('response', 11, 'risk_level'), 'msg': "Value error, risk_level must be one of ['Low', 'Moderate', 'High']", 'input': 'MODERATE', 'ctx': {'error': ValueError("risk_level must be one of ['Low', 'Moderate', 'High']")}}
  {'type': 'get_attribute_error', 'loc': ('response', 11, 'herb'), 'msg': "Error extracting attribute: MissingGreenlet: greenlet_spawn has not been called; can't call await_only() here. Was IO attempted in an unexpected place? (Background on this error at: https://sqlalche.me/e/20/xd2s)", 'input': <app.db.models.interaction.Interaction object at 0x6fff99091ee0>, 'ctx': {'error': "MissingGreenlet: greenlet_spawn has not been called; can't call await_only() here. Was IO attempted in an unexpected place? (Background on this error at: https://sqlalche.me/e/20/xd2s)"}}
  {'type': 'get_attribute_error', 'loc': ('response', 11, 'drug'), 'msg': "Error extracting attribute: MissingGreenlet: greenlet_spawn has not been called; can't call await_only() here. Was IO attempted in an unexpected place? (Background on this error at: https://sqlalche.me/e/20/xd2s)", 'input': <app.db.models.interaction.Interaction object at 0x6fff99091ee0>, 'ctx': {'error': "MissingGreenlet: greenlet_spawn has not been called; can't call await_only() here. Was IO attempted in an unexpected place? (Background on this error at: https://sqlalche.me/e/20/xd2s)"}}
  {'type': 'value_error', 'loc': ('response', 12, 'risk_level'), 'msg': "Value error, risk_level must be one of ['Low', 'Moderate', 'High']", 'input': 'MODERATE', 'ctx': {'error': ValueError("risk_level must be one of ['Low', 'Moderate', 'High']")}}
  {'type': 'get_attribute_error', 'loc': ('response', 12, 'herb'), 'msg': "Error extracting attribute: MissingGreenlet: greenlet_spawn has not been called; can't call await_only() here. Was IO attempted in an unexpected place? (Background on this error at: https://sqlalche.me/e/20/xd2s)", 'input': <app.db.models.interaction.Interaction object at 0x6fff99091f10>, 'ctx': {'error': "MissingGreenlet: greenlet_spawn has not been called; can't call await_only() here. Was IO attempted in an unexpected place? (Background on this error at: https://sqlalche.me/e/20/xd2s)"}}
  {'type': 'get_attribute_error', 'loc': ('response', 12, 'drug'), 'msg': "Error extracting attribute: MissingGreenlet: greenlet_spawn has not been called; can't call await_only() here. Was IO attempted in an unexpected place? (Background on this error at: https://sqlalche.me/e/20/xd2s)", 'input': <app.db.models.interaction.Interaction object at 0x6fff99091f10>, 'ctx': {'error': "MissingGreenlet: greenlet_spawn has not been called; can't call await_only() here. Was IO attempted in an unexpected place? (Background on this error at: https://sqlalche.me/e/20/xd2s)"}}
  {'type': 'value_error', 'loc': ('response', 13, 'risk_level'), 'msg': "Value error, risk_level must be one of ['Low', 'Moderate', 'High']", 'input': 'MODERATE', 'ctx': {'error': ValueError("risk_level must be one of ['Low', 'Moderate', 'High']")}}
  {'type': 'get_attribute_error', 'loc': ('response', 13, 'herb'), 'msg': "Error extracting attribute: MissingGreenlet: greenlet_spawn has not been called; can't call await_only() here. Was IO attempted in an unexpected place? (Background on this error at: https://sqlalche.me/e/20/xd2s)", 'input': <app.db.models.interaction.Interaction object at 0x6fff99091f40>, 'ctx': {'error': "MissingGreenlet: greenlet_spawn has not been called; can't call await_only() here. Was IO attempted in an unexpected place? (Background on this error at: https://sqlalche.me/e/20/xd2s)"}}
  {'type': 'get_attribute_error', 'loc': ('response', 13, 'drug'), 'msg': "Error extracting attribute: MissingGreenlet: greenlet_spawn has not been called; can't call await_only() here. Was IO attempted in an unexpected place? (Background on this error at: https://sqlalche.me/e/20/xd2s)", 'input': <app.db.models.interaction.Interaction object at 0x6fff99091f40>, 'ctx': {'error': "MissingGreenlet: greenlet_spawn has not been called; can't call await_only() here. Was IO attempted in an unexpected place? (Background on this error at: https://sqlalche.me/e/20/xd2s)"}}
  {'type': 'value_error', 'loc': ('response', 14, 'risk_level'), 'msg': "Value error, risk_level must be one of ['Low', 'Moderate', 'High']", 'input': 'MODERATE', 'ctx': {'error': ValueError("risk_level must be one of ['Low', 'Moderate', 'High']")}}
  {'type': 'get_attribute_error', 'loc': ('response', 14, 'herb'), 'msg': "Error extracting attribute: MissingGreenlet: greenlet_spawn has not been called; can't call await_only() here. Was IO attempted in an unexpected place? (Background on this error at: https://sqlalche.me/e/20/xd2s)", 'input': <app.db.models.interaction.Interaction object at 0x6fff99091f70>, 'ctx': {'error': "MissingGreenlet: greenlet_spawn has not been called; can't call await_only() here. Was IO attempted in an unexpected place? (Background on this error at: https://sqlalche.me/e/20/xd2s)"}}
  {'type': 'get_attribute_error', 'loc': ('response', 14, 'drug'), 'msg': "Error extracting attribute: MissingGreenlet: greenlet_spawn has not been called; can't call await_only() here. Was IO attempted in an unexpected place? (Background on this error at: https://sqlalche.me/e/20/xd2s)", 'input': <app.db.models.interaction.Interaction object at 0x6fff99091f70>, 'ctx': {'error': "MissingGreenlet: greenlet_spawn has not been called; can't call await_only() here. Was IO attempted in an unexpected place? (Background on this error at: https://sqlalche.me/e/20/xd2s)"}}
  {'type': 'value_error', 'loc': ('response', 15, 'risk_level'), 'msg': "Value error, risk_level must be one of ['Low', 'Moderate', 'High']", 'input': 'MODERATE', 'ctx': {'error': ValueError("risk_level must be one of ['Low', 'Moderate', 'High']")}}
  {'type': 'get_attribute_error', 'loc': ('response', 15, 'herb'), 'msg': "Error extracting attribute: MissingGreenlet: greenlet_spawn has not been called; can't call await_only() here. Was IO attempted in an unexpected place? (Background on this error at: https://sqlalche.me/e/20/xd2s)", 'input': <app.db.models.interaction.Interaction object at 0x6fff99091fd0>, 'ctx': {'error': "MissingGreenlet: greenlet_spawn has not been called; can't call await_only() here. Was IO attempted in an unexpected place? (Background on this error at: https://sqlalche.me/e/20/xd2s)"}}
  {'type': 'get_attribute_error', 'loc': ('response', 15, 'drug'), 'msg': "Error extracting attribute: MissingGreenlet: greenlet_spawn has not been called; can't call await_only() here. Was IO attempted in an unexpected place? (Background on this error at: https://sqlalche.me/e/20/xd2s)", 'input': <app.db.models.interaction.Interaction object at 0x6fff99091fd0>, 'ctx': {'error': "MissingGreenlet: greenlet_spawn has not been called; can't call await_only() here. Was IO attempted in an unexpected place? (Background on this error at: https://sqlalche.me/e/20/xd2s)"}}
  {'type': 'value_error', 'loc': ('response', 16, 'risk_level'), 'msg': "Value error, risk_level must be one of ['Low', 'Moderate', 'High']", 'input': 'HIGH', 'ctx': {'error': ValueError("risk_level must be one of ['Low', 'Moderate', 'High']")}}
  {'type': 'get_attribute_error', 'loc': ('response', 16, 'herb'), 'msg': "Error extracting attribute: MissingGreenlet: greenlet_spawn has not been called; can't call await_only() here. Was IO attempted in an unexpected place? (Background on this error at: https://sqlalche.me/e/20/xd2s)", 'input': <app.db.models.interaction.Interaction object at 0x6fff99092030>, 'ctx': {'error': "MissingGreenlet: greenlet_spawn has not been called; can't call await_only() here. Was IO attempted in an unexpected place? (Background on this error at: https://sqlalche.me/e/20/xd2s)"}}
  {'type': 'get_attribute_error', 'loc': ('response', 16, 'drug'), 'msg': "Error extracting attribute: MissingGreenlet: greenlet_spawn has not been called; can't call await_only() here. Was IO attempted in an unexpected place? (Background on this error at: https://sqlalche.me/e/20/xd2s)", 'input': <app.db.models.interaction.Interaction object at 0x6fff99092030>, 'ctx': {'error': "MissingGreenlet: greenlet_spawn has not been called; can't call await_only() here. Was IO attempted in an unexpected place? (Background on this error at: https://sqlalche.me/e/20/xd2s)"}}
  {'type': 'value_error', 'loc': ('response', 17, 'risk_level'), 'msg': "Value error, risk_level must be one of ['Low', 'Moderate', 'High']", 'input': 'MODERATE', 'ctx': {'error': ValueError("risk_level must be one of ['Low', 'Moderate', 'High']")}}
  {'type': 'get_attribute_error', 'loc': ('response', 17, 'herb'), 'msg': "Error extracting attribute: MissingGreenlet: greenlet_spawn has not been called; can't call await_only() here. Was IO attempted in an unexpected place? (Background on this error at: https://sqlalche.me/e/20/xd2s)", 'input': <app.db.models.interaction.Interaction object at 0x6fff99092090>, 'ctx': {'error': "MissingGreenlet: greenlet_spawn has not been called; can't call await_only() here. Was IO attempted in an unexpected place? (Background on this error at: https://sqlalche.me/e/20/xd2s)"}}
  {'type': 'get_attribute_error', 'loc': ('response', 17, 'drug'), 'msg': "Error extracting attribute: MissingGreenlet: greenlet_spawn has not been called; can't call await_only() here. Was IO attempted in an unexpected place? (Background on this error at: https://sqlalche.me/e/20/xd2s)", 'input': <app.db.models.interaction.Interaction object at 0x6fff99092090>, 'ctx': {'error': "MissingGreenlet: greenlet_spawn has not been called; can't call await_only() here. Was IO attempted in an unexpected place? (Background on this error at: https://sqlalche.me/e/20/xd2s)"}}
  {'type': 'value_error', 'loc': ('response', 18, 'risk_level'), 'msg': "Value error, risk_level must be one of ['Low', 'Moderate', 'High']", 'input': 'LOW', 'ctx': {'error': ValueError("risk_level must be one of ['Low', 'Moderate', 'High']")}}
  {'type': 'get_attribute_error', 'loc': ('response', 18, 'herb'), 'msg': "Error extracting attribute: MissingGreenlet: greenlet_spawn has not been called; can't call await_only() here. Was IO attempted in an unexpected place? (Background on this error at: https://sqlalche.me/e/20/xd2s)", 'input': <app.db.models.interaction.Interaction object at 0x6fff990920f0>, 'ctx': {'error': "MissingGreenlet: greenlet_spawn has not been called; can't call await_only() here. Was IO attempted in an unexpected place? (Background on this error at: https://sqlalche.me/e/20/xd2s)"}}
  {'type': 'get_attribute_error', 'loc': ('response', 18, 'drug'), 'msg': "Error extracting attribute: MissingGreenlet: greenlet_spawn has not been called; can't call await_only() here. Was IO attempted in an unexpected place? (Background on this error at: https://sqlalche.me/e/20/xd2s)", 'input': <app.db.models.interaction.Interaction object at 0x6fff990920f0>, 'ctx': {'error': "MissingGreenlet: greenlet_spawn has not been called; can't call await_only() here. Was IO attempted in an unexpected place? (Background on this error at: https://sqlalche.me/e/20/xd2s)"}}
  {'type': 'value_error', 'loc': ('response', 19, 'risk_level'), 'msg': "Value error, risk_level must be one of ['Low', 'Moderate', 'High']", 'input': 'LOW', 'ctx': {'error': ValueError("risk_level must be one of ['Low', 'Moderate', 'High']")}}
  {'type': 'get_attribute_error', 'loc': ('response', 19, 'herb'), 'msg': "Error extracting attribute: MissingGreenlet: greenlet_spawn has not been called; can't call await_only() here. Was IO attempted in an unexpected place? (Background on this error at: https://sqlalche.me/e/20/xd2s)", 'input': <app.db.models.interaction.Interaction object at 0x6fff99092150>, 'ctx': {'error': "MissingGreenlet: greenlet_spawn has not been called; can't call await_only() here. Was IO attempted in an unexpected place? (Background on this error at: https://sqlalche.me/e/20/xd2s)"}}
  {'type': 'get_attribute_error', 'loc': ('response', 19, 'drug'), 'msg': "Error extracting attribute: MissingGreenlet: greenlet_spawn has not been called; can't call await_only() here. Was IO attempted in an unexpected place? (Background on this error at: https://sqlalche.me/e/20/xd2s)", 'input': <app.db.models.interaction.Interaction object at 0x6fff99092150>, 'ctx': {'error': "MissingGreenlet: greenlet_spawn has not been called; can't call await_only() here. Was IO attempted in an unexpected place? (Background on this error at: https://sqlalche.me/e/20/xd2s)"}}
  {'type': 'value_error', 'loc': ('response', 20, 'risk_level'), 'msg': "Value error, risk_level must be one of ['Low', 'Moderate', 'High']", 'input': 'MODERATE', 'ctx': {'error': ValueError("risk_level must be one of ['Low', 'Moderate', 'High']")}}
  {'type': 'get_attribute_error', 'loc': ('response', 20, 'herb'), 'msg': "Error extracting attribute: MissingGreenlet: greenlet_spawn has not been called; can't call await_only() here. Was IO attempted in an unexpected place? (Background on this error at: https://sqlalche.me/e/20/xd2s)", 'input': <app.db.models.interaction.Interaction object at 0x6fff990921b0>, 'ctx': {'error': "MissingGreenlet: greenlet_spawn has not been called; can't call await_only() here. Was IO attempted in an unexpected place? (Background on this error at: https://sqlalche.me/e/20/xd2s)"}}
  {'type': 'get_attribute_error', 'loc': ('response', 20, 'drug'), 'msg': "Error extracting attribute: MissingGreenlet: greenlet_spawn has not been called; can't call await_only() here. Was IO attempted in an unexpected place? (Background on this error at: https://sqlalche.me/e/20/xd2s)", 'input': <app.db.models.interaction.Interaction object at 0x6fff990921b0>, 'ctx': {'error': "MissingGreenlet: greenlet_spawn has not been called; can't call await_only() here. Was IO attempted in an unexpected place? (Background on this error at: https://sqlalche.me/e/20/xd2s)"}}
  {'type': 'value_error', 'loc': ('response', 21, 'risk_level'), 'msg': "Value error, risk_level must be one of ['Low', 'Moderate', 'High']", 'input': 'MODERATE', 'ctx': {'error': ValueError("risk_level must be one of ['Low', 'Moderate', 'High']")}}
  {'type': 'get_attribute_error', 'loc': ('response', 21, 'herb'), 'msg': "Error extracting attribute: MissingGreenlet: greenlet_spawn has not been called; can't call await_only() here. Was IO attempted in an unexpected place? (Background on this error at: https://sqlalche.me/e/20/xd2s)", 'input': <app.db.models.interaction.Interaction object at 0x6fff99092210>, 'ctx': {'error': "MissingGreenlet: greenlet_spawn has not been called; can't call await_only() here. Was IO attempted in an unexpected place? (Background on this error at: https://sqlalche.me/e/20/xd2s)"}}
  {'type': 'get_attribute_error', 'loc': ('response', 21, 'drug'), 'msg': "Error extracting attribute: MissingGreenlet: greenlet_spawn has not been called; can't call await_only() here. Was IO attempted in an unexpected place? (Background on this error at: https://sqlalche.me/e/20/xd2s)", 'input': <app.db.models.interaction.Interaction object at 0x6fff99092210>, 'ctx': {'error': "MissingGreenlet: greenlet_spawn has not been called; can't call await_only() here. Was IO attempted in an unexpected place? (Background on this error at: https://sqlalche.me/e/20/xd2s)"}}
  {'type': 'value_error', 'loc': ('response', 22, 'risk_level'), 'msg': "Value error, risk_level must be one of ['Low', 'Moderate', 'High']", 'input': 'MODERATE', 'ctx': {'error': ValueError("risk_level must be one of ['Low', 'Moderate', 'High']")}}
  {'type': 'get_attribute_error', 'loc': ('response', 22, 'herb'), 'msg': "Error extracting attribute: MissingGreenlet: greenlet_spawn has not been called; can't call await_only() here. Was IO attempted in an unexpected place? (Background on this error at: https://sqlalche.me/e/20/xd2s)", 'input': <app.db.models.interaction.Interaction object at 0x6fff99092270>, 'ctx': {'error': "MissingGreenlet: greenlet_spawn has not been called; can't call await_only() here. Was IO attempted in an unexpected place? (Background on this error at: https://sqlalche.me/e/20/xd2s)"}}
  {'type': 'get_attribute_error', 'loc': ('response', 22, 'drug'), 'msg': "Error extracting attribute: MissingGreenlet: greenlet_spawn has not been called; can't call await_only() here. Was IO attempted in an unexpected place? (Background on this error at: https://sqlalche.me/e/20/xd2s)", 'input': <app.db.models.interaction.Interaction object at 0x6fff99092270>, 'ctx': {'error': "MissingGreenlet: greenlet_spawn has not been called; can't call await_only() here. Was IO attempted in an unexpected place? (Background on this error at: https://sqlalche.me/e/20/xd2s)"}}
  {'type': 'value_error', 'loc': ('response', 23, 'risk_level'), 'msg': "Value error, risk_level must be one of ['Low', 'Moderate', 'High']", 'input': 'MODERATE', 'ctx': {'error': ValueError("risk_level must be one of ['Low', 'Moderate', 'High']")}}
  {'type': 'get_attribute_error', 'loc': ('response', 23, 'herb'), 'msg': "Error extracting attribute: MissingGreenlet: greenlet_spawn has not been called; can't call await_only() here. Was IO attempted in an unexpected place? (Background on this error at: https://sqlalche.me/e/20/xd2s)", 'input': <app.db.models.interaction.Interaction object at 0x6fff990922d0>, 'ctx': {'error': "MissingGreenlet: greenlet_spawn has not been called; can't call await_only() here. Was IO attempted in an unexpected place? (Background on this error at: https://sqlalche.me/e/20/xd2s)"}}
  {'type': 'get_attribute_error', 'loc': ('response', 23, 'drug'), 'msg': "Error extracting attribute: MissingGreenlet: greenlet_spawn has not been called; can't call await_only() here. Was IO attempted in an unexpected place? (Background on this error at: https://sqlalche.me/e/20/xd2s)", 'input': <app.db.models.interaction.Interaction object at 0x6fff990922d0>, 'ctx': {'error': "MissingGreenlet: greenlet_spawn has not been called; can't call await_only() here. Was IO attempted in an unexpected place? (Background on this error at: https://sqlalche.me/e/20/xd2s)"}}
  {'type': 'value_error', 'loc': ('response', 24, 'risk_level'), 'msg': "Value error, risk_level must be one of ['Low', 'Moderate', 'High']", 'input': 'HIGH', 'ctx': {'error': ValueError("risk_level must be one of ['Low', 'Moderate', 'High']")}}
  {'type': 'get_attribute_error', 'loc': ('response', 24, 'herb'), 'msg': "Error extracting attribute: MissingGreenlet: greenlet_spawn has not been called; can't call await_only() here. Was IO attempted in an unexpected place? (Background on this error at: https://sqlalche.me/e/20/xd2s)", 'input': <app.db.models.interaction.Interaction object at 0x6fff99092330>, 'ctx': {'error': "MissingGreenlet: greenlet_spawn has not been called; can't call await_only() here. Was IO attempted in an unexpected place? (Background on this error at: https://sqlalche.me/e/20/xd2s)"}}
  {'type': 'get_attribute_error', 'loc': ('response', 24, 'drug'), 'msg': "Error extracting attribute: MissingGreenlet: greenlet_spawn has not been called; can't call await_only() here. Was IO attempted in an unexpected place? (Background on this error at: https://sqlalche.me/e/20/xd2s)", 'input': <app.db.models.interaction.Interaction object at 0x6fff99092330>, 'ctx': {'error': "MissingGreenlet: greenlet_spawn has not been called; can't call await_only() here. Was IO attempted in an unexpected place? (Background on this error at: https://sqlalche.me/e/20/xd2s)"}}
  {'type': 'value_error', 'loc': ('response', 25, 'risk_level'), 'msg': "Value error, risk_level must be one of ['Low', 'Moderate', 'High']", 'input': 'MODERATE', 'ctx': {'error': ValueError("risk_level must be one of ['Low', 'Moderate', 'High']")}}
  {'type': 'get_attribute_error', 'loc': ('response', 25, 'herb'), 'msg': "Error extracting attribute: MissingGreenlet: greenlet_spawn has not been called; can't call await_only() here. Was IO attempted in an unexpected place? (Background on this error at: https://sqlalche.me/e/20/xd2s)", 'input': <app.db.models.interaction.Interaction object at 0x6fff99092390>, 'ctx': {'error': "MissingGreenlet: greenlet_spawn has not been called; can't call await_only() here. Was IO attempted in an unexpected place? (Background on this error at: https://sqlalche.me/e/20/xd2s)"}}
  {'type': 'get_attribute_error', 'loc': ('response', 25, 'drug'), 'msg': "Error extracting attribute: MissingGreenlet: greenlet_spawn has not been called; can't call await_only() here. Was IO attempted in an unexpected place? (Background on this error at: https://sqlalche.me/e/20/xd2s)", 'input': <app.db.models.interaction.Interaction object at 0x6fff99092390>, 'ctx': {'error': "MissingGreenlet: greenlet_spawn has not been called; can't call await_only() here. Was IO attempted in an unexpected place? (Background on this error at: https://sqlalche.me/e/20/xd2s)"}}
  {'type': 'value_error', 'loc': ('response', 26, 'risk_level'), 'msg': "Value error, risk_level must be one of ['Low', 'Moderate', 'High']", 'input': 'MODERATE', 'ctx': {'error': ValueError("risk_level must be one of ['Low', 'Moderate', 'High']")}}
  {'type': 'get_attribute_error', 'loc': ('response', 26, 'herb'), 'msg': "Error extracting attribute: MissingGreenlet: greenlet_spawn has not been called; can't call await_only() here. Was IO attempted in an unexpected place? (Background on this error at: https://sqlalche.me/e/20/xd2s)", 'input': <app.db.models.interaction.Interaction object at 0x6fff990923f0>, 'ctx': {'error': "MissingGreenlet: greenlet_spawn has not been called; can't call await_only() here. Was IO attempted in an unexpected place? (Background on this error at: https://sqlalche.me/e/20/xd2s)"}}
  {'type': 'get_attribute_error', 'loc': ('response', 26, 'drug'), 'msg': "Error extracting attribute: MissingGreenlet: greenlet_spawn has not been called; can't call await_only() here. Was IO attempted in an unexpected place? (Background on this error at: https://sqlalche.me/e/20/xd2s)", 'input': <app.db.models.interaction.Interaction object at 0x6fff990923f0>, 'ctx': {'error': "MissingGreenlet: greenlet_spawn has not been called; can't call await_only() here. Was IO attempted in an unexpected place? (Background on this error at: https://sqlalche.me/e/20/xd2s)"}}
  {'type': 'value_error', 'loc': ('response', 27, 'risk_level'), 'msg': "Value error, risk_level must be one of ['Low', 'Moderate', 'High']", 'input': 'HIGH', 'ctx': {'error': ValueError("risk_level must be one of ['Low', 'Moderate', 'High']")}}
  {'type': 'get_attribute_error', 'loc': ('response', 27, 'herb'), 'msg': "Error extracting attribute: MissingGreenlet: greenlet_spawn has not been called; can't call await_only() here. Was IO attempted in an unexpected place? (Background on this error at: https://sqlalche.me/e/20/xd2s)", 'input': <app.db.models.interaction.Interaction object at 0x6fff99092450>, 'ctx': {'error': "MissingGreenlet: greenlet_spawn has not been called; can't call await_only() here. Was IO attempted in an unexpected place? (Background on this error at: https://sqlalche.me/e/20/xd2s)"}}
  {'type': 'get_attribute_error', 'loc': ('response', 27, 'drug'), 'msg': "Error extracting attribute: MissingGreenlet: greenlet_spawn has not been called; can't call await_only() here. Was IO attempted in an unexpected place? (Background on this error at: https://sqlalche.me/e/20/xd2s)", 'input': <app.db.models.interaction.Interaction object at 0x6fff99092450>, 'ctx': {'error': "MissingGreenlet: greenlet_spawn has not been called; can't call await_only() here. Was IO attempted in an unexpected place? (Background on this error at: https://sqlalche.me/e/20/xd2s)"}}
  {'type': 'value_error', 'loc': ('response', 28, 'risk_level'), 'msg': "Value error, risk_level must be one of ['Low', 'Moderate', 'High']", 'input': 'LOW', 'ctx': {'error': ValueError("risk_level must be one of ['Low', 'Moderate', 'High']")}}
  {'type': 'get_attribute_error', 'loc': ('response', 28, 'herb'), 'msg': "Error extracting attribute: MissingGreenlet: greenlet_spawn has not been called; can't call await_only() here. Was IO attempted in an unexpected place? (Background on this error at: https://sqlalche.me/e/20/xd2s)", 'input': <app.db.models.interaction.Interaction object at 0x6fff990924b0>, 'ctx': {'error': "MissingGreenlet: greenlet_spawn has not been called; can't call await_only() here. Was IO attempted in an unexpected place? (Background on this error at: https://sqlalche.me/e/20/xd2s)"}}
  {'type': 'get_attribute_error', 'loc': ('response', 28, 'drug'), 'msg': "Error extracting attribute: MissingGreenlet: greenlet_spawn has not been called; can't call await_only() here. Was IO attempted in an unexpected place? (Background on this error at: https://sqlalche.me/e/20/xd2s)", 'input': <app.db.models.interaction.Interaction object at 0x6fff990924b0>, 'ctx': {'error': "MissingGreenlet: greenlet_spawn has not been called; can't call await_only() here. Was IO attempted in an unexpected place? (Background on this error at: https://sqlalche.me/e/20/xd2s)"}}
  {'type': 'value_error', 'loc': ('response', 29, 'risk_level'), 'msg': "Value error, risk_level must be one of ['Low', 'Moderate', 'High']", 'input': 'MODERATE', 'ctx': {'error': ValueError("risk_level must be one of ['Low', 'Moderate', 'High']")}}
  {'type': 'get_attribute_error', 'loc': ('response', 29, 'herb'), 'msg': "Error extracting attribute: MissingGreenlet: greenlet_spawn has not been called; can't call await_only() here. Was IO attempted in an unexpected place? (Background on this error at: https://sqlalche.me/e/20/xd2s)", 'input': <app.db.models.interaction.Interaction object at 0x6fff99092510>, 'ctx': {'error': "MissingGreenlet: greenlet_spawn has not been called; can't call await_only() here. Was IO attempted in an unexpected place? (Background on this error at: https://sqlalche.me/e/20/xd2s)"}}
  {'type': 'get_attribute_error', 'loc': ('response', 29, 'drug'), 'msg': "Error extracting attribute: MissingGreenlet: greenlet_spawn has not been called; can't call await_only() here. Was IO attempted in an unexpected place? (Background on this error at: https://sqlalche.me/e/20/xd2s)", 'input': <app.db.models.interaction.Interaction object at 0x6fff99092510>, 'ctx': {'error': "MissingGreenlet: greenlet_spawn has not been called; can't call await_only() here. Was IO attempted in an unexpected place? (Background on this error at: https://sqlalche.me/e/20/xd2s)"}}
  {'type': 'value_error', 'loc': ('response', 30, 'risk_level'), 'msg': "Value error, risk_level must be one of ['Low', 'Moderate', 'High']", 'input': 'MODERATE', 'ctx': {'error': ValueError("risk_level must be one of ['Low', 'Moderate', 'High']")}}
  {'type': 'get_attribute_error', 'loc': ('response', 30, 'herb'), 'msg': "Error extracting attribute: MissingGreenlet: greenlet_spawn has not been called; can't call await_only() here. Was IO attempted in an unexpected place? (Background on this error at: https://sqlalche.me/e/20/xd2s)", 'input': <app.db.models.interaction.Interaction object at 0x6fff99092570>, 'ctx': {'error': "MissingGreenlet: greenlet_spawn has not been called; can't call await_only() here. Was IO attempted in an unexpected place? (Background on this error at: https://sqlalche.me/e/20/xd2s)"}}
  {'type': 'get_attribute_error', 'loc': ('response', 30, 'drug'), 'msg': "Error extracting attribute: MissingGreenlet: greenlet_spawn has not been called; can't call await_only() here. Was IO attempted in an unexpected place? (Background on this error at: https://sqlalche.me/e/20/xd2s)", 'input': <app.db.models.interaction.Interaction object at 0x6fff99092570>, 'ctx': {'error': "MissingGreenlet: greenlet_spawn has not been called; can't call await_only() here. Was IO attempted in an unexpected place? (Background on this error at: https://sqlalche.me/e/20/xd2s)"}}
  {'type': 'value_error', 'loc': ('response', 31, 'risk_level'), 'msg': "Value error, risk_level must be one of ['Low', 'Moderate', 'High']", 'input': 'MODERATE', 'ctx': {'error': ValueError("risk_level must be one of ['Low', 'Moderate', 'High']")}}
  {'type': 'get_attribute_error', 'loc': ('response', 31, 'herb'), 'msg': "Error extracting attribute: MissingGreenlet: greenlet_spawn has not been called; can't call await_only() here. Was IO attempted in an unexpected place? (Background on this error at: https://sqlalche.me/e/20/xd2s)", 'input': <app.db.models.interaction.Interaction object at 0x6fff990925d0>, 'ctx': {'error': "MissingGreenlet: greenlet_spawn has not been called; can't call await_only() here. Was IO attempted in an unexpected place? (Background on this error at: https://sqlalche.me/e/20/xd2s)"}}
  {'type': 'get_attribute_error', 'loc': ('response', 31, 'drug'), 'msg': "Error extracting attribute: MissingGreenlet: greenlet_spawn has not been called; can't call await_only() here. Was IO attempted in an unexpected place? (Background on this error at: https://sqlalche.me/e/20/xd2s)", 'input': <app.db.models.interaction.Interaction object at 0x6fff990925d0>, 'ctx': {'error': "MissingGreenlet: greenlet_spawn has not been called; can't call await_only() here. Was IO attempted in an unexpected place? (Background on this error at: https://sqlalche.me/e/20/xd2s)"}}
  {'type': 'value_error', 'loc': ('response', 32, 'risk_level'), 'msg': "Value error, risk_level must be one of ['Low', 'Moderate', 'High']", 'input': 'MODERATE', 'ctx': {'error': ValueError("risk_level must be one of ['Low', 'Moderate', 'High']")}}
  {'type': 'get_attribute_error', 'loc': ('response', 32, 'herb'), 'msg': "Error extracting attribute: MissingGreenlet: greenlet_spawn has not been called; can't call await_only() here. Was IO attempted in an unexpected place? (Background on this error at: https://sqlalche.me/e/20/xd2s)", 'input': <app.db.models.interaction.Interaction object at 0x6fff99092630>, 'ctx': {'error': "MissingGreenlet: greenlet_spawn has not been called; can't call await_only() here. Was IO attempted in an unexpected place? (Background on this error at: https://sqlalche.me/e/20/xd2s)"}}
  {'type': 'get_attribute_error', 'loc': ('response', 32, 'drug'), 'msg': "Error extracting attribute: MissingGreenlet: greenlet_spawn has not been called; can't call await_only() here. Was IO attempted in an unexpected place? (Background on this error at: https://sqlalche.me/e/20/xd2s)", 'input': <app.db.models.interaction.Interaction object at 0x6fff99092630>, 'ctx': {'error': "MissingGreenlet: greenlet_spawn has not been called; can't call await_only() here. Was IO attempted in an unexpected place? (Background on this error at: https://sqlalche.me/e/20/xd2s)"}}
  {'type': 'value_error', 'loc': ('response', 33, 'risk_level'), 'msg': "Value error, risk_level must be one of ['Low', 'Moderate', 'High']", 'input': 'MODERATE', 'ctx': {'error': ValueError("risk_level must be one of ['Low', 'Moderate', 'High']")}}
  {'type': 'get_attribute_error', 'loc': ('response', 33, 'herb'), 'msg': "Error extracting attribute: MissingGreenlet: greenlet_spawn has not been called; can't call await_only() here. Was IO attempted in an unexpected place? (Background on this error at: https://sqlalche.me/e/20/xd2s)", 'input': <app.db.models.interaction.Interaction object at 0x6fff99092690>, 'ctx': {'error': "MissingGreenlet: greenlet_spawn has not been called; can't call await_only() here. Was IO attempted in an unexpected place? (Background on this error at: https://sqlalche.me/e/20/xd2s)"}}
  {'type': 'get_attribute_error', 'loc': ('response', 33, 'drug'), 'msg': "Error extracting attribute: MissingGreenlet: greenlet_spawn has not been called; can't call await_only() here. Was IO attempted in an unexpected place? (Background on this error at: https://sqlalche.me/e/20/xd2s)", 'input': <app.db.models.interaction.Interaction object at 0x6fff99092690>, 'ctx': {'error': "MissingGreenlet: greenlet_spawn has not been called; can't call await_only() here. Was IO attempted in an unexpected place? (Background on this error at: https://sqlalche.me/e/20/xd2s)"}}
  {'type': 'value_error', 'loc': ('response', 34, 'risk_level'), 'msg': "Value error, risk_level must be one of ['Low', 'Moderate', 'High']", 'input': 'MODERATE', 'ctx': {'error': ValueError("risk_level must be one of ['Low', 'Moderate', 'High']")}}
  {'type': 'get_attribute_error', 'loc': ('response', 34, 'herb'), 'msg': "Error extracting attribute: MissingGreenlet: greenlet_spawn has not been called; can't call await_only() here. Was IO attempted in an unexpected place? (Background on this error at: https://sqlalche.me/e/20/xd2s)", 'input': <app.db.models.interaction.Interaction object at 0x6fff990926f0>, 'ctx': {'error': "MissingGreenlet: greenlet_spawn has not been called; can't call await_only() here. Was IO attempted in an unexpected place? (Background on this error at: https://sqlalche.me/e/20/xd2s)"}}
  {'type': 'get_attribute_error', 'loc': ('response', 34, 'drug'), 'msg': "Error extracting attribute: MissingGreenlet: greenlet_spawn has not been called; can't call await_only() here. Was IO attempted in an unexpected place? (Background on this error at: https://sqlalche.me/e/20/xd2s)", 'input': <app.db.models.interaction.Interaction object at 0x6fff990926f0>, 'ctx': {'error': "MissingGreenlet: greenlet_spawn has not been called; can't call await_only() here. Was IO attempted in an unexpected place? (Background on this error at: https://sqlalche.me/e/20/xd2s)"}}
  {'type': 'value_error', 'loc': ('response', 35, 'risk_level'), 'msg': "Value error, risk_level must be one of ['Low', 'Moderate', 'High']", 'input': 'MODERATE', 'ctx': {'error': ValueError("risk_level must be one of ['Low', 'Moderate', 'High']")}}
  {'type': 'get_attribute_error', 'loc': ('response', 35, 'herb'), 'msg': "Error extracting attribute: MissingGreenlet: greenlet_spawn has not been called; can't call await_only() here. Was IO attempted in an unexpected place? (Background on this error at: https://sqlalche.me/e/20/xd2s)", 'input': <app.db.models.interaction.Interaction object at 0x6fff99092750>, 'ctx': {'error': "MissingGreenlet: greenlet_spawn has not been called; can't call await_only() here. Was IO attempted in an unexpected place? (Background on this error at: https://sqlalche.me/e/20/xd2s)"}}
  {'type': 'get_attribute_error', 'loc': ('response', 35, 'drug'), 'msg': "Error extracting attribute: MissingGreenlet: greenlet_spawn has not been called; can't call await_only() here. Was IO attempted in an unexpected place? (Background on this error at: https://sqlalche.me/e/20/xd2s)", 'input': <app.db.models.interaction.Interaction object at 0x6fff99092750>, 'ctx': {'error': "MissingGreenlet: greenlet_spawn has not been called; can't call await_only() here. Was IO attempted in an unexpected place? (Background on this error at: https://sqlalche.me/e/20/xd2s)"}}
  {'type': 'value_error', 'loc': ('response', 36, 'risk_level'), 'msg': "Value error, risk_level must be one of ['Low', 'Moderate', 'High']", 'input': 'HIGH', 'ctx': {'error': ValueError("risk_level must be one of ['Low', 'Moderate', 'High']")}}
  {'type': 'get_attribute_error', 'loc': ('response', 36, 'herb'), 'msg': "Error extracting attribute: MissingGreenlet: greenlet_spawn has not been called; can't call await_only() here. Was IO attempted in an unexpected place? (Background on this error at: https://sqlalche.me/e/20/xd2s)", 'input': <app.db.models.interaction.Interaction object at 0x6fff990927b0>, 'ctx': {'error': "MissingGreenlet: greenlet_spawn has not been called; can't call await_only() here. Was IO attempted in an unexpected place? (Background on this error at: https://sqlalche.me/e/20/xd2s)"}}
  {'type': 'get_attribute_error', 'loc': ('response', 36, 'drug'), 'msg': "Error extracting attribute: MissingGreenlet: greenlet_spawn has not been called; can't call await_only() here. Was IO attempted in an unexpected place? (Background on this error at: https://sqlalche.me/e/20/xd2s)", 'input': <app.db.models.interaction.Interaction object at 0x6fff990927b0>, 'ctx': {'error': "MissingGreenlet: greenlet_spawn has not been called; can't call await_only() here. Was IO attempted in an unexpected place? (Background on this error at: https://sqlalche.me/e/20/xd2s)"}}
  {'type': 'value_error', 'loc': ('response', 37, 'risk_level'), 'msg': "Value error, risk_level must be one of ['Low', 'Moderate', 'High']", 'input': 'MODERATE', 'ctx': {'error': ValueError("risk_level must be one of ['Low', 'Moderate', 'High']")}}
  {'type': 'get_attribute_error', 'loc': ('response', 37, 'herb'), 'msg': "Error extracting attribute: MissingGreenlet: greenlet_spawn has not been called; can't call await_only() here. Was IO attempted in an unexpected place? (Background on this error at: https://sqlalche.me/e/20/xd2s)", 'input': <app.db.models.interaction.Interaction object at 0x6fff99092810>, 'ctx': {'error': "MissingGreenlet: greenlet_spawn has not been called; can't call await_only() here. Was IO attempted in an unexpected place? (Background on this error at: https://sqlalche.me/e/20/xd2s)"}}
  {'type': 'get_attribute_error', 'loc': ('response', 37, 'drug'), 'msg': "Error extracting attribute: MissingGreenlet: greenlet_spawn has not been called; can't call await_only() here. Was IO attempted in an unexpected place? (Background on this error at: https://sqlalche.me/e/20/xd2s)", 'input': <app.db.models.interaction.Interaction object at 0x6fff99092810>, 'ctx': {'error': "MissingGreenlet: greenlet_spawn has not been called; can't call await_only() here. Was IO attempted in an unexpected place? (Background on this error at: https://sqlalche.me/e/20/xd2s)"}}
  {'type': 'value_error', 'loc': ('response', 38, 'risk_level'), 'msg': "Value error, risk_level must be one of ['Low', 'Moderate', 'High']", 'input': 'LOW', 'ctx': {'error': ValueError("risk_level must be one of ['Low', 'Moderate', 'High']")}}
  {'type': 'get_attribute_error', 'loc': ('response', 38, 'herb'), 'msg': "Error extracting attribute: MissingGreenlet: greenlet_spawn has not been called; can't call await_only() here. Was IO attempted in an unexpected place? (Background on this error at: https://sqlalche.me/e/20/xd2s)", 'input': <app.db.models.interaction.Interaction object at 0x6fff99092870>, 'ctx': {'error': "MissingGreenlet: greenlet_spawn has not been called; can't call await_only() here. Was IO attempted in an unexpected place? (Background on this error at: https://sqlalche.me/e/20/xd2s)"}}
  {'type': 'get_attribute_error', 'loc': ('response', 38, 'drug'), 'msg': "Error extracting attribute: MissingGreenlet: greenlet_spawn has not been called; can't call await_only() here. Was IO attempted in an unexpected place? (Background on this error at: https://sqlalche.me/e/20/xd2s)", 'input': <app.db.models.interaction.Interaction object at 0x6fff99092870>, 'ctx': {'error': "MissingGreenlet: greenlet_spawn has not been called; can't call await_only() here. Was IO attempted in an unexpected place? (Background on this error at: https://sqlalche.me/e/20/xd2s)"}}
  {'type': 'value_error', 'loc': ('response', 39, 'risk_level'), 'msg': "Value error, risk_level must be one of ['Low', 'Moderate', 'High']", 'input': 'MODERATE', 'ctx': {'error': ValueError("risk_level must be one of ['Low', 'Moderate', 'High']")}}
  {'type': 'get_attribute_error', 'loc': ('response', 39, 'herb'), 'msg': "Error extracting attribute: MissingGreenlet: greenlet_spawn has not been called; can't call await_only() here. Was IO attempted in an unexpected place? (Background on this error at: https://sqlalche.me/e/20/xd2s)", 'input': <app.db.models.interaction.Interaction object at 0x6fff990928d0>, 'ctx': {'error': "MissingGreenlet: greenlet_spawn has not been called; can't call await_only() here. Was IO attempted in an unexpected place? (Background on this error at: https://sqlalche.me/e/20/xd2s)"}}
  {'type': 'get_attribute_error', 'loc': ('response', 39, 'drug'), 'msg': "Error extracting attribute: MissingGreenlet: greenlet_spawn has not been called; can't call await_only() here. Was IO attempted in an unexpected place? (Background on this error at: https://sqlalche.me/e/20/xd2s)", 'input': <app.db.models.interaction.Interaction object at 0x6fff990928d0>, 'ctx': {'error': "MissingGreenlet: greenlet_spawn has not been called; can't call await_only() here. Was IO attempted in an unexpected place? (Background on this error at: https://sqlalche.me/e/20/xd2s)"}}
  {'type': 'value_error', 'loc': ('response', 40, 'risk_level'), 'msg': "Value error, risk_level must be one of ['Low', 'Moderate', 'High']", 'input': 'LOW', 'ctx': {'error': ValueError("risk_level must be one of ['Low', 'Moderate', 'High']")}}
  {'type': 'get_attribute_error', 'loc': ('response', 40, 'herb'), 'msg': "Error extracting attribute: MissingGreenlet: greenlet_spawn has not been called; can't call await_only() here. Was IO attempted in an unexpected place? (Background on this error at: https://sqlalche.me/e/20/xd2s)", 'input': <app.db.models.interaction.Interaction object at 0x6fff99092930>, 'ctx': {'error': "MissingGreenlet: greenlet_spawn has not been called; can't call await_only() here. Was IO attempted in an unexpected place? (Background on this error at: https://sqlalche.me/e/20/xd2s)"}}
  {'type': 'get_attribute_error', 'loc': ('response', 40, 'drug'), 'msg': "Error extracting attribute: MissingGreenlet: greenlet_spawn has not been called; can't call await_only() here. Was IO attempted in an unexpected place? (Background on this error at: https://sqlalche.me/e/20/xd2s)", 'input': <app.db.models.interaction.Interaction object at 0x6fff99092930>, 'ctx': {'error': "MissingGreenlet: greenlet_spawn has not been called; can't call await_only() here. Was IO attempted in an unexpected place? (Background on this error at: https://sqlalche.me/e/20/xd2s)"}}
  {'type': 'value_error', 'loc': ('response', 41, 'risk_level'), 'msg': "Value error, risk_level must be one of ['Low', 'Moderate', 'High']", 'input': 'MODERATE', 'ctx': {'error': ValueError("risk_level must be one of ['Low', 'Moderate', 'High']")}}
  {'type': 'get_attribute_error', 'loc': ('response', 41, 'herb'), 'msg': "Error extracting attribute: MissingGreenlet: greenlet_spawn has not been called; can't call await_only() here. Was IO attempted in an unexpected place? (Background on this error at: https://sqlalche.me/e/20/xd2s)", 'input': <app.db.models.interaction.Interaction object at 0x6fff99092990>, 'ctx': {'error': "MissingGreenlet: greenlet_spawn has not been called; can't call await_only() here. Was IO attempted in an unexpected place? (Background on this error at: https://sqlalche.me/e/20/xd2s)"}}
  {'type': 'get_attribute_error', 'loc': ('response', 41, 'drug'), 'msg': "Error extracting attribute: MissingGreenlet: greenlet_spawn has not been called; can't call await_only() here. Was IO attempted in an unexpected place? (Background on this error at: https://sqlalche.me/e/20/xd2s)", 'input': <app.db.models.interaction.Interaction object at 0x6fff99092990>, 'ctx': {'error': "MissingGreenlet: greenlet_spawn has not been called; can't call await_only() here. Was IO attempted in an unexpected place? (Background on this error at: https://sqlalche.me/e/20/xd2s)"}}
  {'type': 'value_error', 'loc': ('response', 42, 'risk_level'), 'msg': "Value error, risk_level must be one of ['Low', 'Moderate', 'High']", 'input': 'MODERATE', 'ctx': {'error': ValueError("risk_level must be one of ['Low', 'Moderate', 'High']")}}
  {'type': 'get_attribute_error', 'loc': ('response', 42, 'herb'), 'msg': "Error extracting attribute: MissingGreenlet: greenlet_spawn has not been called; can't call await_only() here. Was IO attempted in an unexpected place? (Background on this error at: https://sqlalche.me/e/20/xd2s)", 'input': <app.db.models.interaction.Interaction object at 0x6fff990929f0>, 'ctx': {'error': "MissingGreenlet: greenlet_spawn has not been called; can't call await_only() here. Was IO attempted in an unexpected place? (Background on this error at: https://sqlalche.me/e/20/xd2s)"}}
  {'type': 'get_attribute_error', 'loc': ('response', 42, 'drug'), 'msg': "Error extracting attribute: MissingGreenlet: greenlet_spawn has not been called; can't call await_only() here. Was IO attempted in an unexpected place? (Background on this error at: https://sqlalche.me/e/20/xd2s)", 'input': <app.db.models.interaction.Interaction object at 0x6fff990929f0>, 'ctx': {'error': "MissingGreenlet: greenlet_spawn has not been called; can't call await_only() here. Was IO attempted in an unexpected place? (Background on this error at: https://sqlalche.me/e/20/xd2s)"}}
  {'type': 'value_error', 'loc': ('response', 43, 'risk_level'), 'msg': "Value error, risk_level must be one of ['Low', 'Moderate', 'High']", 'input': 'MODERATE', 'ctx': {'error': ValueError("risk_level must be one of ['Low', 'Moderate', 'High']")}}
  {'type': 'get_attribute_error', 'loc': ('response', 43, 'herb'), 'msg': "Error extracting attribute: MissingGreenlet: greenlet_spawn has not been called; can't call await_only() here. Was IO attempted in an unexpected place? (Background on this error at: https://sqlalche.me/e/20/xd2s)", 'input': <app.db.models.interaction.Interaction object at 0x6fff99092a50>, 'ctx': {'error': "MissingGreenlet: greenlet_spawn has not been called; can't call await_only() here. Was IO attempted in an unexpected place? (Background on this error at: https://sqlalche.me/e/20/xd2s)"}}
  {'type': 'get_attribute_error', 'loc': ('response', 43, 'drug'), 'msg': "Error extracting attribute: MissingGreenlet: greenlet_spawn has not been called; can't call await_only() here. Was IO attempted in an unexpected place? (Background on this error at: https://sqlalche.me/e/20/xd2s)", 'input': <app.db.models.interaction.Interaction object at 0x6fff99092a50>, 'ctx': {'error': "MissingGreenlet: greenlet_spawn has not been called; can't call await_only() here. Was IO attempted in an unexpected place? (Background on this error at: https://sqlalche.me/e/20/xd2s)"}}
  {'type': 'value_error', 'loc': ('response', 44, 'risk_level'), 'msg': "Value error, risk_level must be one of ['Low', 'Moderate', 'High']", 'input': 'MODERATE', 'ctx': {'error': ValueError("risk_level must be one of ['Low', 'Moderate', 'High']")}}
  {'type': 'get_attribute_error', 'loc': ('response', 44, 'herb'), 'msg': "Error extracting attribute: MissingGreenlet: greenlet_spawn has not been called; can't call await_only() here. Was IO attempted in an unexpected place? (Background on this error at: https://sqlalche.me/e/20/xd2s)", 'input': <app.db.models.interaction.Interaction object at 0x6fff99092ab0>, 'ctx': {'error': "MissingGreenlet: greenlet_spawn has not been called; can't call await_only() here. Was IO attempted in an unexpected place? (Background on this error at: https://sqlalche.me/e/20/xd2s)"}}
  {'type': 'get_attribute_error', 'loc': ('response', 44, 'drug'), 'msg': "Error extracting attribute: MissingGreenlet: greenlet_spawn has not been called; can't call await_only() here. Was IO attempted in an unexpected place? (Background on this error at: https://sqlalche.me/e/20/xd2s)", 'input': <app.db.models.interaction.Interaction object at 0x6fff99092ab0>, 'ctx': {'error': "MissingGreenlet: greenlet_spawn has not been called; can't call await_only() here. Was IO attempted in an unexpected place? (Background on this error at: https://sqlalche.me/e/20/xd2s)"}}
  {'type': 'value_error', 'loc': ('response', 45, 'risk_level'), 'msg': "Value error, risk_level must be one of ['Low', 'Moderate', 'High']", 'input': 'MODERATE', 'ctx': {'error': ValueError("risk_level must be one of ['Low', 'Moderate', 'High']")}}
  {'type': 'get_attribute_error', 'loc': ('response', 45, 'herb'), 'msg': "Error extracting attribute: MissingGreenlet: greenlet_spawn has not been called; can't call await_only() here. Was IO attempted in an unexpected place? (Background on this error at: https://sqlalche.me/e/20/xd2s)", 'input': <app.db.models.interaction.Interaction object at 0x6fff99092b10>, 'ctx': {'error': "MissingGreenlet: greenlet_spawn has not been called; can't call await_only() here. Was IO attempted in an unexpected place? (Background on this error at: https://sqlalche.me/e/20/xd2s)"}}
  {'type': 'get_attribute_error', 'loc': ('response', 45, 'drug'), 'msg': "Error extracting attribute: MissingGreenlet: greenlet_spawn has not been called; can't call await_only() here. Was IO attempted in an unexpected place? (Background on this error at: https://sqlalche.me/e/20/xd2s)", 'input': <app.db.models.interaction.Interaction object at 0x6fff99092b10>, 'ctx': {'error': "MissingGreenlet: greenlet_spawn has not been called; can't call await_only() here. Was IO attempted in an unexpected place? (Background on this error at: https://sqlalche.me/e/20/xd2s)"}}
  {'type': 'value_error', 'loc': ('response', 46, 'risk_level'), 'msg': "Value error, risk_level must be one of ['Low', 'Moderate', 'High']", 'input': 'MODERATE', 'ctx': {'error': ValueError("risk_level must be one of ['Low', 'Moderate', 'High']")}}
  {'type': 'get_attribute_error', 'loc': ('response', 46, 'herb'), 'msg': "Error extracting attribute: MissingGreenlet: greenlet_spawn has not been called; can't call await_only() here. Was IO attempted in an unexpected place? (Background on this error at: https://sqlalche.me/e/20/xd2s)", 'input': <app.db.models.interaction.Interaction object at 0x6fff99092b70>, 'ctx': {'error': "MissingGreenlet: greenlet_spawn has not been called; can't call await_only() here. Was IO attempted in an unexpected place? (Background on this error at: https://sqlalche.me/e/20/xd2s)"}}
  {'type': 'get_attribute_error', 'loc': ('response', 46, 'drug'), 'msg': "Error extracting attribute: MissingGreenlet: greenlet_spawn has not been called; can't call await_only() here. Was IO attempted in an unexpected place? (Background on this error at: https://sqlalche.me/e/20/xd2s)", 'input': <app.db.models.interaction.Interaction object at 0x6fff99092b70>, 'ctx': {'error': "MissingGreenlet: greenlet_spawn has not been called; can't call await_only() here. Was IO attempted in an unexpected place? (Background on this error at: https://sqlalche.me/e/20/xd2s)"}}
  {'type': 'value_error', 'loc': ('response', 47, 'risk_level'), 'msg': "Value error, risk_level must be one of ['Low', 'Moderate', 'High']", 'input': 'MODERATE', 'ctx': {'error': ValueError("risk_level must be one of ['Low', 'Moderate', 'High']")}}
  {'type': 'get_attribute_error', 'loc': ('response', 47, 'herb'), 'msg': "Error extracting attribute: MissingGreenlet: greenlet_spawn has not been called; can't call await_only() here. Was IO attempted in an unexpected place? (Background on this error at: https://sqlalche.me/e/20/xd2s)", 'input': <app.db.models.interaction.Interaction object at 0x6fff99092bd0>, 'ctx': {'error': "MissingGreenlet: greenlet_spawn has not been called; can't call await_only() here. Was IO attempted in an unexpected place? (Background on this error at: https://sqlalche.me/e/20/xd2s)"}}
  {'type': 'get_attribute_error', 'loc': ('response', 47, 'drug'), 'msg': "Error extracting attribute: MissingGreenlet: greenlet_spawn has not been called; can't call await_only() here. Was IO attempted in an unexpected place? (Background on this error at: https://sqlalche.me/e/20/xd2s)", 'input': <app.db.models.interaction.Interaction object at 0x6fff99092bd0>, 'ctx': {'error': "MissingGreenlet: greenlet_spawn has not been called; can't call await_only() here. Was IO attempted in an unexpected place? (Background on this error at: https://sqlalche.me/e/20/xd2s)"}}
  {'type': 'value_error', 'loc': ('response', 48, 'risk_level'), 'msg': "Value error, risk_level must be one of ['Low', 'Moderate', 'High']", 'input': 'MODERATE', 'ctx': {'error': ValueError("risk_level must be one of ['Low', 'Moderate', 'High']")}}
  {'type': 'get_attribute_error', 'loc': ('response', 48, 'herb'), 'msg': "Error extracting attribute: MissingGreenlet: greenlet_spawn has not been called; can't call await_only() here. Was IO attempted in an unexpected place? (Background on this error at: https://sqlalche.me/e/20/xd2s)", 'input': <app.db.models.interaction.Interaction object at 0x6fff99092c30>, 'ctx': {'error': "MissingGreenlet: greenlet_spawn has not been called; can't call await_only() here. Was IO attempted in an unexpected place? (Background on this error at: https://sqlalche.me/e/20/xd2s)"}}
  {'type': 'get_attribute_error', 'loc': ('response', 48, 'drug'), 'msg': "Error extracting attribute: MissingGreenlet: greenlet_spawn has not been called; can't call await_only() here. Was IO attempted in an unexpected place? (Background on this error at: https://sqlalche.me/e/20/xd2s)", 'input': <app.db.models.interaction.Interaction object at 0x6fff99092c30>, 'ctx': {'error': "MissingGreenlet: greenlet_spawn has not been called; can't call await_only() here. Was IO attempted in an unexpected place? (Background on this error at: https://sqlalche.me/e/20/xd2s)"}}
  {'type': 'value_error', 'loc': ('response', 49, 'risk_level'), 'msg': "Value error, risk_level must be one of ['Low', 'Moderate', 'High']", 'input': 'LOW', 'ctx': {'error': ValueError("risk_level must be one of ['Low', 'Moderate', 'High']")}}
  {'type': 'get_attribute_error', 'loc': ('response', 49, 'herb'), 'msg': "Error extracting attribute: MissingGreenlet: greenlet_spawn has not been called; can't call await_only() here. Was IO attempted in an unexpected place? (Background on this error at: https://sqlalche.me/e/20/xd2s)", 'input': <app.db.models.interaction.Interaction object at 0x6fff99092c90>, 'ctx': {'error': "MissingGreenlet: greenlet_spawn has not been called; can't call await_only() here. Was IO attempted in an unexpected place? (Background on this error at: https://sqlalche.me/e/20/xd2s)"}}
  {'type': 'get_attribute_error', 'loc': ('response', 49, 'drug'), 'msg': "Error extracting attribute: MissingGreenlet: greenlet_spawn has not been called; can't call await_only() here. Was IO attempted in an unexpected place? (Background on this error at: https://sqlalche.me/e/20/xd2s)", 'input': <app.db.models.interaction.Interaction object at 0x6fff99092c90>, 'ctx': {'error': "MissingGreenlet: greenlet_spawn has not been called; can't call await_only() here. Was IO attempted in an unexpected place? (Background on this error at: https://sqlalche.me/e/20/xd2s)"}}
  {'type': 'value_error', 'loc': ('response', 50, 'risk_level'), 'msg': "Value error, risk_level must be one of ['Low', 'Moderate', 'High']", 'input': 'MODERATE', 'ctx': {'error': ValueError("risk_level must be one of ['Low', 'Moderate', 'High']")}}
  {'type': 'get_attribute_error', 'loc': ('response', 50, 'herb'), 'msg': "Error extracting attribute: MissingGreenlet: greenlet_spawn has not been called; can't call await_only() here. Was IO attempted in an unexpected place? (Background on this error at: https://sqlalche.me/e/20/xd2s)", 'input': <app.db.models.interaction.Interaction object at 0x6fff99092cf0>, 'ctx': {'error': "MissingGreenlet: greenlet_spawn has not been called; can't call await_only() here. Was IO attempted in an unexpected place? (Background on this error at: https://sqlalche.me/e/20/xd2s)"}}
  {'type': 'get_attribute_error', 'loc': ('response', 50, 'drug'), 'msg': "Error extracting attribute: MissingGreenlet: greenlet_spawn has not been called; can't call await_only() here. Was IO attempted in an unexpected place? (Background on this error at: https://sqlalche.me/e/20/xd2s)", 'input': <app.db.models.interaction.Interaction object at 0x6fff99092cf0>, 'ctx': {'error': "MissingGreenlet: greenlet_spawn has not been called; can't call await_only() here. Was IO attempted in an unexpected place? (Background on this error at: https://sqlalche.me/e/20/xd2s)"}}
  {'type': 'value_error', 'loc': ('response', 51, 'risk_level'), 'msg': "Value error, risk_level must be one of ['Low', 'Moderate', 'High']", 'input': 'MODERATE', 'ctx': {'error': ValueError("risk_level must be one of ['Low', 'Moderate', 'High']")}}
  {'type': 'get_attribute_error', 'loc': ('response', 51, 'herb'), 'msg': "Error extracting attribute: MissingGreenlet: greenlet_spawn has not been called; can't call await_only() here. Was IO attempted in an unexpected place? (Background on this error at: https://sqlalche.me/e/20/xd2s)", 'input': <app.db.models.interaction.Interaction object at 0x6fff99092d50>, 'ctx': {'error': "MissingGreenlet: greenlet_spawn has not been called; can't call await_only() here. Was IO attempted in an unexpected place? (Background on this error at: https://sqlalche.me/e/20/xd2s)"}}
  {'type': 'get_attribute_error', 'loc': ('response', 51, 'drug'), 'msg': "Error extracting attribute: MissingGreenlet: greenlet_spawn has not been called; can't call await_only() here. Was IO attempted in an unexpected place? (Background on this error at: https://sqlalche.me/e/20/xd2s)", 'input': <app.db.models.interaction.Interaction object at 0x6fff99092d50>, 'ctx': {'error': "MissingGreenlet: greenlet_spawn has not been called; can't call await_only() here. Was IO attempted in an unexpected place? (Background on this error at: https://sqlalche.me/e/20/xd2s)"}}
  {'type': 'value_error', 'loc': ('response', 52, 'risk_level'), 'msg': "Value error, risk_level must be one of ['Low', 'Moderate', 'High']", 'input': 'MODERATE', 'ctx': {'error': ValueError("risk_level must be one of ['Low', 'Moderate', 'High']")}}
  {'type': 'get_attribute_error', 'loc': ('response', 52, 'herb'), 'msg': "Error extracting attribute: MissingGreenlet: greenlet_spawn has not been called; can't call await_only() here. Was IO attempted in an unexpected place? (Background on this error at: https://sqlalche.me/e/20/xd2s)", 'input': <app.db.models.interaction.Interaction object at 0x6fff99092db0>, 'ctx': {'error': "MissingGreenlet: greenlet_spawn has not been called; can't call await_only() here. Was IO attempted in an unexpected place? (Background on this error at: https://sqlalche.me/e/20/xd2s)"}}
  {'type': 'get_attribute_error', 'loc': ('response', 52, 'drug'), 'msg': "Error extracting attribute: MissingGreenlet: greenlet_spawn has not been called; can't call await_only() here. Was IO attempted in an unexpected place? (Background on this error at: https://sqlalche.me/e/20/xd2s)", 'input': <app.db.models.interaction.Interaction object at 0x6fff99092db0>, 'ctx': {'error': "MissingGreenlet: greenlet_spawn has not been called; can't call await_only() here. Was IO attempted in an unexpected place? (Background on this error at: https://sqlalche.me/e/20/xd2s)"}}
  {'type': 'value_error', 'loc': ('response', 53, 'risk_level'), 'msg': "Value error, risk_level must be one of ['Low', 'Moderate', 'High']", 'input': 'MODERATE', 'ctx': {'error': ValueError("risk_level must be one of ['Low', 'Moderate', 'High']")}}
  {'type': 'get_attribute_error', 'loc': ('response', 53, 'herb'), 'msg': "Error extracting attribute: MissingGreenlet: greenlet_spawn has not been called; can't call await_only() here. Was IO attempted in an unexpected place? (Background on this error at: https://sqlalche.me/e/20/xd2s)", 'input': <app.db.models.interaction.Interaction object at 0x6fff99092e10>, 'ctx': {'error': "MissingGreenlet: greenlet_spawn has not been called; can't call await_only() here. Was IO attempted in an unexpected place? (Background on this error at: https://sqlalche.me/e/20/xd2s)"}}
  {'type': 'get_attribute_error', 'loc': ('response', 53, 'drug'), 'msg': "Error extracting attribute: MissingGreenlet: greenlet_spawn has not been called; can't call await_only() here. Was IO attempted in an unexpected place? (Background on this error at: https://sqlalche.me/e/20/xd2s)", 'input': <app.db.models.interaction.Interaction object at 0x6fff99092e10>, 'ctx': {'error': "MissingGreenlet: greenlet_spawn has not been called; can't call await_only() here. Was IO attempted in an unexpected place? (Background on this error at: https://sqlalche.me/e/20/xd2s)"}}
  {'type': 'value_error', 'loc': ('response', 54, 'risk_level'), 'msg': "Value error, risk_level must be one of ['Low', 'Moderate', 'High']", 'input': 'MODERATE', 'ctx': {'error': ValueError("risk_level must be one of ['Low', 'Moderate', 'High']")}}
  {'type': 'get_attribute_error', 'loc': ('response', 54, 'herb'), 'msg': "Error extracting attribute: MissingGreenlet: greenlet_spawn has not been called; can't call await_only() here. Was IO attempted in an unexpected place? (Background on this error at: https://sqlalche.me/e/20/xd2s)", 'input': <app.db.models.interaction.Interaction object at 0x6fff99092e70>, 'ctx': {'error': "MissingGreenlet: greenlet_spawn has not been called; can't call await_only() here. Was IO attempted in an unexpected place? (Background on this error at: https://sqlalche.me/e/20/xd2s)"}}
  {'type': 'get_attribute_error', 'loc': ('response', 54, 'drug'), 'msg': "Error extracting attribute: MissingGreenlet: greenlet_spawn has not been called; can't call await_only() here. Was IO attempted in an unexpected place? (Background on this error at: https://sqlalche.me/e/20/xd2s)", 'input': <app.db.models.interaction.Interaction object at 0x6fff99092e70>, 'ctx': {'error': "MissingGreenlet: greenlet_spawn has not been called; can't call await_only() here. Was IO attempted in an unexpected place? (Background on this error at: https://sqlalche.me/e/20/xd2s)"}}
  {'type': 'value_error', 'loc': ('response', 55, 'risk_level'), 'msg': "Value error, risk_level must be one of ['Low', 'Moderate', 'High']", 'input': 'LOW', 'ctx': {'error': ValueError("risk_level must be one of ['Low', 'Moderate', 'High']")}}
  {'type': 'get_attribute_error', 'loc': ('response', 55, 'herb'), 'msg': "Error extracting attribute: MissingGreenlet: greenlet_spawn has not been called; can't call await_only() here. Was IO attempted in an unexpected place? (Background on this error at: https://sqlalche.me/e/20/xd2s)", 'input': <app.db.models.interaction.Interaction object at 0x6fff99092ed0>, 'ctx': {'error': "MissingGreenlet: greenlet_spawn has not been called; can't call await_only() here. Was IO attempted in an unexpected place? (Background on this error at: https://sqlalche.me/e/20/xd2s)"}}
  {'type': 'get_attribute_error', 'loc': ('response', 55, 'drug'), 'msg': "Error extracting attribute: MissingGreenlet: greenlet_spawn has not been called; can't call await_only() here. Was IO attempted in an unexpected place? (Background on this error at: https://sqlalche.me/e/20/xd2s)", 'input': <app.db.models.interaction.Interaction object at 0x6fff99092ed0>, 'ctx': {'error': "MissingGreenlet: greenlet_spawn has not been called; can't call await_only() here. Was IO attempted in an unexpected place? (Background on this error at: https://sqlalche.me/e/20/xd2s)"}}
  {'type': 'value_error', 'loc': ('response', 56, 'risk_level'), 'msg': "Value error, risk_level must be one of ['Low', 'Moderate', 'High']", 'input': 'LOW', 'ctx': {'error': ValueError("risk_level must be one of ['Low', 'Moderate', 'High']")}}
  {'type': 'get_attribute_error', 'loc': ('response', 56, 'herb'), 'msg': "Error extracting attribute: MissingGreenlet: greenlet_spawn has not been called; can't call await_only() here. Was IO attempted in an unexpected place? (Background on this error at: https://sqlalche.me/e/20/xd2s)", 'input': <app.db.models.interaction.Interaction object at 0x6fff99092f30>, 'ctx': {'error': "MissingGreenlet: greenlet_spawn has not been called; can't call await_only() here. Was IO attempted in an unexpected place? (Background on this error at: https://sqlalche.me/e/20/xd2s)"}}
  {'type': 'get_attribute_error', 'loc': ('response', 56, 'drug'), 'msg': "Error extracting attribute: MissingGreenlet: greenlet_spawn has not been called; can't call await_only() here. Was IO attempted in an unexpected place? (Background on this error at: https://sqlalche.me/e/20/xd2s)", 'input': <app.db.models.interaction.Interaction object at 0x6fff99092f30>, 'ctx': {'error': "MissingGreenlet: greenlet_spawn has not been called; can't call await_only() here. Was IO attempted in an unexpected place? (Background on this error at: https://sqlalche.me/e/20/xd2s)"}}
  {'type': 'value_error', 'loc': ('response', 57, 'risk_level'), 'msg': "Value error, risk_level must be one of ['Low', 'Moderate', 'High']", 'input': 'MODERATE', 'ctx': {'error': ValueError("risk_level must be one of ['Low', 'Moderate', 'High']")}}
  {'type': 'get_attribute_error', 'loc': ('response', 57, 'herb'), 'msg': "Error extracting attribute: MissingGreenlet: greenlet_spawn has not been called; can't call await_only() here. Was IO attempted in an unexpected place? (Background on this error at: https://sqlalche.me/e/20/xd2s)", 'input': <app.db.models.interaction.Interaction object at 0x6fff99092f90>, 'ctx': {'error': "MissingGreenlet: greenlet_spawn has not been called; can't call await_only() here. Was IO attempted in an unexpected place? (Background on this error at: https://sqlalche.me/e/20/xd2s)"}}
  {'type': 'get_attribute_error', 'loc': ('response', 57, 'drug'), 'msg': "Error extracting attribute: MissingGreenlet: greenlet_spawn has not been called; can't call await_only() here. Was IO attempted in an unexpected place? (Background on this error at: https://sqlalche.me/e/20/xd2s)", 'input': <app.db.models.interaction.Interaction object at 0x6fff99092f90>, 'ctx': {'error': "MissingGreenlet: greenlet_spawn has not been called; can't call await_only() here. Was IO attempted in an unexpected place? (Background on this error at: https://sqlalche.me/e/20/xd2s)"}}
  {'type': 'value_error', 'loc': ('response', 58, 'risk_level'), 'msg': "Value error, risk_level must be one of ['Low', 'Moderate', 'High']", 'input': 'MODERATE', 'ctx': {'error': ValueError("risk_level must be one of ['Low', 'Moderate', 'High']")}}
  {'type': 'get_attribute_error', 'loc': ('response', 58, 'herb'), 'msg': "Error extracting attribute: MissingGreenlet: greenlet_spawn has not been called; can't call await_only() here. Was IO attempted in an unexpected place? (Background on this error at: https://sqlalche.me/e/20/xd2s)", 'input': <app.db.models.interaction.Interaction object at 0x6fff99092ff0>, 'ctx': {'error': "MissingGreenlet: greenlet_spawn has not been called; can't call await_only() here. Was IO attempted in an unexpected place? (Background on this error at: https://sqlalche.me/e/20/xd2s)"}}
  {'type': 'get_attribute_error', 'loc': ('response', 58, 'drug'), 'msg': "Error extracting attribute: MissingGreenlet: greenlet_spawn has not been called; can't call await_only() here. Was IO attempted in an unexpected place? (Background on this error at: https://sqlalche.me/e/20/xd2s)", 'input': <app.db.models.interaction.Interaction object at 0x6fff99092ff0>, 'ctx': {'error': "MissingGreenlet: greenlet_spawn has not been called; can't call await_only() here. Was IO attempted in an unexpected place? (Background on this error at: https://sqlalche.me/e/20/xd2s)"}}
  {'type': 'value_error', 'loc': ('response', 59, 'risk_level'), 'msg': "Value error, risk_level must be one of ['Low', 'Moderate', 'High']", 'input': 'LOW', 'ctx': {'error': ValueError("risk_level must be one of ['Low', 'Moderate', 'High']")}}
  {'type': 'get_attribute_error', 'loc': ('response', 59, 'herb'), 'msg': "Error extracting attribute: MissingGreenlet: greenlet_spawn has not been called; can't call await_only() here. Was IO attempted in an unexpected place? (Background on this error at: https://sqlalche.me/e/20/xd2s)", 'input': <app.db.models.interaction.Interaction object at 0x6fff99093050>, 'ctx': {'error': "MissingGreenlet: greenlet_spawn has not been called; can't call await_only() here. Was IO attempted in an unexpected place? (Background on this error at: https://sqlalche.me/e/20/xd2s)"}}
  {'type': 'get_attribute_error', 'loc': ('response', 59, 'drug'), 'msg': "Error extracting attribute: MissingGreenlet: greenlet_spawn has not been called; can't call await_only() here. Was IO attempted in an unexpected place? (Background on this error at: https://sqlalche.me/e/20/xd2s)", 'input': <app.db.models.interaction.Interaction object at 0x6fff99093050>, 'ctx': {'error': "MissingGreenlet: greenlet_spawn has not been called; can't call await_only() here. Was IO attempted in an unexpected place? (Background on this error at: https://sqlalche.me/e/20/xd2s)"}}
  {'type': 'value_error', 'loc': ('response', 60, 'risk_level'), 'msg': "Value error, risk_level must be one of ['Low', 'Moderate', 'High']", 'input': 'LOW', 'ctx': {'error': ValueError("risk_level must be one of ['Low', 'Moderate', 'High']")}}
  {'type': 'get_attribute_error', 'loc': ('response', 60, 'herb'), 'msg': "Error extracting attribute: MissingGreenlet: greenlet_spawn has not been called; can't call await_only() here. Was IO attempted in an unexpected place? (Background on this error at: https://sqlalche.me/e/20/xd2s)", 'input': <app.db.models.interaction.Interaction object at 0x6fff990930b0>, 'ctx': {'error': "MissingGreenlet: greenlet_spawn has not been called; can't call await_only() here. Was IO attempted in an unexpected place? (Background on this error at: https://sqlalche.me/e/20/xd2s)"}}
  {'type': 'get_attribute_error', 'loc': ('response', 60, 'drug'), 'msg': "Error extracting attribute: MissingGreenlet: greenlet_spawn has not been called; can't call await_only() here. Was IO attempted in an unexpected place? (Background on this error at: https://sqlalche.me/e/20/xd2s)", 'input': <app.db.models.interaction.Interaction object at 0x6fff990930b0>, 'ctx': {'error': "MissingGreenlet: greenlet_spawn has not been called; can't call await_only() here. Was IO attempted in an unexpected place? (Background on this error at: https://sqlalche.me/e/20/xd2s)"}}
  {'type': 'value_error', 'loc': ('response', 61, 'risk_level'), 'msg': "Value error, risk_level must be one of ['Low', 'Moderate', 'High']", 'input': 'LOW', 'ctx': {'error': ValueError("risk_level must be one of ['Low', 'Moderate', 'High']")}}
  {'type': 'get_attribute_error', 'loc': ('response', 61, 'herb'), 'msg': "Error extracting attribute: MissingGreenlet: greenlet_spawn has not been called; can't call await_only() here. Was IO attempted in an unexpected place? (Background on this error at: https://sqlalche.me/e/20/xd2s)", 'input': <app.db.models.interaction.Interaction object at 0x6fff99093110>, 'ctx': {'error': "MissingGreenlet: greenlet_spawn has not been called; can't call await_only() here. Was IO attempted in an unexpected place? (Background on this error at: https://sqlalche.me/e/20/xd2s)"}}
  {'type': 'get_attribute_error', 'loc': ('response', 61, 'drug'), 'msg': "Error extracting attribute: MissingGreenlet: greenlet_spawn has not been called; can't call await_only() here. Was IO attempted in an unexpected place? (Background on this error at: https://sqlalche.me/e/20/xd2s)", 'input': <app.db.models.interaction.Interaction object at 0x6fff99093110>, 'ctx': {'error': "MissingGreenlet: greenlet_spawn has not been called; can't call await_only() here. Was IO attempted in an unexpected place? (Background on this error at: https://sqlalche.me/e/20/xd2s)"}}
  {'type': 'value_error', 'loc': ('response', 62, 'risk_level'), 'msg': "Value error, risk_level must be one of ['Low', 'Moderate', 'High']", 'input': 'MODERATE', 'ctx': {'error': ValueError("risk_level must be one of ['Low', 'Moderate', 'High']")}}
  {'type': 'get_attribute_error', 'loc': ('response', 62, 'herb'), 'msg': "Error extracting attribute: MissingGreenlet: greenlet_spawn has not been called; can't call await_only() here. Was IO attempted in an unexpected place? (Background on this error at: https://sqlalche.me/e/20/xd2s)", 'input': <app.db.models.interaction.Interaction object at 0x6fff99093170>, 'ctx': {'error': "MissingGreenlet: greenlet_spawn has not been called; can't call await_only() here. Was IO attempted in an unexpected place? (Background on this error at: https://sqlalche.me/e/20/xd2s)"}}
  {'type': 'get_attribute_error', 'loc': ('response', 62, 'drug'), 'msg': "Error extracting attribute: MissingGreenlet: greenlet_spawn has not been called; can't call await_only() here. Was IO attempted in an unexpected place? (Background on this error at: https://sqlalche.me/e/20/xd2s)", 'input': <app.db.models.interaction.Interaction object at 0x6fff99093170>, 'ctx': {'error': "MissingGreenlet: greenlet_spawn has not been called; can't call await_only() here. Was IO attempted in an unexpected place? (Background on this error at: https://sqlalche.me/e/20/xd2s)"}}
  {'type': 'value_error', 'loc': ('response', 63, 'risk_level'), 'msg': "Value error, risk_level must be one of ['Low', 'Moderate', 'High']", 'input': 'MODERATE', 'ctx': {'error': ValueError("risk_level must be one of ['Low', 'Moderate', 'High']")}}
  {'type': 'get_attribute_error', 'loc': ('response', 63, 'herb'), 'msg': "Error extracting attribute: MissingGreenlet: greenlet_spawn has not been called; can't call await_only() here. Was IO attempted in an unexpected place? (Background on this error at: https://sqlalche.me/e/20/xd2s)", 'input': <app.db.models.interaction.Interaction object at 0x6fff990931d0>, 'ctx': {'error': "MissingGreenlet: greenlet_spawn has not been called; can't call await_only() here. Was IO attempted in an unexpected place? (Background on this error at: https://sqlalche.me/e/20/xd2s)"}}
  {'type': 'get_attribute_error', 'loc': ('response', 63, 'drug'), 'msg': "Error extracting attribute: MissingGreenlet: greenlet_spawn has not been called; can't call await_only() here. Was IO attempted in an unexpected place? (Background on this error at: https://sqlalche.me/e/20/xd2s)", 'input': <app.db.models.interaction.Interaction object at 0x6fff990931d0>, 'ctx': {'error': "MissingGreenlet: greenlet_spawn has not been called; can't call await_only() here. Was IO attempted in an unexpected place? (Background on this error at: https://sqlalche.me/e/20/xd2s)"}}
  {'type': 'value_error', 'loc': ('response', 64, 'risk_level'), 'msg': "Value error, risk_level must be one of ['Low', 'Moderate', 'High']", 'input': 'MODERATE', 'ctx': {'error': ValueError("risk_level must be one of ['Low', 'Moderate', 'High']")}}
  {'type': 'get_attribute_error', 'loc': ('response', 64, 'herb'), 'msg': "Error extracting attribute: MissingGreenlet: greenlet_spawn has not been called; can't call await_only() here. Was IO attempted in an unexpected place? (Background on this error at: https://sqlalche.me/e/20/xd2s)", 'input': <app.db.models.interaction.Interaction object at 0x6fff99093230>, 'ctx': {'error': "MissingGreenlet: greenlet_spawn has not been called; can't call await_only() here. Was IO attempted in an unexpected place? (Background on this error at: https://sqlalche.me/e/20/xd2s)"}}
  {'type': 'get_attribute_error', 'loc': ('response', 64, 'drug'), 'msg': "Error extracting attribute: MissingGreenlet: greenlet_spawn has not been called; can't call await_only() here. Was IO attempted in an unexpected place? (Background on this error at: https://sqlalche.me/e/20/xd2s)", 'input': <app.db.models.interaction.Interaction object at 0x6fff99093230>, 'ctx': {'error': "MissingGreenlet: greenlet_spawn has not been called; can't call await_only() here. Was IO attempted in an unexpected place? (Background on this error at: https://sqlalche.me/e/20/xd2s)"}}
  {'type': 'value_error', 'loc': ('response', 65, 'risk_level'), 'msg': "Value error, risk_level must be one of ['Low', 'Moderate', 'High']", 'input': 'MODERATE', 'ctx': {'error': ValueError("risk_level must be one of ['Low', 'Moderate', 'High']")}}
  {'type': 'get_attribute_error', 'loc': ('response', 65, 'herb'), 'msg': "Error extracting attribute: MissingGreenlet: greenlet_spawn has not been called; can't call await_only() here. Was IO attempted in an unexpected place? (Background on this error at: https://sqlalche.me/e/20/xd2s)", 'input': <app.db.models.interaction.Interaction object at 0x6fff99093290>, 'ctx': {'error': "MissingGreenlet: greenlet_spawn has not been called; can't call await_only() here. Was IO attempted in an unexpected place? (Background on this error at: https://sqlalche.me/e/20/xd2s)"}}
  {'type': 'get_attribute_error', 'loc': ('response', 65, 'drug'), 'msg': "Error extracting attribute: MissingGreenlet: greenlet_spawn has not been called; can't call await_only() here. Was IO attempted in an unexpected place? (Background on this error at: https://sqlalche.me/e/20/xd2s)", 'input': <app.db.models.interaction.Interaction object at 0x6fff99093290>, 'ctx': {'error': "MissingGreenlet: greenlet_spawn has not been called; can't call await_only() here. Was IO attempted in an unexpected place? (Background on this error at: https://sqlalche.me/e/20/xd2s)"}}
  {'type': 'value_error', 'loc': ('response', 66, 'risk_level'), 'msg': "Value error, risk_level must be one of ['Low', 'Moderate', 'High']", 'input': 'MODERATE', 'ctx': {'error': ValueError("risk_level must be one of ['Low', 'Moderate', 'High']")}}
  {'type': 'get_attribute_error', 'loc': ('response', 66, 'herb'), 'msg': "Error extracting attribute: MissingGreenlet: greenlet_spawn has not been called; can't call await_only() here. Was IO attempted in an unexpected place? (Background on this error at: https://sqlalche.me/e/20/xd2s)", 'input': <app.db.models.interaction.Interaction object at 0x6fff990932f0>, 'ctx': {'error': "MissingGreenlet: greenlet_spawn has not been called; can't call await_only() here. Was IO attempted in an unexpected place? (Background on this error at: https://sqlalche.me/e/20/xd2s)"}}
  {'type': 'get_attribute_error', 'loc': ('response', 66, 'drug'), 'msg': "Error extracting attribute: MissingGreenlet: greenlet_spawn has not been called; can't call await_only() here. Was IO attempted in an unexpected place? (Background on this error at: https://sqlalche.me/e/20/xd2s)", 'input': <app.db.models.interaction.Interaction object at 0x6fff990932f0>, 'ctx': {'error': "MissingGreenlet: greenlet_spawn has not been called; can't call await_only() here. Was IO attempted in an unexpected place? (Background on this error at: https://sqlalche.me/e/20/xd2s)"}}
  {'type': 'value_error', 'loc': ('response', 67, 'risk_level'), 'msg': "Value error, risk_level must be one of ['Low', 'Moderate', 'High']", 'input': 'MODERATE', 'ctx': {'error': ValueError("risk_level must be one of ['Low', 'Moderate', 'High']")}}
  {'type': 'get_attribute_error', 'loc': ('response', 67, 'herb'), 'msg': "Error extracting attribute: MissingGreenlet: greenlet_spawn has not been called; can't call await_only() here. Was IO attempted in an unexpected place? (Background on this error at: https://sqlalche.me/e/20/xd2s)", 'input': <app.db.models.interaction.Interaction object at 0x6fff99093350>, 'ctx': {'error': "MissingGreenlet: greenlet_spawn has not been called; can't call await_only() here. Was IO attempted in an unexpected place? (Background on this error at: https://sqlalche.me/e/20/xd2s)"}}
  {'type': 'get_attribute_error', 'loc': ('response', 67, 'drug'), 'msg': "Error extracting attribute: MissingGreenlet: greenlet_spawn has not been called; can't call await_only() here. Was IO attempted in an unexpected place? (Background on this error at: https://sqlalche.me/e/20/xd2s)", 'input': <app.db.models.interaction.Interaction object at 0x6fff99093350>, 'ctx': {'error': "MissingGreenlet: greenlet_spawn has not been called; can't call await_only() here. Was IO attempted in an unexpected place? (Background on this error at: https://sqlalche.me/e/20/xd2s)"}}
  {'type': 'value_error', 'loc': ('response', 68, 'risk_level'), 'msg': "Value error, risk_level must be one of ['Low', 'Moderate', 'High']", 'input': 'MODERATE', 'ctx': {'error': ValueError("risk_level must be one of ['Low', 'Moderate', 'High']")}}
  {'type': 'get_attribute_error', 'loc': ('response', 68, 'herb'), 'msg': "Error extracting attribute: MissingGreenlet: greenlet_spawn has not been called; can't call await_only() here. Was IO attempted in an unexpected place? (Background on this error at: https://sqlalche.me/e/20/xd2s)", 'input': <app.db.models.interaction.Interaction object at 0x6fff990933b0>, 'ctx': {'error': "MissingGreenlet: greenlet_spawn has not been called; can't call await_only() here. Was IO attempted in an unexpected place? (Background on this error at: https://sqlalche.me/e/20/xd2s)"}}
  {'type': 'get_attribute_error', 'loc': ('response', 68, 'drug'), 'msg': "Error extracting attribute: MissingGreenlet: greenlet_spawn has not been called; can't call await_only() here. Was IO attempted in an unexpected place? (Background on this error at: https://sqlalche.me/e/20/xd2s)", 'input': <app.db.models.interaction.Interaction object at 0x6fff990933b0>, 'ctx': {'error': "MissingGreenlet: greenlet_spawn has not been called; can't call await_only() here. Was IO attempted in an unexpected place? (Background on this error at: https://sqlalche.me/e/20/xd2s)"}}
  {'type': 'value_error', 'loc': ('response', 69, 'risk_level'), 'msg': "Value error, risk_level must be one of ['Low', 'Moderate', 'High']", 'input': 'MODERATE', 'ctx': {'error': ValueError("risk_level must be one of ['Low', 'Moderate', 'High']")}}
  {'type': 'get_attribute_error', 'loc': ('response', 69, 'herb'), 'msg': "Error extracting attribute: MissingGreenlet: greenlet_spawn has not been called; can't call await_only() here. Was IO attempted in an unexpected place? (Background on this error at: https://sqlalche.me/e/20/xd2s)", 'input': <app.db.models.interaction.Interaction object at 0x6fff99093410>, 'ctx': {'error': "MissingGreenlet: greenlet_spawn has not been called; can't call await_only() here. Was IO attempted in an unexpected place? (Background on this error at: https://sqlalche.me/e/20/xd2s)"}}
  {'type': 'get_attribute_error', 'loc': ('response', 69, 'drug'), 'msg': "Error extracting attribute: MissingGreenlet: greenlet_spawn has not been called; can't call await_only() here. Was IO attempted in an unexpected place? (Background on this error at: https://sqlalche.me/e/20/xd2s)", 'input': <app.db.models.interaction.Interaction object at 0x6fff99093410>, 'ctx': {'error': "MissingGreenlet: greenlet_spawn has not been called; can't call await_only() here. Was IO attempted in an unexpected place? (Background on this error at: https://sqlalche.me/e/20/xd2s)"}}
  {'type': 'value_error', 'loc': ('response', 70, 'risk_level'), 'msg': "Value error, risk_level must be one of ['Low', 'Moderate', 'High']", 'input': 'LOW', 'ctx': {'error': ValueError("risk_level must be one of ['Low', 'Moderate', 'High']")}}
  {'type': 'get_attribute_error', 'loc': ('response', 70, 'herb'), 'msg': "Error extracting attribute: MissingGreenlet: greenlet_spawn has not been called; can't call await_only() here. Was IO attempted in an unexpected place? (Background on this error at: https://sqlalche.me/e/20/xd2s)", 'input': <app.db.models.interaction.Interaction object at 0x6fff99093470>, 'ctx': {'error': "MissingGreenlet: greenlet_spawn has not been called; can't call await_only() here. Was IO attempted in an unexpected place? (Background on this error at: https://sqlalche.me/e/20/xd2s)"}}
  {'type': 'get_attribute_error', 'loc': ('response', 70, 'drug'), 'msg': "Error extracting attribute: MissingGreenlet: greenlet_spawn has not been called; can't call await_only() here. Was IO attempted in an unexpected place? (Background on this error at: https://sqlalche.me/e/20/xd2s)", 'input': <app.db.models.interaction.Interaction object at 0x6fff99093470>, 'ctx': {'error': "MissingGreenlet: greenlet_spawn has not been called; can't call await_only() here. Was IO attempted in an unexpected place? (Background on this error at: https://sqlalche.me/e/20/xd2s)"}}
  {'type': 'value_error', 'loc': ('response', 71, 'risk_level'), 'msg': "Value error, risk_level must be one of ['Low', 'Moderate', 'High']", 'input': 'MODERATE', 'ctx': {'error': ValueError("risk_level must be one of ['Low', 'Moderate', 'High']")}}
  {'type': 'get_attribute_error', 'loc': ('response', 71, 'herb'), 'msg': "Error extracting attribute: MissingGreenlet: greenlet_spawn has not been called; can't call await_only() here. Was IO attempted in an unexpected place? (Background on this error at: https://sqlalche.me/e/20/xd2s)", 'input': <app.db.models.interaction.Interaction object at 0x6fff990934d0>, 'ctx': {'error': "MissingGreenlet: greenlet_spawn has not been called; can't call await_only() here. Was IO attempted in an unexpected place? (Background on this error at: https://sqlalche.me/e/20/xd2s)"}}
  {'type': 'get_attribute_error', 'loc': ('response', 71, 'drug'), 'msg': "Error extracting attribute: MissingGreenlet: greenlet_spawn has not been called; can't call await_only() here. Was IO attempted in an unexpected place? (Background on this error at: https://sqlalche.me/e/20/xd2s)", 'input': <app.db.models.interaction.Interaction object at 0x6fff990934d0>, 'ctx': {'error': "MissingGreenlet: greenlet_spawn has not been called; can't call await_only() here. Was IO attempted in an unexpected place? (Background on this error at: https://sqlalche.me/e/20/xd2s)"}}
  {'type': 'value_error', 'loc': ('response', 72, 'risk_level'), 'msg': "Value error, risk_level must be one of ['Low', 'Moderate', 'High']", 'input': 'MODERATE', 'ctx': {'error': ValueError("risk_level must be one of ['Low', 'Moderate', 'High']")}}
  {'type': 'get_attribute_error', 'loc': ('response', 72, 'herb'), 'msg': "Error extracting attribute: MissingGreenlet: greenlet_spawn has not been called; can't call await_only() here. Was IO attempted in an unexpected place? (Background on this error at: https://sqlalche.me/e/20/xd2s)", 'input': <app.db.models.interaction.Interaction object at 0x6fff99093530>, 'ctx': {'error': "MissingGreenlet: greenlet_spawn has not been called; can't call await_only() here. Was IO attempted in an unexpected place? (Background on this error at: https://sqlalche.me/e/20/xd2s)"}}
  {'type': 'get_attribute_error', 'loc': ('response', 72, 'drug'), 'msg': "Error extracting attribute: MissingGreenlet: greenlet_spawn has not been called; can't call await_only() here. Was IO attempted in an unexpected place? (Background on this error at: https://sqlalche.me/e/20/xd2s)", 'input': <app.db.models.interaction.Interaction object at 0x6fff99093530>, 'ctx': {'error': "MissingGreenlet: greenlet_spawn has not been called; can't call await_only() here. Was IO attempted in an unexpected place? (Background on this error at: https://sqlalche.me/e/20/xd2s)"}}
  {'type': 'value_error', 'loc': ('response', 73, 'risk_level'), 'msg': "Value error, risk_level must be one of ['Low', 'Moderate', 'High']", 'input': 'MODERATE', 'ctx': {'error': ValueError("risk_level must be one of ['Low', 'Moderate', 'High']")}}
  {'type': 'get_attribute_error', 'loc': ('response', 73, 'herb'), 'msg': "Error extracting attribute: MissingGreenlet: greenlet_spawn has not been called; can't call await_only() here. Was IO attempted in an unexpected place? (Background on this error at: https://sqlalche.me/e/20/xd2s)", 'input': <app.db.models.interaction.Interaction object at 0x6fff99093590>, 'ctx': {'error': "MissingGreenlet: greenlet_spawn has not been called; can't call await_only() here. Was IO attempted in an unexpected place? (Background on this error at: https://sqlalche.me/e/20/xd2s)"}}
  {'type': 'get_attribute_error', 'loc': ('response', 73, 'drug'), 'msg': "Error extracting attribute: MissingGreenlet: greenlet_spawn has not been called; can't call await_only() here. Was IO attempted in an unexpected place? (Background on this error at: https://sqlalche.me/e/20/xd2s)", 'input': <app.db.models.interaction.Interaction object at 0x6fff99093590>, 'ctx': {'error': "MissingGreenlet: greenlet_spawn has not been called; can't call await_only() here. Was IO attempted in an unexpected place? (Background on this error at: https://sqlalche.me/e/20/xd2s)"}}
  {'type': 'value_error', 'loc': ('response', 74, 'risk_level'), 'msg': "Value error, risk_level must be one of ['Low', 'Moderate', 'High']", 'input': 'MODERATE', 'ctx': {'error': ValueError("risk_level must be one of ['Low', 'Moderate', 'High']")}}
  {'type': 'get_attribute_error', 'loc': ('response', 74, 'herb'), 'msg': "Error extracting attribute: MissingGreenlet: greenlet_spawn has not been called; can't call await_only() here. Was IO attempted in an unexpected place? (Background on this error at: https://sqlalche.me/e/20/xd2s)", 'input': <app.db.models.interaction.Interaction object at 0x6fff990935f0>, 'ctx': {'error': "MissingGreenlet: greenlet_spawn has not been called; can't call await_only() here. Was IO attempted in an unexpected place? (Background on this error at: https://sqlalche.me/e/20/xd2s)"}}
  {'type': 'get_attribute_error', 'loc': ('response', 74, 'drug'), 'msg': "Error extracting attribute: MissingGreenlet: greenlet_spawn has not been called; can't call await_only() here. Was IO attempted in an unexpected place? (Background on this error at: https://sqlalche.me/e/20/xd2s)", 'input': <app.db.models.interaction.Interaction object at 0x6fff990935f0>, 'ctx': {'error': "MissingGreenlet: greenlet_spawn has not been called; can't call await_only() here. Was IO attempted in an unexpected place? (Background on this error at: https://sqlalche.me/e/20/xd2s)"}}
  {'type': 'value_error', 'loc': ('response', 75, 'risk_level'), 'msg': "Value error, risk_level must be one of ['Low', 'Moderate', 'High']", 'input': 'MODERATE', 'ctx': {'error': ValueError("risk_level must be one of ['Low', 'Moderate', 'High']")}}
  {'type': 'get_attribute_error', 'loc': ('response', 75, 'herb'), 'msg': "Error extracting attribute: MissingGreenlet: greenlet_spawn has not been called; can't call await_only() here. Was IO attempted in an unexpected place? (Background on this error at: https://sqlalche.me/e/20/xd2s)", 'input': <app.db.models.interaction.Interaction object at 0x6fff99093650>, 'ctx': {'error': "MissingGreenlet: greenlet_spawn has not been called; can't call await_only() here. Was IO attempted in an unexpected place? (Background on this error at: https://sqlalche.me/e/20/xd2s)"}}
  {'type': 'get_attribute_error', 'loc': ('response', 75, 'drug'), 'msg': "Error extracting attribute: MissingGreenlet: greenlet_spawn has not been called; can't call await_only() here. Was IO attempted in an unexpected place? (Background on this error at: https://sqlalche.me/e/20/xd2s)", 'input': <app.db.models.interaction.Interaction object at 0x6fff99093650>, 'ctx': {'error': "MissingGreenlet: greenlet_spawn has not been called; can't call await_only() here. Was IO attempted in an unexpected place? (Background on this error at: https://sqlalche.me/e/20/xd2s)"}}
  {'type': 'value_error', 'loc': ('response', 76, 'risk_level'), 'msg': "Value error, risk_level must be one of ['Low', 'Moderate', 'High']", 'input': 'LOW', 'ctx': {'error': ValueError("risk_level must be one of ['Low', 'Moderate', 'High']")}}
  {'type': 'get_attribute_error', 'loc': ('response', 76, 'herb'), 'msg': "Error extracting attribute: MissingGreenlet: greenlet_spawn has not been called; can't call await_only() here. Was IO attempted in an unexpected place? (Background on this error at: https://sqlalche.me/e/20/xd2s)", 'input': <app.db.models.interaction.Interaction object at 0x6fff990936b0>, 'ctx': {'error': "MissingGreenlet: greenlet_spawn has not been called; can't call await_only() here. Was IO attempted in an unexpected place? (Background on this error at: https://sqlalche.me/e/20/xd2s)"}}
  {'type': 'get_attribute_error', 'loc': ('response', 76, 'drug'), 'msg': "Error extracting attribute: MissingGreenlet: greenlet_spawn has not been called; can't call await_only() here. Was IO attempted in an unexpected place? (Background on this error at: https://sqlalche.me/e/20/xd2s)", 'input': <app.db.models.interaction.Interaction object at 0x6fff990936b0>, 'ctx': {'error': "MissingGreenlet: greenlet_spawn has not been called; can't call await_only() here. Was IO attempted in an unexpected place? (Background on this error at: https://sqlalche.me/e/20/xd2s)"}}
  {'type': 'value_error', 'loc': ('response', 77, 'risk_level'), 'msg': "Value error, risk_level must be one of ['Low', 'Moderate', 'High']", 'input': 'LOW', 'ctx': {'error': ValueError("risk_level must be one of ['Low', 'Moderate', 'High']")}}
  {'type': 'get_attribute_error', 'loc': ('response', 77, 'herb'), 'msg': "Error extracting attribute: MissingGreenlet: greenlet_spawn has not been called; can't call await_only() here. Was IO attempted in an unexpected place? (Background on this error at: https://sqlalche.me/e/20/xd2s)", 'input': <app.db.models.interaction.Interaction object at 0x6fff99093710>, 'ctx': {'error': "MissingGreenlet: greenlet_spawn has not been called; can't call await_only() here. Was IO attempted in an unexpected place? (Background on this error at: https://sqlalche.me/e/20/xd2s)"}}
  {'type': 'get_attribute_error', 'loc': ('response', 77, 'drug'), 'msg': "Error extracting attribute: MissingGreenlet: greenlet_spawn has not been called; can't call await_only() here. Was IO attempted in an unexpected place? (Background on this error at: https://sqlalche.me/e/20/xd2s)", 'input': <app.db.models.interaction.Interaction object at 0x6fff99093710>, 'ctx': {'error': "MissingGreenlet: greenlet_spawn has not been called; can't call await_only() here. Was IO attempted in an unexpected place? (Background on this error at: https://sqlalche.me/e/20/xd2s)"}}
  {'type': 'value_error', 'loc': ('response', 78, 'risk_level'), 'msg': "Value error, risk_level must be one of ['Low', 'Moderate', 'High']", 'input': 'MODERATE', 'ctx': {'error': ValueError("risk_level must be one of ['Low', 'Moderate', 'High']")}}
  {'type': 'get_attribute_error', 'loc': ('response', 78, 'herb'), 'msg': "Error extracting attribute: MissingGreenlet: greenlet_spawn has not been called; can't call await_only() here. Was IO attempted in an unexpected place? (Background on this error at: https://sqlalche.me/e/20/xd2s)", 'input': <app.db.models.interaction.Interaction object at 0x6fff99093770>, 'ctx': {'error': "MissingGreenlet: greenlet_spawn has not been called; can't call await_only() here. Was IO attempted in an unexpected place? (Background on this error at: https://sqlalche.me/e/20/xd2s)"}}
  {'type': 'get_attribute_error', 'loc': ('response', 78, 'drug'), 'msg': "Error extracting attribute: MissingGreenlet: greenlet_spawn has not been called; can't call await_only() here. Was IO attempted in an unexpected place? (Background on this error at: https://sqlalche.me/e/20/xd2s)", 'input': <app.db.models.interaction.Interaction object at 0x6fff99093770>, 'ctx': {'error': "MissingGreenlet: greenlet_spawn has not been called; can't call await_only() here. Was IO attempted in an unexpected place? (Background on this error at: https://sqlalche.me/e/20/xd2s)"}}
  {'type': 'value_error', 'loc': ('response', 79, 'risk_level'), 'msg': "Value error, risk_level must be one of ['Low', 'Moderate', 'High']", 'input': 'MODERATE', 'ctx': {'error': ValueError("risk_level must be one of ['Low', 'Moderate', 'High']")}}
  {'type': 'get_attribute_error', 'loc': ('response', 79, 'herb'), 'msg': "Error extracting attribute: MissingGreenlet: greenlet_spawn has not been called; can't call await_only() here. Was IO attempted in an unexpected place? (Background on this error at: https://sqlalche.me/e/20/xd2s)", 'input': <app.db.models.interaction.Interaction object at 0x6fff990937d0>, 'ctx': {'error': "MissingGreenlet: greenlet_spawn has not been called; can't call await_only() here. Was IO attempted in an unexpected place? (Background on this error at: https://sqlalche.me/e/20/xd2s)"}}
  {'type': 'get_attribute_error', 'loc': ('response', 79, 'drug'), 'msg': "Error extracting attribute: MissingGreenlet: greenlet_spawn has not been called; can't call await_only() here. Was IO attempted in an unexpected place? (Background on this error at: https://sqlalche.me/e/20/xd2s)", 'input': <app.db.models.interaction.Interaction object at 0x6fff990937d0>, 'ctx': {'error': "MissingGreenlet: greenlet_spawn has not been called; can't call await_only() here. Was IO attempted in an unexpected place? (Background on this error at: https://sqlalche.me/e/20/xd2s)"}}
  {'type': 'value_error', 'loc': ('response', 80, 'risk_level'), 'msg': "Value error, risk_level must be one of ['Low', 'Moderate', 'High']", 'input': 'LOW', 'ctx': {'error': ValueError("risk_level must be one of ['Low', 'Moderate', 'High']")}}
  {'type': 'get_attribute_error', 'loc': ('response', 80, 'herb'), 'msg': "Error extracting attribute: MissingGreenlet: greenlet_spawn has not been called; can't call await_only() here. Was IO attempted in an unexpected place? (Background on this error at: https://sqlalche.me/e/20/xd2s)", 'input': <app.db.models.interaction.Interaction object at 0x6fff99093830>, 'ctx': {'error': "MissingGreenlet: greenlet_spawn has not been called; can't call await_only() here. Was IO attempted in an unexpected place? (Background on this error at: https://sqlalche.me/e/20/xd2s)"}}
  {'type': 'get_attribute_error', 'loc': ('response', 80, 'drug'), 'msg': "Error extracting attribute: MissingGreenlet: greenlet_spawn has not been called; can't call await_only() here. Was IO attempted in an unexpected place? (Background on this error at: https://sqlalche.me/e/20/xd2s)", 'input': <app.db.models.interaction.Interaction object at 0x6fff99093830>, 'ctx': {'error': "MissingGreenlet: greenlet_spawn has not been called; can't call await_only() here. Was IO attempted in an unexpected place? (Background on this error at: https://sqlalche.me/e/20/xd2s)"}}
  {'type': 'value_error', 'loc': ('response', 81, 'risk_level'), 'msg': "Value error, risk_level must be one of ['Low', 'Moderate', 'High']", 'input': 'LOW', 'ctx': {'error': ValueError("risk_level must be one of ['Low', 'Moderate', 'High']")}}
  {'type': 'get_attribute_error', 'loc': ('response', 81, 'herb'), 'msg': "Error extracting attribute: MissingGreenlet: greenlet_spawn has not been called; can't call await_only() here. Was IO attempted in an unexpected place? (Background on this error at: https://sqlalche.me/e/20/xd2s)", 'input': <app.db.models.interaction.Interaction object at 0x6fff99093890>, 'ctx': {'error': "MissingGreenlet: greenlet_spawn has not been called; can't call await_only() here. Was IO attempted in an unexpected place? (Background on this error at: https://sqlalche.me/e/20/xd2s)"}}
  {'type': 'get_attribute_error', 'loc': ('response', 81, 'drug'), 'msg': "Error extracting attribute: MissingGreenlet: greenlet_spawn has not been called; can't call await_only() here. Was IO attempted in an unexpected place? (Background on this error at: https://sqlalche.me/e/20/xd2s)", 'input': <app.db.models.interaction.Interaction object at 0x6fff99093890>, 'ctx': {'error': "MissingGreenlet: greenlet_spawn has not been called; can't call await_only() here. Was IO attempted in an unexpected place? (Background on this error at: https://sqlalche.me/e/20/xd2s)"}}
  {'type': 'value_error', 'loc': ('response', 82, 'risk_level'), 'msg': "Value error, risk_level must be one of ['Low', 'Moderate', 'High']", 'input': 'LOW', 'ctx': {'error': ValueError("risk_level must be one of ['Low', 'Moderate', 'High']")}}
  {'type': 'get_attribute_error', 'loc': ('response', 82, 'herb'), 'msg': "Error extracting attribute: MissingGreenlet: greenlet_spawn has not been called; can't call await_only() here. Was IO attempted in an unexpected place? (Background on this error at: https://sqlalche.me/e/20/xd2s)", 'input': <app.db.models.interaction.Interaction object at 0x6fff990938f0>, 'ctx': {'error': "MissingGreenlet: greenlet_spawn has not been called; can't call await_only() here. Was IO attempted in an unexpected place? (Background on this error at: https://sqlalche.me/e/20/xd2s)"}}
  {'type': 'get_attribute_error', 'loc': ('response', 82, 'drug'), 'msg': "Error extracting attribute: MissingGreenlet: greenlet_spawn has not been called; can't call await_only() here. Was IO attempted in an unexpected place? (Background on this error at: https://sqlalche.me/e/20/xd2s)", 'input': <app.db.models.interaction.Interaction object at 0x6fff990938f0>, 'ctx': {'error': "MissingGreenlet: greenlet_spawn has not been called; can't call await_only() here. Was IO attempted in an unexpected place? (Background on this error at: https://sqlalche.me/e/20/xd2s)"}}
  {'type': 'value_error', 'loc': ('response', 83, 'risk_level'), 'msg': "Value error, risk_level must be one of ['Low', 'Moderate', 'High']", 'input': 'MODERATE', 'ctx': {'error': ValueError("risk_level must be one of ['Low', 'Moderate', 'High']")}}
  {'type': 'get_attribute_error', 'loc': ('response', 83, 'herb'), 'msg': "Error extracting attribute: MissingGreenlet: greenlet_spawn has not been called; can't call await_only() here. Was IO attempted in an unexpected place? (Background on this error at: https://sqlalche.me/e/20/xd2s)", 'input': <app.db.models.interaction.Interaction object at 0x6fff99093950>, 'ctx': {'error': "MissingGreenlet: greenlet_spawn has not been called; can't call await_only() here. Was IO attempted in an unexpected place? (Background on this error at: https://sqlalche.me/e/20/xd2s)"}}
  {'type': 'get_attribute_error', 'loc': ('response', 83, 'drug'), 'msg': "Error extracting attribute: MissingGreenlet: greenlet_spawn has not been called; can't call await_only() here. Was IO attempted in an unexpected place? (Background on this error at: https://sqlalche.me/e/20/xd2s)", 'input': <app.db.models.interaction.Interaction object at 0x6fff99093950>, 'ctx': {'error': "MissingGreenlet: greenlet_spawn has not been called; can't call await_only() here. Was IO attempted in an unexpected place? (Background on this error at: https://sqlalche.me/e/20/xd2s)"}}
  {'type': 'value_error', 'loc': ('response', 84, 'risk_level'), 'msg': "Value error, risk_level must be one of ['Low', 'Moderate', 'High']", 'input': 'MODERATE', 'ctx': {'error': ValueError("risk_level must be one of ['Low', 'Moderate', 'High']")}}
  {'type': 'get_attribute_error', 'loc': ('response', 84, 'herb'), 'msg': "Error extracting attribute: MissingGreenlet: greenlet_spawn has not been called; can't call await_only() here. Was IO attempted in an unexpected place? (Background on this error at: https://sqlalche.me/e/20/xd2s)", 'input': <app.db.models.interaction.Interaction object at 0x6fff990939b0>, 'ctx': {'error': "MissingGreenlet: greenlet_spawn has not been called; can't call await_only() here. Was IO attempted in an unexpected place? (Background on this error at: https://sqlalche.me/e/20/xd2s)"}}
  {'type': 'get_attribute_error', 'loc': ('response', 84, 'drug'), 'msg': "Error extracting attribute: MissingGreenlet: greenlet_spawn has not been called; can't call await_only() here. Was IO attempted in an unexpected place? (Background on this error at: https://sqlalche.me/e/20/xd2s)", 'input': <app.db.models.interaction.Interaction object at 0x6fff990939b0>, 'ctx': {'error': "MissingGreenlet: greenlet_spawn has not been called; can't call await_only() here. Was IO attempted in an unexpected place? (Background on this error at: https://sqlalche.me/e/20/xd2s)"}}
  {'type': 'value_error', 'loc': ('response', 85, 'risk_level'), 'msg': "Value error, risk_level must be one of ['Low', 'Moderate', 'High']", 'input': 'MODERATE', 'ctx': {'error': ValueError("risk_level must be one of ['Low', 'Moderate', 'High']")}}
  {'type': 'get_attribute_error', 'loc': ('response', 85, 'herb'), 'msg': "Error extracting attribute: MissingGreenlet: greenlet_spawn has not been called; can't call await_only() here. Was IO attempted in an unexpected place? (Background on this error at: https://sqlalche.me/e/20/xd2s)", 'input': <app.db.models.interaction.Interaction object at 0x6fff99093a10>, 'ctx': {'error': "MissingGreenlet: greenlet_spawn has not been called; can't call await_only() here. Was IO attempted in an unexpected place? (Background on this error at: https://sqlalche.me/e/20/xd2s)"}}
  {'type': 'get_attribute_error', 'loc': ('response', 85, 'drug'), 'msg': "Error extracting attribute: MissingGreenlet: greenlet_spawn has not been called; can't call await_only() here. Was IO attempted in an unexpected place? (Background on this error at: https://sqlalche.me/e/20/xd2s)", 'input': <app.db.models.interaction.Interaction object at 0x6fff99093a10>, 'ctx': {'error': "MissingGreenlet: greenlet_spawn has not been called; can't call await_only() here. Was IO attempted in an unexpected place? (Background on this error at: https://sqlalche.me/e/20/xd2s)"}}
  {'type': 'value_error', 'loc': ('response', 86, 'risk_level'), 'msg': "Value error, risk_level must be one of ['Low', 'Moderate', 'High']", 'input': 'MODERATE', 'ctx': {'error': ValueError("risk_level must be one of ['Low', 'Moderate', 'High']")}}
  {'type': 'get_attribute_error', 'loc': ('response', 86, 'herb'), 'msg': "Error extracting attribute: MissingGreenlet: greenlet_spawn has not been called; can't call await_only() here. Was IO attempted in an unexpected place? (Background on this error at: https://sqlalche.me/e/20/xd2s)", 'input': <app.db.models.interaction.Interaction object at 0x6fff99093a70>, 'ctx': {'error': "MissingGreenlet: greenlet_spawn has not been called; can't call await_only() here. Was IO attempted in an unexpected place? (Background on this error at: https://sqlalche.me/e/20/xd2s)"}}
  {'type': 'get_attribute_error', 'loc': ('response', 86, 'drug'), 'msg': "Error extracting attribute: MissingGreenlet: greenlet_spawn has not been called; can't call await_only() here. Was IO attempted in an unexpected place? (Background on this error at: https://sqlalche.me/e/20/xd2s)", 'input': <app.db.models.interaction.Interaction object at 0x6fff99093a70>, 'ctx': {'error': "MissingGreenlet: greenlet_spawn has not been called; can't call await_only() here. Was IO attempted in an unexpected place? (Background on this error at: https://sqlalche.me/e/20/xd2s)"}}
  {'type': 'value_error', 'loc': ('response', 87, 'risk_level'), 'msg': "Value error, risk_level must be one of ['Low', 'Moderate', 'High']", 'input': 'MODERATE', 'ctx': {'error': ValueError("risk_level must be one of ['Low', 'Moderate', 'High']")}}
  {'type': 'get_attribute_error', 'loc': ('response', 87, 'herb'), 'msg': "Error extracting attribute: MissingGreenlet: greenlet_spawn has not been called; can't call await_only() here. Was IO attempted in an unexpected place? (Background on this error at: https://sqlalche.me/e/20/xd2s)", 'input': <app.db.models.interaction.Interaction object at 0x6fff99093ad0>, 'ctx': {'error': "MissingGreenlet: greenlet_spawn has not been called; can't call await_only() here. Was IO attempted in an unexpected place? (Background on this error at: https://sqlalche.me/e/20/xd2s)"}}
  {'type': 'get_attribute_error', 'loc': ('response', 87, 'drug'), 'msg': "Error extracting attribute: MissingGreenlet: greenlet_spawn has not been called; can't call await_only() here. Was IO attempted in an unexpected place? (Background on this error at: https://sqlalche.me/e/20/xd2s)", 'input': <app.db.models.interaction.Interaction object at 0x6fff99093ad0>, 'ctx': {'error': "MissingGreenlet: greenlet_spawn has not been called; can't call await_only() here. Was IO attempted in an unexpected place? (Background on this error at: https://sqlalche.me/e/20/xd2s)"}}
  {'type': 'value_error', 'loc': ('response', 88, 'risk_level'), 'msg': "Value error, risk_level must be one of ['Low', 'Moderate', 'High']", 'input': 'MODERATE', 'ctx': {'error': ValueError("risk_level must be one of ['Low', 'Moderate', 'High']")}}
  {'type': 'get_attribute_error', 'loc': ('response', 88, 'herb'), 'msg': "Error extracting attribute: MissingGreenlet: greenlet_spawn has not been called; can't call await_only() here. Was IO attempted in an unexpected place? (Background on this error at: https://sqlalche.me/e/20/xd2s)", 'input': <app.db.models.interaction.Interaction object at 0x6fff99093b30>, 'ctx': {'error': "MissingGreenlet: greenlet_spawn has not been called; can't call await_only() here. Was IO attempted in an unexpected place? (Background on this error at: https://sqlalche.me/e/20/xd2s)"}}
  {'type': 'get_attribute_error', 'loc': ('response', 88, 'drug'), 'msg': "Error extracting attribute: MissingGreenlet: greenlet_spawn has not been called; can't call await_only() here. Was IO attempted in an unexpected place? (Background on this error at: https://sqlalche.me/e/20/xd2s)", 'input': <app.db.models.interaction.Interaction object at 0x6fff99093b30>, 'ctx': {'error': "MissingGreenlet: greenlet_spawn has not been called; can't call await_only() here. Was IO attempted in an unexpected place? (Background on this error at: https://sqlalche.me/e/20/xd2s)"}}
  {'type': 'value_error', 'loc': ('response', 89, 'risk_level'), 'msg': "Value error, risk_level must be one of ['Low', 'Moderate', 'High']", 'input': 'MODERATE', 'ctx': {'error': ValueError("risk_level must be one of ['Low', 'Moderate', 'High']")}}
  {'type': 'get_attribute_error', 'loc': ('response', 89, 'herb'), 'msg': "Error extracting attribute: MissingGreenlet: greenlet_spawn has not been called; can't call await_only() here. Was IO attempted in an unexpected place? (Background on this error at: https://sqlalche.me/e/20/xd2s)", 'input': <app.db.models.interaction.Interaction object at 0x6fff99093b90>, 'ctx': {'error': "MissingGreenlet: greenlet_spawn has not been called; can't call await_only() here. Was IO attempted in an unexpected place? (Background on this error at: https://sqlalche.me/e/20/xd2s)"}}
  {'type': 'get_attribute_error', 'loc': ('response', 89, 'drug'), 'msg': "Error extracting attribute: MissingGreenlet: greenlet_spawn has not been called; can't call await_only() here. Was IO attempted in an unexpected place? (Background on this error at: https://sqlalche.me/e/20/xd2s)", 'input': <app.db.models.interaction.Interaction object at 0x6fff99093b90>, 'ctx': {'error': "MissingGreenlet: greenlet_spawn has not been called; can't call await_only() here. Was IO attempted in an unexpected place? (Background on this error at: https://sqlalche.me/e/20/xd2s)"}}
  {'type': 'value_error', 'loc': ('response', 90, 'risk_level'), 'msg': "Value error, risk_level must be one of ['Low', 'Moderate', 'High']", 'input': 'MODERATE', 'ctx': {'error': ValueError("risk_level must be one of ['Low', 'Moderate', 'High']")}}
  {'type': 'get_attribute_error', 'loc': ('response', 90, 'herb'), 'msg': "Error extracting attribute: MissingGreenlet: greenlet_spawn has not been called; can't call await_only() here. Was IO attempted in an unexpected place? (Background on this error at: https://sqlalche.me/e/20/xd2s)", 'input': <app.db.models.interaction.Interaction object at 0x6fff99093bf0>, 'ctx': {'error': "MissingGreenlet: greenlet_spawn has not been called; can't call await_only() here. Was IO attempted in an unexpected place? (Background on this error at: https://sqlalche.me/e/20/xd2s)"}}
  {'type': 'get_attribute_error', 'loc': ('response', 90, 'drug'), 'msg': "Error extracting attribute: MissingGreenlet: greenlet_spawn has not been called; can't call await_only() here. Was IO attempted in an unexpected place? (Background on this error at: https://sqlalche.me/e/20/xd2s)", 'input': <app.db.models.interaction.Interaction object at 0x6fff99093bf0>, 'ctx': {'error': "MissingGreenlet: greenlet_spawn has not been called; can't call await_only() here. Was IO attempted in an unexpected place? (Background on this error at: https://sqlalche.me/e/20/xd2s)"}}
  {'type': 'value_error', 'loc': ('response', 91, 'risk_level'), 'msg': "Value error, risk_level must be one of ['Low', 'Moderate', 'High']", 'input': 'LOW', 'ctx': {'error': ValueError("risk_level must be one of ['Low', 'Moderate', 'High']")}}
  {'type': 'get_attribute_error', 'loc': ('response', 91, 'herb'), 'msg': "Error extracting attribute: MissingGreenlet: greenlet_spawn has not been called; can't call await_only() here. Was IO attempted in an unexpected place? (Background on this error at: https://sqlalche.me/e/20/xd2s)", 'input': <app.db.models.interaction.Interaction object at 0x6fff99093c50>, 'ctx': {'error': "MissingGreenlet: greenlet_spawn has not been called; can't call await_only() here. Was IO attempted in an unexpected place? (Background on this error at: https://sqlalche.me/e/20/xd2s)"}}
  {'type': 'get_attribute_error', 'loc': ('response', 91, 'drug'), 'msg': "Error extracting attribute: MissingGreenlet: greenlet_spawn has not been called; can't call await_only() here. Was IO attempted in an unexpected place? (Background on this error at: https://sqlalche.me/e/20/xd2s)", 'input': <app.db.models.interaction.Interaction object at 0x6fff99093c50>, 'ctx': {'error': "MissingGreenlet: greenlet_spawn has not been called; can't call await_only() here. Was IO attempted in an unexpected place? (Background on this error at: https://sqlalche.me/e/20/xd2s)"}}
  {'type': 'value_error', 'loc': ('response', 92, 'risk_level'), 'msg': "Value error, risk_level must be one of ['Low', 'Moderate', 'High']", 'input': 'MODERATE', 'ctx': {'error': ValueError("risk_level must be one of ['Low', 'Moderate', 'High']")}}
  {'type': 'get_attribute_error', 'loc': ('response', 92, 'herb'), 'msg': "Error extracting attribute: MissingGreenlet: greenlet_spawn has not been called; can't call await_only() here. Was IO attempted in an unexpected place? (Background on this error at: https://sqlalche.me/e/20/xd2s)", 'input': <app.db.models.interaction.Interaction object at 0x6fff99093cb0>, 'ctx': {'error': "MissingGreenlet: greenlet_spawn has not been called; can't call await_only() here. Was IO attempted in an unexpected place? (Background on this error at: https://sqlalche.me/e/20/xd2s)"}}
  {'type': 'get_attribute_error', 'loc': ('response', 92, 'drug'), 'msg': "Error extracting attribute: MissingGreenlet: greenlet_spawn has not been called; can't call await_only() here. Was IO attempted in an unexpected place? (Background on this error at: https://sqlalche.me/e/20/xd2s)", 'input': <app.db.models.interaction.Interaction object at 0x6fff99093cb0>, 'ctx': {'error': "MissingGreenlet: greenlet_spawn has not been called; can't call await_only() here. Was IO attempted in an unexpected place? (Background on this error at: https://sqlalche.me/e/20/xd2s)"}}
  {'type': 'value_error', 'loc': ('response', 93, 'risk_level'), 'msg': "Value error, risk_level must be one of ['Low', 'Moderate', 'High']", 'input': 'MODERATE', 'ctx': {'error': ValueError("risk_level must be one of ['Low', 'Moderate', 'High']")}}
  {'type': 'get_attribute_error', 'loc': ('response', 93, 'herb'), 'msg': "Error extracting attribute: MissingGreenlet: greenlet_spawn has not been called; can't call await_only() here. Was IO attempted in an unexpected place? (Background on this error at: https://sqlalche.me/e/20/xd2s)", 'input': <app.db.models.interaction.Interaction object at 0x6fff99093d10>, 'ctx': {'error': "MissingGreenlet: greenlet_spawn has not been called; can't call await_only() here. Was IO attempted in an unexpected place? (Background on this error at: https://sqlalche.me/e/20/xd2s)"}}
  {'type': 'get_attribute_error', 'loc': ('response', 93, 'drug'), 'msg': "Error extracting attribute: MissingGreenlet: greenlet_spawn has not been called; can't call await_only() here. Was IO attempted in an unexpected place? (Background on this error at: https://sqlalche.me/e/20/xd2s)", 'input': <app.db.models.interaction.Interaction object at 0x6fff99093d10>, 'ctx': {'error': "MissingGreenlet: greenlet_spawn has not been called; can't call await_only() here. Was IO attempted in an unexpected place? (Background on this error at: https://sqlalche.me/e/20/xd2s)"}}
  {'type': 'value_error', 'loc': ('response', 94, 'risk_level'), 'msg': "Value error, risk_level must be one of ['Low', 'Moderate', 'High']", 'input': 'MODERATE', 'ctx': {'error': ValueError("risk_level must be one of ['Low', 'Moderate', 'High']")}}
  {'type': 'get_attribute_error', 'loc': ('response', 94, 'herb'), 'msg': "Error extracting attribute: MissingGreenlet: greenlet_spawn has not been called; can't call await_only() here. Was IO attempted in an unexpected place? (Background on this error at: https://sqlalche.me/e/20/xd2s)", 'input': <app.db.models.interaction.Interaction object at 0x6fff99093d70>, 'ctx': {'error': "MissingGreenlet: greenlet_spawn has not been called; can't call await_only() here. Was IO attempted in an unexpected place? (Background on this error at: https://sqlalche.me/e/20/xd2s)"}}
  {'type': 'get_attribute_error', 'loc': ('response', 94, 'drug'), 'msg': "Error extracting attribute: MissingGreenlet: greenlet_spawn has not been called; can't call await_only() here. Was IO attempted in an unexpected place? (Background on this error at: https://sqlalche.me/e/20/xd2s)", 'input': <app.db.models.interaction.Interaction object at 0x6fff99093d70>, 'ctx': {'error': "MissingGreenlet: greenlet_spawn has not been called; can't call await_only() here. Was IO attempted in an unexpected place? (Background on this error at: https://sqlalche.me/e/20/xd2s)"}}
  {'type': 'value_error', 'loc': ('response', 95, 'risk_level'), 'msg': "Value error, risk_level must be one of ['Low', 'Moderate', 'High']", 'input': 'MODERATE', 'ctx': {'error': ValueError("risk_level must be one of ['Low', 'Moderate', 'High']")}}
  {'type': 'get_attribute_error', 'loc': ('response', 95, 'herb'), 'msg': "Error extracting attribute: MissingGreenlet: greenlet_spawn has not been called; can't call await_only() here. Was IO attempted in an unexpected place? (Background on this error at: https://sqlalche.me/e/20/xd2s)", 'input': <app.db.models.interaction.Interaction object at 0x6fff99093dd0>, 'ctx': {'error': "MissingGreenlet: greenlet_spawn has not been called; can't call await_only() here. Was IO attempted in an unexpected place? (Background on this error at: https://sqlalche.me/e/20/xd2s)"}}
  {'type': 'get_attribute_error', 'loc': ('response', 95, 'drug'), 'msg': "Error extracting attribute: MissingGreenlet: greenlet_spawn has not been called; can't call await_only() here. Was IO attempted in an unexpected place? (Background on this error at: https://sqlalche.me/e/20/xd2s)", 'input': <app.db.models.interaction.Interaction object at 0x6fff99093dd0>, 'ctx': {'error': "MissingGreenlet: greenlet_spawn has not been called; can't call await_only() here. Was IO attempted in an unexpected place? (Background on this error at: https://sqlalche.me/e/20/xd2s)"}}
  {'type': 'value_error', 'loc': ('response', 96, 'risk_level'), 'msg': "Value error, risk_level must be one of ['Low', 'Moderate', 'High']", 'input': 'MODERATE', 'ctx': {'error': ValueError("risk_level must be one of ['Low', 'Moderate', 'High']")}}
  {'type': 'get_attribute_error', 'loc': ('response', 96, 'herb'), 'msg': "Error extracting attribute: MissingGreenlet: greenlet_spawn has not been called; can't call await_only() here. Was IO attempted in an unexpected place? (Background on this error at: https://sqlalche.me/e/20/xd2s)", 'input': <app.db.models.interaction.Interaction object at 0x6fff99093e30>, 'ctx': {'error': "MissingGreenlet: greenlet_spawn has not been called; can't call await_only() here. Was IO attempted in an unexpected place? (Background on this error at: https://sqlalche.me/e/20/xd2s)"}}
  {'type': 'get_attribute_error', 'loc': ('response', 96, 'drug'), 'msg': "Error extracting attribute: MissingGreenlet: greenlet_spawn has not been called; can't call await_only() here. Was IO attempted in an unexpected place? (Background on this error at: https://sqlalche.me/e/20/xd2s)", 'input': <app.db.models.interaction.Interaction object at 0x6fff99093e30>, 'ctx': {'error': "MissingGreenlet: greenlet_spawn has not been called; can't call await_only() here. Was IO attempted in an unexpected place? (Background on this error at: https://sqlalche.me/e/20/xd2s)"}}
  {'type': 'value_error', 'loc': ('response', 97, 'risk_level'), 'msg': "Value error, risk_level must be one of ['Low', 'Moderate', 'High']", 'input': 'LOW', 'ctx': {'error': ValueError("risk_level must be one of ['Low', 'Moderate', 'High']")}}
  {'type': 'get_attribute_error', 'loc': ('response', 97, 'herb'), 'msg': "Error extracting attribute: MissingGreenlet: greenlet_spawn has not been called; can't call await_only() here. Was IO attempted in an unexpected place? (Background on this error at: https://sqlalche.me/e/20/xd2s)", 'input': <app.db.models.interaction.Interaction object at 0x6fff99093e90>, 'ctx': {'error': "MissingGreenlet: greenlet_spawn has not been called; can't call await_only() here. Was IO attempted in an unexpected place? (Background on this error at: https://sqlalche.me/e/20/xd2s)"}}
  {'type': 'get_attribute_error', 'loc': ('response', 97, 'drug'), 'msg': "Error extracting attribute: MissingGreenlet: greenlet_spawn has not been called; can't call await_only() here. Was IO attempted in an unexpected place? (Background on this error at: https://sqlalche.me/e/20/xd2s)", 'input': <app.db.models.interaction.Interaction object at 0x6fff99093e90>, 'ctx': {'error': "MissingGreenlet: greenlet_spawn has not been called; can't call await_only() here. Was IO attempted in an unexpected place? (Background on this error at: https://sqlalche.me/e/20/xd2s)"}}
  {'type': 'value_error', 'loc': ('response', 98, 'risk_level'), 'msg': "Value error, risk_level must be one of ['Low', 'Moderate', 'High']", 'input': 'LOW', 'ctx': {'error': ValueError("risk_level must be one of ['Low', 'Moderate', 'High']")}}
  {'type': 'get_attribute_error', 'loc': ('response', 98, 'herb'), 'msg': "Error extracting attribute: MissingGreenlet: greenlet_spawn has not been called; can't call await_only() here. Was IO attempted in an unexpected place? (Background on this error at: https://sqlalche.me/e/20/xd2s)", 'input': <app.db.models.interaction.Interaction object at 0x6fff99093ef0>, 'ctx': {'error': "MissingGreenlet: greenlet_spawn has not been called; can't call await_only() here. Was IO attempted in an unexpected place? (Background on this error at: https://sqlalche.me/e/20/xd2s)"}}
  {'type': 'get_attribute_error', 'loc': ('response', 98, 'drug'), 'msg': "Error extracting attribute: MissingGreenlet: greenlet_spawn has not been called; can't call await_only() here. Was IO attempted in an unexpected place? (Background on this error at: https://sqlalche.me/e/20/xd2s)", 'input': <app.db.models.interaction.Interaction object at 0x6fff99093ef0>, 'ctx': {'error': "MissingGreenlet: greenlet_spawn has not been called; can't call await_only() here. Was IO attempted in an unexpected place? (Background on this error at: https://sqlalche.me/e/20/xd2s)"}}
  {'type': 'value_error', 'loc': ('response', 99, 'risk_level'), 'msg': "Value error, risk_level must be one of ['Low', 'Moderate', 'High']", 'input': 'MODERATE', 'ctx': {'error': ValueError("risk_level must be one of ['Low', 'Moderate', 'High']")}}
  {'type': 'get_attribute_error', 'loc': ('response', 99, 'herb'), 'msg': "Error extracting attribute: MissingGreenlet: greenlet_spawn has not been called; can't call await_only() here. Was IO attempted in an unexpected place? (Background on this error at: https://sqlalche.me/e/20/xd2s)", 'input': <app.db.models.interaction.Interaction object at 0x6fff99093f50>, 'ctx': {'error': "MissingGreenlet: greenlet_spawn has not been called; can't call await_only() here. Was IO attempted in an unexpected place? (Background on this error at: https://sqlalche.me/e/20/xd2s)"}}
  {'type': 'get_attribute_error', 'loc': ('response', 99, 'drug'), 'msg': "Error extracting attribute: MissingGreenlet: greenlet_spawn has not been called; can't call await_only() here. Was IO attempted in an unexpected place? (Background on this error at: https://sqlalche.me/e/20/xd2s)", 'input': <app.db.models.interaction.Interaction object at 0x6fff99093f50>, 'ctx': {'error': "MissingGreenlet: greenlet_spawn has not been called; can't call await_only() here. Was IO attempted in an unexpected place? (Background on this error at: https://sqlalche.me/e/20/xd2s)"}}
  {'type': 'value_error', 'loc': ('response', 100, 'risk_level'), 'msg': "Value error, risk_level must be one of ['Low', 'Moderate', 'High']", 'input': 'MODERATE', 'ctx': {'error': ValueError("risk_level must be one of ['Low', 'Moderate', 'High']")}}
  {'type': 'get_attribute_error', 'loc': ('response', 100, 'herb'), 'msg': "Error extracting attribute: MissingGreenlet: greenlet_spawn has not been called; can't call await_only() here. Was IO attempted in an unexpected place? (Background on this error at: https://sqlalche.me/e/20/xd2s)", 'input': <app.db.models.interaction.Interaction object at 0x6fff99093fb0>, 'ctx': {'error': "MissingGreenlet: greenlet_spawn has not been called; can't call await_only() here. Was IO attempted in an unexpected place? (Background on this error at: https://sqlalche.me/e/20/xd2s)"}}
  {'type': 'get_attribute_error', 'loc': ('response', 100, 'drug'), 'msg': "Error extracting attribute: MissingGreenlet: greenlet_spawn has not been called; can't call await_only() here. Was IO attempted in an unexpected place? (Background on this error at: https://sqlalche.me/e/20/xd2s)", 'input': <app.db.models.interaction.Interaction object at 0x6fff99093fb0>, 'ctx': {'error': "MissingGreenlet: greenlet_spawn has not been called; can't call await_only() here. Was IO attempted in an unexpected place? (Background on this error at: https://sqlalche.me/e/20/xd2s)"}}
  {'type': 'value_error', 'loc': ('response', 101, 'risk_level'), 'msg': "Value error, risk_level must be one of ['Low', 'Moderate', 'High']", 'input': 'LOW', 'ctx': {'error': ValueError("risk_level must be one of ['Low', 'Moderate', 'High']")}}
  {'type': 'get_attribute_error', 'loc': ('response', 101, 'herb'), 'msg': "Error extracting attribute: MissingGreenlet: greenlet_spawn has not been called; can't call await_only() here. Was IO attempted in an unexpected place? (Background on this error at: https://sqlalche.me/e/20/xd2s)", 'input': <app.db.models.interaction.Interaction object at 0x6fff990ac050>, 'ctx': {'error': "MissingGreenlet: greenlet_spawn has not been called; can't call await_only() here. Was IO attempted in an unexpected place? (Background on this error at: https://sqlalche.me/e/20/xd2s)"}}
  {'type': 'get_attribute_error', 'loc': ('response', 101, 'drug'), 'msg': "Error extracting attribute: MissingGreenlet: greenlet_spawn has not been called; can't call await_only() here. Was IO attempted in an unexpected place? (Background on this error at: https://sqlalche.me/e/20/xd2s)", 'input': <app.db.models.interaction.Interaction object at 0x6fff990ac050>, 'ctx': {'error': "MissingGreenlet: greenlet_spawn has not been called; can't call await_only() here. Was IO attempted in an unexpected place? (Background on this error at: https://sqlalche.me/e/20/xd2s)"}}
  {'type': 'value_error', 'loc': ('response', 102, 'risk_level'), 'msg': "Value error, risk_level must be one of ['Low', 'Moderate', 'High']", 'input': 'MODERATE', 'ctx': {'error': ValueError("risk_level must be one of ['Low', 'Moderate', 'High']")}}
  {'type': 'get_attribute_error', 'loc': ('response', 102, 'herb'), 'msg': "Error extracting attribute: MissingGreenlet: greenlet_spawn has not been called; can't call await_only() here. Was IO attempted in an unexpected place? (Background on this error at: https://sqlalche.me/e/20/xd2s)", 'input': <app.db.models.interaction.Interaction object at 0x6fff990ac0b0>, 'ctx': {'error': "MissingGreenlet: greenlet_spawn has not been called; can't call await_only() here. Was IO attempted in an unexpected place? (Background on this error at: https://sqlalche.me/e/20/xd2s)"}}
  {'type': 'get_attribute_error', 'loc': ('response', 102, 'drug'), 'msg': "Error extracting attribute: MissingGreenlet: greenlet_spawn has not been called; can't call await_only() here. Was IO attempted in an unexpected place? (Background on this error at: https://sqlalche.me/e/20/xd2s)", 'input': <app.db.models.interaction.Interaction object at 0x6fff990ac0b0>, 'ctx': {'error': "MissingGreenlet: greenlet_spawn has not been called; can't call await_only() here. Was IO attempted in an unexpected place? (Background on this error at: https://sqlalche.me/e/20/xd2s)"}}
  {'type': 'value_error', 'loc': ('response', 103, 'risk_level'), 'msg': "Value error, risk_level must be one of ['Low', 'Moderate', 'High']", 'input': 'LOW', 'ctx': {'error': ValueError("risk_level must be one of ['Low', 'Moderate', 'High']")}}
  {'type': 'get_attribute_error', 'loc': ('response', 103, 'herb'), 'msg': "Error extracting attribute: MissingGreenlet: greenlet_spawn has not been called; can't call await_only() here. Was IO attempted in an unexpected place? (Background on this error at: https://sqlalche.me/e/20/xd2s)", 'input': <app.db.models.interaction.Interaction object at 0x6fff990ac110>, 'ctx': {'error': "MissingGreenlet: greenlet_spawn has not been called; can't call await_only() here. Was IO attempted in an unexpected place? (Background on this error at: https://sqlalche.me/e/20/xd2s)"}}
  {'type': 'get_attribute_error', 'loc': ('response', 103, 'drug'), 'msg': "Error extracting attribute: MissingGreenlet: greenlet_spawn has not been called; can't call await_only() here. Was IO attempted in an unexpected place? (Background on this error at: https://sqlalche.me/e/20/xd2s)", 'input': <app.db.models.interaction.Interaction object at 0x6fff990ac110>, 'ctx': {'error': "MissingGreenlet: greenlet_spawn has not been called; can't call await_only() here. Was IO attempted in an unexpected place? (Background on this error at: https://sqlalche.me/e/20/xd2s)"}}
  {'type': 'value_error', 'loc': ('response', 104, 'risk_level'), 'msg': "Value error, risk_level must be one of ['Low', 'Moderate', 'High']", 'input': 'MODERATE', 'ctx': {'error': ValueError("risk_level must be one of ['Low', 'Moderate', 'High']")}}
  {'type': 'get_attribute_error', 'loc': ('response', 104, 'herb'), 'msg': "Error extracting attribute: MissingGreenlet: greenlet_spawn has not been called; can't call await_only() here. Was IO attempted in an unexpected place? (Background on this error at: https://sqlalche.me/e/20/xd2s)", 'input': <app.db.models.interaction.Interaction object at 0x6fff990ac170>, 'ctx': {'error': "MissingGreenlet: greenlet_spawn has not been called; can't call await_only() here. Was IO attempted in an unexpected place? (Background on this error at: https://sqlalche.me/e/20/xd2s)"}}
  {'type': 'get_attribute_error', 'loc': ('response', 104, 'drug'), 'msg': "Error extracting attribute: MissingGreenlet: greenlet_spawn has not been called; can't call await_only() here. Was IO attempted in an unexpected place? (Background on this error at: https://sqlalche.me/e/20/xd2s)", 'input': <app.db.models.interaction.Interaction object at 0x6fff990ac170>, 'ctx': {'error': "MissingGreenlet: greenlet_spawn has not been called; can't call await_only() here. Was IO attempted in an unexpected place? (Background on this error at: https://sqlalche.me/e/20/xd2s)"}}
  {'type': 'value_error', 'loc': ('response', 105, 'risk_level'), 'msg': "Value error, risk_level must be one of ['Low', 'Moderate', 'High']", 'input': 'MODERATE', 'ctx': {'error': ValueError("risk_level must be one of ['Low', 'Moderate', 'High']")}}
  {'type': 'get_attribute_error', 'loc': ('response', 105, 'herb'), 'msg': "Error extracting attribute: MissingGreenlet: greenlet_spawn has not been called; can't call await_only() here. Was IO attempted in an unexpected place? (Background on this error at: https://sqlalche.me/e/20/xd2s)", 'input': <app.db.models.interaction.Interaction object at 0x6fff990ac1d0>, 'ctx': {'error': "MissingGreenlet: greenlet_spawn has not been called; can't call await_only() here. Was IO attempted in an unexpected place? (Background on this error at: https://sqlalche.me/e/20/xd2s)"}}
  {'type': 'get_attribute_error', 'loc': ('response', 105, 'drug'), 'msg': "Error extracting attribute: MissingGreenlet: greenlet_spawn has not been called; can't call await_only() here. Was IO attempted in an unexpected place? (Background on this error at: https://sqlalche.me/e/20/xd2s)", 'input': <app.db.models.interaction.Interaction object at 0x6fff990ac1d0>, 'ctx': {'error': "MissingGreenlet: greenlet_spawn has not been called; can't call await_only() here. Was IO attempted in an unexpected place? (Background on this error at: https://sqlalche.me/e/20/xd2s)"}}
  {'type': 'value_error', 'loc': ('response', 106, 'risk_level'), 'msg': "Value error, risk_level must be one of ['Low', 'Moderate', 'High']", 'input': 'MODERATE', 'ctx': {'error': ValueError("risk_level must be one of ['Low', 'Moderate', 'High']")}}
  {'type': 'get_attribute_error', 'loc': ('response', 106, 'herb'), 'msg': "Error extracting attribute: MissingGreenlet: greenlet_spawn has not been called; can't call await_only() here. Was IO attempted in an unexpected place? (Background on this error at: https://sqlalche.me/e/20/xd2s)", 'input': <app.db.models.interaction.Interaction object at 0x6fff990ac230>, 'ctx': {'error': "MissingGreenlet: greenlet_spawn has not been called; can't call await_only() here. Was IO attempted in an unexpected place? (Background on this error at: https://sqlalche.me/e/20/xd2s)"}}
  {'type': 'get_attribute_error', 'loc': ('response', 106, 'drug'), 'msg': "Error extracting attribute: MissingGreenlet: greenlet_spawn has not been called; can't call await_only() here. Was IO attempted in an unexpected place? (Background on this error at: https://sqlalche.me/e/20/xd2s)", 'input': <app.db.models.interaction.Interaction object at 0x6fff990ac230>, 'ctx': {'error': "MissingGreenlet: greenlet_spawn has not been called; can't call await_only() here. Was IO attempted in an unexpected place? (Background on this error at: https://sqlalche.me/e/20/xd2s)"}}
  {'type': 'value_error', 'loc': ('response', 107, 'risk_level'), 'msg': "Value error, risk_level must be one of ['Low', 'Moderate', 'High']", 'input': 'MODERATE', 'ctx': {'error': ValueError("risk_level must be one of ['Low', 'Moderate', 'High']")}}
  {'type': 'get_attribute_error', 'loc': ('response', 107, 'herb'), 'msg': "Error extracting attribute: MissingGreenlet: greenlet_spawn has not been called; can't call await_only() here. Was IO attempted in an unexpected place? (Background on this error at: https://sqlalche.me/e/20/xd2s)", 'input': <app.db.models.interaction.Interaction object at 0x6fff990ac290>, 'ctx': {'error': "MissingGreenlet: greenlet_spawn has not been called; can't call await_only() here. Was IO attempted in an unexpected place? (Background on this error at: https://sqlalche.me/e/20/xd2s)"}}
  {'type': 'get_attribute_error', 'loc': ('response', 107, 'drug'), 'msg': "Error extracting attribute: MissingGreenlet: greenlet_spawn has not been called; can't call await_only() here. Was IO attempted in an unexpected place? (Background on this error at: https://sqlalche.me/e/20/xd2s)", 'input': <app.db.models.interaction.Interaction object at 0x6fff990ac290>, 'ctx': {'error': "MissingGreenlet: greenlet_spawn has not been called; can't call await_only() here. Was IO attempted in an unexpected place? (Background on this error at: https://sqlalche.me/e/20/xd2s)"}}
  {'type': 'value_error', 'loc': ('response', 108, 'risk_level'), 'msg': "Value error, risk_level must be one of ['Low', 'Moderate', 'High']", 'input': 'MODERATE', 'ctx': {'error': ValueError("risk_level must be one of ['Low', 'Moderate', 'High']")}}
  {'type': 'get_attribute_error', 'loc': ('response', 108, 'herb'), 'msg': "Error extracting attribute: MissingGreenlet: greenlet_spawn has not been called; can't call await_only() here. Was IO attempted in an unexpected place? (Background on this error at: https://sqlalche.me/e/20/xd2s)", 'input': <app.db.models.interaction.Interaction object at 0x6fff990ac2f0>, 'ctx': {'error': "MissingGreenlet: greenlet_spawn has not been called; can't call await_only() here. Was IO attempted in an unexpected place? (Background on this error at: https://sqlalche.me/e/20/xd2s)"}}
  {'type': 'get_attribute_error', 'loc': ('response', 108, 'drug'), 'msg': "Error extracting attribute: MissingGreenlet: greenlet_spawn has not been called; can't call await_only() here. Was IO attempted in an unexpected place? (Background on this error at: https://sqlalche.me/e/20/xd2s)", 'input': <app.db.models.interaction.Interaction object at 0x6fff990ac2f0>, 'ctx': {'error': "MissingGreenlet: greenlet_spawn has not been called; can't call await_only() here. Was IO attempted in an unexpected place? (Background on this error at: https://sqlalche.me/e/20/xd2s)"}}
  {'type': 'value_error', 'loc': ('response', 109, 'risk_level'), 'msg': "Value error, risk_level must be one of ['Low', 'Moderate', 'High']", 'input': 'MODERATE', 'ctx': {'error': ValueError("risk_level must be one of ['Low', 'Moderate', 'High']")}}
  {'type': 'get_attribute_error', 'loc': ('response', 109, 'herb'), 'msg': "Error extracting attribute: MissingGreenlet: greenlet_spawn has not been called; can't call await_only() here. Was IO attempted in an unexpected place? (Background on this error at: https://sqlalche.me/e/20/xd2s)", 'input': <app.db.models.interaction.Interaction object at 0x6fff990ac350>, 'ctx': {'error': "MissingGreenlet: greenlet_spawn has not been called; can't call await_only() here. Was IO attempted in an unexpected place? (Background on this error at: https://sqlalche.me/e/20/xd2s)"}}
  {'type': 'get_attribute_error', 'loc': ('response', 109, 'drug'), 'msg': "Error extracting attribute: MissingGreenlet: greenlet_spawn has not been called; can't call await_only() here. Was IO attempted in an unexpected place? (Background on this error at: https://sqlalche.me/e/20/xd2s)", 'input': <app.db.models.interaction.Interaction object at 0x6fff990ac350>, 'ctx': {'error': "MissingGreenlet: greenlet_spawn has not been called; can't call await_only() here. Was IO attempted in an unexpected place? (Background on this error at: https://sqlalche.me/e/20/xd2s)"}}
  {'type': 'value_error', 'loc': ('response', 110, 'risk_level'), 'msg': "Value error, risk_level must be one of ['Low', 'Moderate', 'High']", 'input': 'MODERATE', 'ctx': {'error': ValueError("risk_level must be one of ['Low', 'Moderate', 'High']")}}
  {'type': 'get_attribute_error', 'loc': ('response', 110, 'herb'), 'msg': "Error extracting attribute: MissingGreenlet: greenlet_spawn has not been called; can't call await_only() here. Was IO attempted in an unexpected place? (Background on this error at: https://sqlalche.me/e/20/xd2s)", 'input': <app.db.models.interaction.Interaction object at 0x6fff990ac3b0>, 'ctx': {'error': "MissingGreenlet: greenlet_spawn has not been called; can't call await_only() here. Was IO attempted in an unexpected place? (Background on this error at: https://sqlalche.me/e/20/xd2s)"}}
  {'type': 'get_attribute_error', 'loc': ('response', 110, 'drug'), 'msg': "Error extracting attribute: MissingGreenlet: greenlet_spawn has not been called; can't call await_only() here. Was IO attempted in an unexpected place? (Background on this error at: https://sqlalche.me/e/20/xd2s)", 'input': <app.db.models.interaction.Interaction object at 0x6fff990ac3b0>, 'ctx': {'error': "MissingGreenlet: greenlet_spawn has not been called; can't call await_only() here. Was IO attempted in an unexpected place? (Background on this error at: https://sqlalche.me/e/20/xd2s)"}}
  {'type': 'value_error', 'loc': ('response', 111, 'risk_level'), 'msg': "Value error, risk_level must be one of ['Low', 'Moderate', 'High']", 'input': 'MODERATE', 'ctx': {'error': ValueError("risk_level must be one of ['Low', 'Moderate', 'High']")}}
  {'type': 'get_attribute_error', 'loc': ('response', 111, 'herb'), 'msg': "Error extracting attribute: MissingGreenlet: greenlet_spawn has not been called; can't call await_only() here. Was IO attempted in an unexpected place? (Background on this error at: https://sqlalche.me/e/20/xd2s)", 'input': <app.db.models.interaction.Interaction object at 0x6fff990ac410>, 'ctx': {'error': "MissingGreenlet: greenlet_spawn has not been called; can't call await_only() here. Was IO attempted in an unexpected place? (Background on this error at: https://sqlalche.me/e/20/xd2s)"}}
  {'type': 'get_attribute_error', 'loc': ('response', 111, 'drug'), 'msg': "Error extracting attribute: MissingGreenlet: greenlet_spawn has not been called; can't call await_only() here. Was IO attempted in an unexpected place? (Background on this error at: https://sqlalche.me/e/20/xd2s)", 'input': <app.db.models.interaction.Interaction object at 0x6fff990ac410>, 'ctx': {'error': "MissingGreenlet: greenlet_spawn has not been called; can't call await_only() here. Was IO attempted in an unexpected place? (Background on this error at: https://sqlalche.me/e/20/xd2s)"}}
  {'type': 'value_error', 'loc': ('response', 112, 'risk_level'), 'msg': "Value error, risk_level must be one of ['Low', 'Moderate', 'High']", 'input': 'LOW', 'ctx': {'error': ValueError("risk_level must be one of ['Low', 'Moderate', 'High']")}}
  {'type': 'get_attribute_error', 'loc': ('response', 112, 'herb'), 'msg': "Error extracting attribute: MissingGreenlet: greenlet_spawn has not been called; can't call await_only() here. Was IO attempted in an unexpected place? (Background on this error at: https://sqlalche.me/e/20/xd2s)", 'input': <app.db.models.interaction.Interaction object at 0x6fff990ac470>, 'ctx': {'error': "MissingGreenlet: greenlet_spawn has not been called; can't call await_only() here. Was IO attempted in an unexpected place? (Background on this error at: https://sqlalche.me/e/20/xd2s)"}}
  {'type': 'get_attribute_error', 'loc': ('response', 112, 'drug'), 'msg': "Error extracting attribute: MissingGreenlet: greenlet_spawn has not been called; can't call await_only() here. Was IO attempted in an unexpected place? (Background on this error at: https://sqlalche.me/e/20/xd2s)", 'input': <app.db.models.interaction.Interaction object at 0x6fff990ac470>, 'ctx': {'error': "MissingGreenlet: greenlet_spawn has not been called; can't call await_only() here. Was IO attempted in an unexpected place? (Background on this error at: https://sqlalche.me/e/20/xd2s)"}}
  {'type': 'value_error', 'loc': ('response', 113, 'risk_level'), 'msg': "Value error, risk_level must be one of ['Low', 'Moderate', 'High']", 'input': 'MODERATE', 'ctx': {'error': ValueError("risk_level must be one of ['Low', 'Moderate', 'High']")}}
  {'type': 'get_attribute_error', 'loc': ('response', 113, 'herb'), 'msg': "Error extracting attribute: MissingGreenlet: greenlet_spawn has not been called; can't call await_only() here. Was IO attempted in an unexpected place? (Background on this error at: https://sqlalche.me/e/20/xd2s)", 'input': <app.db.models.interaction.Interaction object at 0x6fff990ac4d0>, 'ctx': {'error': "MissingGreenlet: greenlet_spawn has not been called; can't call await_only() here. Was IO attempted in an unexpected place? (Background on this error at: https://sqlalche.me/e/20/xd2s)"}}
  {'type': 'get_attribute_error', 'loc': ('response', 113, 'drug'), 'msg': "Error extracting attribute: MissingGreenlet: greenlet_spawn has not been called; can't call await_only() here. Was IO attempted in an unexpected place? (Background on this error at: https://sqlalche.me/e/20/xd2s)", 'input': <app.db.models.interaction.Interaction object at 0x6fff990ac4d0>, 'ctx': {'error': "MissingGreenlet: greenlet_spawn has not been called; can't call await_only() here. Was IO attempted in an unexpected place? (Background on this error at: https://sqlalche.me/e/20/xd2s)"}}
  {'type': 'value_error', 'loc': ('response', 114, 'risk_level'), 'msg': "Value error, risk_level must be one of ['Low', 'Moderate', 'High']", 'input': 'MODERATE', 'ctx': {'error': ValueError("risk_level must be one of ['Low', 'Moderate', 'High']")}}
  {'type': 'get_attribute_error', 'loc': ('response', 114, 'herb'), 'msg': "Error extracting attribute: MissingGreenlet: greenlet_spawn has not been called; can't call await_only() here. Was IO attempted in an unexpected place? (Background on this error at: https://sqlalche.me/e/20/xd2s)", 'input': <app.db.models.interaction.Interaction object at 0x6fff990ac530>, 'ctx': {'error': "MissingGreenlet: greenlet_spawn has not been called; can't call await_only() here. Was IO attempted in an unexpected place? (Background on this error at: https://sqlalche.me/e/20/xd2s)"}}
  {'type': 'get_attribute_error', 'loc': ('response', 114, 'drug'), 'msg': "Error extracting attribute: MissingGreenlet: greenlet_spawn has not been called; can't call await_only() here. Was IO attempted in an unexpected place? (Background on this error at: https://sqlalche.me/e/20/xd2s)", 'input': <app.db.models.interaction.Interaction object at 0x6fff990ac530>, 'ctx': {'error': "MissingGreenlet: greenlet_spawn has not been called; can't call await_only() here. Was IO attempted in an unexpected place? (Background on this error at: https://sqlalche.me/e/20/xd2s)"}}
  {'type': 'value_error', 'loc': ('response', 115, 'risk_level'), 'msg': "Value error, risk_level must be one of ['Low', 'Moderate', 'High']", 'input': 'MODERATE', 'ctx': {'error': ValueError("risk_level must be one of ['Low', 'Moderate', 'High']")}}
  {'type': 'get_attribute_error', 'loc': ('response', 115, 'herb'), 'msg': "Error extracting attribute: MissingGreenlet: greenlet_spawn has not been called; can't call await_only() here. Was IO attempted in an unexpected place? (Background on this error at: https://sqlalche.me/e/20/xd2s)", 'input': <app.db.models.interaction.Interaction object at 0x6fff990ac590>, 'ctx': {'error': "MissingGreenlet: greenlet_spawn has not been called; can't call await_only() here. Was IO attempted in an unexpected place? (Background on this error at: https://sqlalche.me/e/20/xd2s)"}}
  {'type': 'get_attribute_error', 'loc': ('response', 115, 'drug'), 'msg': "Error extracting attribute: MissingGreenlet: greenlet_spawn has not been called; can't call await_only() here. Was IO attempted in an unexpected place? (Background on this error at: https://sqlalche.me/e/20/xd2s)", 'input': <app.db.models.interaction.Interaction object at 0x6fff990ac590>, 'ctx': {'error': "MissingGreenlet: greenlet_spawn has not been called; can't call await_only() here. Was IO attempted in an unexpected place? (Background on this error at: https://sqlalche.me/e/20/xd2s)"}}
  {'type': 'value_error', 'loc': ('response', 116, 'risk_level'), 'msg': "Value error, risk_level must be one of ['Low', 'Moderate', 'High']", 'input': 'MODERATE', 'ctx': {'error': ValueError("risk_level must be one of ['Low', 'Moderate', 'High']")}}
  {'type': 'get_attribute_error', 'loc': ('response', 116, 'herb'), 'msg': "Error extracting attribute: MissingGreenlet: greenlet_spawn has not been called; can't call await_only() here. Was IO attempted in an unexpected place? (Background on this error at: https://sqlalche.me/e/20/xd2s)", 'input': <app.db.models.interaction.Interaction object at 0x6fff990ac5f0>, 'ctx': {'error': "MissingGreenlet: greenlet_spawn has not been called; can't call await_only() here. Was IO attempted in an unexpected place? (Background on this error at: https://sqlalche.me/e/20/xd2s)"}}
  {'type': 'get_attribute_error', 'loc': ('response', 116, 'drug'), 'msg': "Error extracting attribute: MissingGreenlet: greenlet_spawn has not been called; can't call await_only() here. Was IO attempted in an unexpected place? (Background on this error at: https://sqlalche.me/e/20/xd2s)", 'input': <app.db.models.interaction.Interaction object at 0x6fff990ac5f0>, 'ctx': {'error': "MissingGreenlet: greenlet_spawn has not been called; can't call await_only() here. Was IO attempted in an unexpected place? (Background on this error at: https://sqlalche.me/e/20/xd2s)"}}
  {'type': 'value_error', 'loc': ('response', 117, 'risk_level'), 'msg': "Value error, risk_level must be one of ['Low', 'Moderate', 'High']", 'input': 'MODERATE', 'ctx': {'error': ValueError("risk_level must be one of ['Low', 'Moderate', 'High']")}}
  {'type': 'get_attribute_error', 'loc': ('response', 117, 'herb'), 'msg': "Error extracting attribute: MissingGreenlet: greenlet_spawn has not been called; can't call await_only() here. Was IO attempted in an unexpected place? (Background on this error at: https://sqlalche.me/e/20/xd2s)", 'input': <app.db.models.interaction.Interaction object at 0x6fff990ac650>, 'ctx': {'error': "MissingGreenlet: greenlet_spawn has not been called; can't call await_only() here. Was IO attempted in an unexpected place? (Background on this error at: https://sqlalche.me/e/20/xd2s)"}}
  {'type': 'get_attribute_error', 'loc': ('response', 117, 'drug'), 'msg': "Error extracting attribute: MissingGreenlet: greenlet_spawn has not been called; can't call await_only() here. Was IO attempted in an unexpected place? (Background on this error at: https://sqlalche.me/e/20/xd2s)", 'input': <app.db.models.interaction.Interaction object at 0x6fff990ac650>, 'ctx': {'error': "MissingGreenlet: greenlet_spawn has not been called; can't call await_only() here. Was IO attempted in an unexpected place? (Background on this error at: https://sqlalche.me/e/20/xd2s)"}}
  {'type': 'value_error', 'loc': ('response', 118, 'risk_level'), 'msg': "Value error, risk_level must be one of ['Low', 'Moderate', 'High']", 'input': 'LOW', 'ctx': {'error': ValueError("risk_level must be one of ['Low', 'Moderate', 'High']")}}
  {'type': 'get_attribute_error', 'loc': ('response', 118, 'herb'), 'msg': "Error extracting attribute: MissingGreenlet: greenlet_spawn has not been called; can't call await_only() here. Was IO attempted in an unexpected place? (Background on this error at: https://sqlalche.me/e/20/xd2s)", 'input': <app.db.models.interaction.Interaction object at 0x6fff990ac6b0>, 'ctx': {'error': "MissingGreenlet: greenlet_spawn has not been called; can't call await_only() here. Was IO attempted in an unexpected place? (Background on this error at: https://sqlalche.me/e/20/xd2s)"}}
  {'type': 'get_attribute_error', 'loc': ('response', 118, 'drug'), 'msg': "Error extracting attribute: MissingGreenlet: greenlet_spawn has not been called; can't call await_only() here. Was IO attempted in an unexpected place? (Background on this error at: https://sqlalche.me/e/20/xd2s)", 'input': <app.db.models.interaction.Interaction object at 0x6fff990ac6b0>, 'ctx': {'error': "MissingGreenlet: greenlet_spawn has not been called; can't call await_only() here. Was IO attempted in an unexpected place? (Background on this error at: https://sqlalche.me/e/20/xd2s)"}}
  {'type': 'value_error', 'loc': ('response', 119, 'risk_level'), 'msg': "Value error, risk_level must be one of ['Low', 'Moderate', 'High']", 'input': 'LOW', 'ctx': {'error': ValueError("risk_level must be one of ['Low', 'Moderate', 'High']")}}
  {'type': 'get_attribute_error', 'loc': ('response', 119, 'herb'), 'msg': "Error extracting attribute: MissingGreenlet: greenlet_spawn has not been called; can't call await_only() here. Was IO attempted in an unexpected place? (Background on this error at: https://sqlalche.me/e/20/xd2s)", 'input': <app.db.models.interaction.Interaction object at 0x6fff990ac710>, 'ctx': {'error': "MissingGreenlet: greenlet_spawn has not been called; can't call await_only() here. Was IO attempted in an unexpected place? (Background on this error at: https://sqlalche.me/e/20/xd2s)"}}
  {'type': 'get_attribute_error', 'loc': ('response', 119, 'drug'), 'msg': "Error extracting attribute: MissingGreenlet: greenlet_spawn has not been called; can't call await_only() here. Was IO attempted in an unexpected place? (Background on this error at: https://sqlalche.me/e/20/xd2s)", 'input': <app.db.models.interaction.Interaction object at 0x6fff990ac710>, 'ctx': {'error': "MissingGreenlet: greenlet_spawn has not been called; can't call await_only() here. Was IO attempted in an unexpected place? (Background on this error at: https://sqlalche.me/e/20/xd2s)"}}
  {'type': 'value_error', 'loc': ('response', 120, 'risk_level'), 'msg': "Value error, risk_level must be one of ['Low', 'Moderate', 'High']", 'input': 'MODERATE', 'ctx': {'error': ValueError("risk_level must be one of ['Low', 'Moderate', 'High']")}}
  {'type': 'get_attribute_error', 'loc': ('response', 120, 'herb'), 'msg': "Error extracting attribute: MissingGreenlet: greenlet_spawn has not been called; can't call await_only() here. Was IO attempted in an unexpected place? (Background on this error at: https://sqlalche.me/e/20/xd2s)", 'input': <app.db.models.interaction.Interaction object at 0x6fff990ac770>, 'ctx': {'error': "MissingGreenlet: greenlet_spawn has not been called; can't call await_only() here. Was IO attempted in an unexpected place? (Background on this error at: https://sqlalche.me/e/20/xd2s)"}}
  {'type': 'get_attribute_error', 'loc': ('response', 120, 'drug'), 'msg': "Error extracting attribute: MissingGreenlet: greenlet_spawn has not been called; can't call await_only() here. Was IO attempted in an unexpected place? (Background on this error at: https://sqlalche.me/e/20/xd2s)", 'input': <app.db.models.interaction.Interaction object at 0x6fff990ac770>, 'ctx': {'error': "MissingGreenlet: greenlet_spawn has not been called; can't call await_only() here. Was IO attempted in an unexpected place? (Background on this error at: https://sqlalche.me/e/20/xd2s)"}}
  {'type': 'value_error', 'loc': ('response', 121, 'risk_level'), 'msg': "Value error, risk_level must be one of ['Low', 'Moderate', 'High']", 'input': 'MODERATE', 'ctx': {'error': ValueError("risk_level must be one of ['Low', 'Moderate', 'High']")}}
  {'type': 'get_attribute_error', 'loc': ('response', 121, 'herb'), 'msg': "Error extracting attribute: MissingGreenlet: greenlet_spawn has not been called; can't call await_only() here. Was IO attempted in an unexpected place? (Background on this error at: https://sqlalche.me/e/20/xd2s)", 'input': <app.db.models.interaction.Interaction object at 0x6fff990ac7d0>, 'ctx': {'error': "MissingGreenlet: greenlet_spawn has not been called; can't call await_only() here. Was IO attempted in an unexpected place? (Background on this error at: https://sqlalche.me/e/20/xd2s)"}}
  {'type': 'get_attribute_error', 'loc': ('response', 121, 'drug'), 'msg': "Error extracting attribute: MissingGreenlet: greenlet_spawn has not been called; can't call await_only() here. Was IO attempted in an unexpected place? (Background on this error at: https://sqlalche.me/e/20/xd2s)", 'input': <app.db.models.interaction.Interaction object at 0x6fff990ac7d0>, 'ctx': {'error': "MissingGreenlet: greenlet_spawn has not been called; can't call await_only() here. Was IO attempted in an unexpected place? (Background on this error at: https://sqlalche.me/e/20/xd2s)"}}
  {'type': 'value_error', 'loc': ('response', 122, 'risk_level'), 'msg': "Value error, risk_level must be one of ['Low', 'Moderate', 'High']", 'input': 'MODERATE', 'ctx': {'error': ValueError("risk_level must be one of ['Low', 'Moderate', 'High']")}}
  {'type': 'get_attribute_error', 'loc': ('response', 122, 'herb'), 'msg': "Error extracting attribute: MissingGreenlet: greenlet_spawn has not been called; can't call await_only() here. Was IO attempted in an unexpected place? (Background on this error at: https://sqlalche.me/e/20/xd2s)", 'input': <app.db.models.interaction.Interaction object at 0x6fff990ac830>, 'ctx': {'error': "MissingGreenlet: greenlet_spawn has not been called; can't call await_only() here. Was IO attempted in an unexpected place? (Background on this error at: https://sqlalche.me/e/20/xd2s)"}}
  {'type': 'get_attribute_error', 'loc': ('response', 122, 'drug'), 'msg': "Error extracting attribute: MissingGreenlet: greenlet_spawn has not been called; can't call await_only() here. Was IO attempted in an unexpected place? (Background on this error at: https://sqlalche.me/e/20/xd2s)", 'input': <app.db.models.interaction.Interaction object at 0x6fff990ac830>, 'ctx': {'error': "MissingGreenlet: greenlet_spawn has not been called; can't call await_only() here. Was IO attempted in an unexpected place? (Background on this error at: https://sqlalche.me/e/20/xd2s)"}}
  {'type': 'value_error', 'loc': ('response', 123, 'risk_level'), 'msg': "Value error, risk_level must be one of ['Low', 'Moderate', 'High']", 'input': 'LOW', 'ctx': {'error': ValueError("risk_level must be one of ['Low', 'Moderate', 'High']")}}
  {'type': 'get_attribute_error', 'loc': ('response', 123, 'herb'), 'msg': "Error extracting attribute: MissingGreenlet: greenlet_spawn has not been called; can't call await_only() here. Was IO attempted in an unexpected place? (Background on this error at: https://sqlalche.me/e/20/xd2s)", 'input': <app.db.models.interaction.Interaction object at 0x6fff990ac890>, 'ctx': {'error': "MissingGreenlet: greenlet_spawn has not been called; can't call await_only() here. Was IO attempted in an unexpected place? (Background on this error at: https://sqlalche.me/e/20/xd2s)"}}
  {'type': 'get_attribute_error', 'loc': ('response', 123, 'drug'), 'msg': "Error extracting attribute: MissingGreenlet: greenlet_spawn has not been called; can't call await_only() here. Was IO attempted in an unexpected place? (Background on this error at: https://sqlalche.me/e/20/xd2s)", 'input': <app.db.models.interaction.Interaction object at 0x6fff990ac890>, 'ctx': {'error': "MissingGreenlet: greenlet_spawn has not been called; can't call await_only() here. Was IO attempted in an unexpected place? (Background on this error at: https://sqlalche.me/e/20/xd2s)"}}
  {'type': 'value_error', 'loc': ('response', 124, 'risk_level'), 'msg': "Value error, risk_level must be one of ['Low', 'Moderate', 'High']", 'input': 'LOW', 'ctx': {'error': ValueError("risk_level must be one of ['Low', 'Moderate', 'High']")}}
  {'type': 'get_attribute_error', 'loc': ('response', 124, 'herb'), 'msg': "Error extracting attribute: MissingGreenlet: greenlet_spawn has not been called; can't call await_only() here. Was IO attempted in an unexpected place? (Background on this error at: https://sqlalche.me/e/20/xd2s)", 'input': <app.db.models.interaction.Interaction object at 0x6fff990ac8f0>, 'ctx': {'error': "MissingGreenlet: greenlet_spawn has not been called; can't call await_only() here. Was IO attempted in an unexpected place? (Background on this error at: https://sqlalche.me/e/20/xd2s)"}}
  {'type': 'get_attribute_error', 'loc': ('response', 124, 'drug'), 'msg': "Error extracting attribute: MissingGreenlet: greenlet_spawn has not been called; can't call await_only() here. Was IO attempted in an unexpected place? (Background on this error at: https://sqlalche.me/e/20/xd2s)", 'input': <app.db.models.interaction.Interaction object at 0x6fff990ac8f0>, 'ctx': {'error': "MissingGreenlet: greenlet_spawn has not been called; can't call await_only() here. Was IO attempted in an unexpected place? (Background on this error at: https://sqlalche.me/e/20/xd2s)"}}
  {'type': 'value_error', 'loc': ('response', 125, 'risk_level'), 'msg': "Value error, risk_level must be one of ['Low', 'Moderate', 'High']", 'input': 'MODERATE', 'ctx': {'error': ValueError("risk_level must be one of ['Low', 'Moderate', 'High']")}}
  {'type': 'get_attribute_error', 'loc': ('response', 125, 'herb'), 'msg': "Error extracting attribute: MissingGreenlet: greenlet_spawn has not been called; can't call await_only() here. Was IO attempted in an unexpected place? (Background on this error at: https://sqlalche.me/e/20/xd2s)", 'input': <app.db.models.interaction.Interaction object at 0x6fff990ac950>, 'ctx': {'error': "MissingGreenlet: greenlet_spawn has not been called; can't call await_only() here. Was IO attempted in an unexpected place? (Background on this error at: https://sqlalche.me/e/20/xd2s)"}}
  {'type': 'get_attribute_error', 'loc': ('response', 125, 'drug'), 'msg': "Error extracting attribute: MissingGreenlet: greenlet_spawn has not been called; can't call await_only() here. Was IO attempted in an unexpected place? (Background on this error at: https://sqlalche.me/e/20/xd2s)", 'input': <app.db.models.interaction.Interaction object at 0x6fff990ac950>, 'ctx': {'error': "MissingGreenlet: greenlet_spawn has not been called; can't call await_only() here. Was IO attempted in an unexpected place? (Background on this error at: https://sqlalche.me/e/20/xd2s)"}}
  {'type': 'value_error', 'loc': ('response', 126, 'risk_level'), 'msg': "Value error, risk_level must be one of ['Low', 'Moderate', 'High']", 'input': 'HIGH', 'ctx': {'error': ValueError("risk_level must be one of ['Low', 'Moderate', 'High']")}}
  {'type': 'get_attribute_error', 'loc': ('response', 126, 'herb'), 'msg': "Error extracting attribute: MissingGreenlet: greenlet_spawn has not been called; can't call await_only() here. Was IO attempted in an unexpected place? (Background on this error at: https://sqlalche.me/e/20/xd2s)", 'input': <app.db.models.interaction.Interaction object at 0x6fff990ac9b0>, 'ctx': {'error': "MissingGreenlet: greenlet_spawn has not been called; can't call await_only() here. Was IO attempted in an unexpected place? (Background on this error at: https://sqlalche.me/e/20/xd2s)"}}
  {'type': 'get_attribute_error', 'loc': ('response', 126, 'drug'), 'msg': "Error extracting attribute: MissingGreenlet: greenlet_spawn has not been called; can't call await_only() here. Was IO attempted in an unexpected place? (Background on this error at: https://sqlalche.me/e/20/xd2s)", 'input': <app.db.models.interaction.Interaction object at 0x6fff990ac9b0>, 'ctx': {'error': "MissingGreenlet: greenlet_spawn has not been called; can't call await_only() here. Was IO attempted in an unexpected place? (Background on this error at: https://sqlalche.me/e/20/xd2s)"}}
  {'type': 'value_error', 'loc': ('response', 127, 'risk_level'), 'msg': "Value error, risk_level must be one of ['Low', 'Moderate', 'High']", 'input': 'HIGH', 'ctx': {'error': ValueError("risk_level must be one of ['Low', 'Moderate', 'High']")}}
  {'type': 'get_attribute_error', 'loc': ('response', 127, 'herb'), 'msg': "Error extracting attribute: MissingGreenlet: greenlet_spawn has not been called; can't call await_only() here. Was IO attempted in an unexpected place? (Background on this error at: https://sqlalche.me/e/20/xd2s)", 'input': <app.db.models.interaction.Interaction object at 0x6fff990aca10>, 'ctx': {'error': "MissingGreenlet: greenlet_spawn has not been called; can't call await_only() here. Was IO attempted in an unexpected place? (Background on this error at: https://sqlalche.me/e/20/xd2s)"}}
  {'type': 'get_attribute_error', 'loc': ('response', 127, 'drug'), 'msg': "Error extracting attribute: MissingGreenlet: greenlet_spawn has not been called; can't call await_only() here. Was IO attempted in an unexpected place? (Background on this error at: https://sqlalche.me/e/20/xd2s)", 'input': <app.db.models.interaction.Interaction object at 0x6fff990aca10>, 'ctx': {'error': "MissingGreenlet: greenlet_spawn has not been called; can't call await_only() here. Was IO attempted in an unexpected place? (Background on this error at: https://sqlalche.me/e/20/xd2s)"}}
  {'type': 'value_error', 'loc': ('response', 128, 'risk_level'), 'msg': "Value error, risk_level must be one of ['Low', 'Moderate', 'High']", 'input': 'HIGH', 'ctx': {'error': ValueError("risk_level must be one of ['Low', 'Moderate', 'High']")}}
  {'type': 'get_attribute_error', 'loc': ('response', 128, 'herb'), 'msg': "Error extracting attribute: MissingGreenlet: greenlet_spawn has not been called; can't call await_only() here. Was IO attempted in an unexpected place? (Background on this error at: https://sqlalche.me/e/20/xd2s)", 'input': <app.db.models.interaction.Interaction object at 0x6fff990aca70>, 'ctx': {'error': "MissingGreenlet: greenlet_spawn has not been called; can't call await_only() here. Was IO attempted in an unexpected place? (Background on this error at: https://sqlalche.me/e/20/xd2s)"}}
  {'type': 'get_attribute_error', 'loc': ('response', 128, 'drug'), 'msg': "Error extracting attribute: MissingGreenlet: greenlet_spawn has not been called; can't call await_only() here. Was IO attempted in an unexpected place? (Background on this error at: https://sqlalche.me/e/20/xd2s)", 'input': <app.db.models.interaction.Interaction object at 0x6fff990aca70>, 'ctx': {'error': "MissingGreenlet: greenlet_spawn has not been called; can't call await_only() here. Was IO attempted in an unexpected place? (Background on this error at: https://sqlalche.me/e/20/xd2s)"}}
  {'type': 'value_error', 'loc': ('response', 129, 'risk_level'), 'msg': "Value error, risk_level must be one of ['Low', 'Moderate', 'High']", 'input': 'HIGH', 'ctx': {'error': ValueError("risk_level must be one of ['Low', 'Moderate', 'High']")}}
  {'type': 'get_attribute_error', 'loc': ('response', 129, 'herb'), 'msg': "Error extracting attribute: MissingGreenlet: greenlet_spawn has not been called; can't call await_only() here. Was IO attempted in an unexpected place? (Background on this error at: https://sqlalche.me/e/20/xd2s)", 'input': <app.db.models.interaction.Interaction object at 0x6fff990acad0>, 'ctx': {'error': "MissingGreenlet: greenlet_spawn has not been called; can't call await_only() here. Was IO attempted in an unexpected place? (Background on this error at: https://sqlalche.me/e/20/xd2s)"}}
  {'type': 'get_attribute_error', 'loc': ('response', 129, 'drug'), 'msg': "Error extracting attribute: MissingGreenlet: greenlet_spawn has not been called; can't call await_only() here. Was IO attempted in an unexpected place? (Background on this error at: https://sqlalche.me/e/20/xd2s)", 'input': <app.db.models.interaction.Interaction object at 0x6fff990acad0>, 'ctx': {'error': "MissingGreenlet: greenlet_spawn has not been called; can't call await_only() here. Was IO attempted in an unexpected place? (Background on this error at: https://sqlalche.me/e/20/xd2s)"}}
  {'type': 'value_error', 'loc': ('response', 130, 'risk_level'), 'msg': "Value error, risk_level must be one of ['Low', 'Moderate', 'High']", 'input': 'MODERATE', 'ctx': {'error': ValueError("risk_level must be one of ['Low', 'Moderate', 'High']")}}
  {'type': 'get_attribute_error', 'loc': ('response', 130, 'herb'), 'msg': "Error extracting attribute: MissingGreenlet: greenlet_spawn has not been called; can't call await_only() here. Was IO attempted in an unexpected place? (Background on this error at: https://sqlalche.me/e/20/xd2s)", 'input': <app.db.models.interaction.Interaction object at 0x6fff990acb30>, 'ctx': {'error': "MissingGreenlet: greenlet_spawn has not been called; can't call await_only() here. Was IO attempted in an unexpected place? (Background on this error at: https://sqlalche.me/e/20/xd2s)"}}
  {'type': 'get_attribute_error', 'loc': ('response', 130, 'drug'), 'msg': "Error extracting attribute: MissingGreenlet: greenlet_spawn has not been called; can't call await_only() here. Was IO attempted in an unexpected place? (Background on this error at: https://sqlalche.me/e/20/xd2s)", 'input': <app.db.models.interaction.Interaction object at 0x6fff990acb30>, 'ctx': {'error': "MissingGreenlet: greenlet_spawn has not been called; can't call await_only() here. Was IO attempted in an unexpected place? (Background on this error at: https://sqlalche.me/e/20/xd2s)"}}
  {'type': 'value_error', 'loc': ('response', 131, 'risk_level'), 'msg': "Value error, risk_level must be one of ['Low', 'Moderate', 'High']", 'input': 'MODERATE', 'ctx': {'error': ValueError("risk_level must be one of ['Low', 'Moderate', 'High']")}}
  {'type': 'get_attribute_error', 'loc': ('response', 131, 'herb'), 'msg': "Error extracting attribute: MissingGreenlet: greenlet_spawn has not been called; can't call await_only() here. Was IO attempted in an unexpected place? (Background on this error at: https://sqlalche.me/e/20/xd2s)", 'input': <app.db.models.interaction.Interaction object at 0x6fff990acb90>, 'ctx': {'error': "MissingGreenlet: greenlet_spawn has not been called; can't call await_only() here. Was IO attempted in an unexpected place? (Background on this error at: https://sqlalche.me/e/20/xd2s)"}}
  {'type': 'get_attribute_error', 'loc': ('response', 131, 'drug'), 'msg': "Error extracting attribute: MissingGreenlet: greenlet_spawn has not been called; can't call await_only() here. Was IO attempted in an unexpected place? (Background on this error at: https://sqlalche.me/e/20/xd2s)", 'input': <app.db.models.interaction.Interaction object at 0x6fff990acb90>, 'ctx': {'error': "MissingGreenlet: greenlet_spawn has not been called; can't call await_only() here. Was IO attempted in an unexpected place? (Background on this error at: https://sqlalche.me/e/20/xd2s)"}}
  {'type': 'value_error', 'loc': ('response', 132, 'risk_level'), 'msg': "Value error, risk_level must be one of ['Low', 'Moderate', 'High']", 'input': 'MODERATE', 'ctx': {'error': ValueError("risk_level must be one of ['Low', 'Moderate', 'High']")}}
  {'type': 'get_attribute_error', 'loc': ('response', 132, 'herb'), 'msg': "Error extracting attribute: MissingGreenlet: greenlet_spawn has not been called; can't call await_only() here. Was IO attempted in an unexpected place? (Background on this error at: https://sqlalche.me/e/20/xd2s)", 'input': <app.db.models.interaction.Interaction object at 0x6fff990acbf0>, 'ctx': {'error': "MissingGreenlet: greenlet_spawn has not been called; can't call await_only() here. Was IO attempted in an unexpected place? (Background on this error at: https://sqlalche.me/e/20/xd2s)"}}
  {'type': 'get_attribute_error', 'loc': ('response', 132, 'drug'), 'msg': "Error extracting attribute: MissingGreenlet: greenlet_spawn has not been called; can't call await_only() here. Was IO attempted in an unexpected place? (Background on this error at: https://sqlalche.me/e/20/xd2s)", 'input': <app.db.models.interaction.Interaction object at 0x6fff990acbf0>, 'ctx': {'error': "MissingGreenlet: greenlet_spawn has not been called; can't call await_only() here. Was IO attempted in an unexpected place? (Background on this error at: https://sqlalche.me/e/20/xd2s)"}}
  {'type': 'value_error', 'loc': ('response', 133, 'risk_level'), 'msg': "Value error, risk_level must be one of ['Low', 'Moderate', 'High']", 'input': 'LOW', 'ctx': {'error': ValueError("risk_level must be one of ['Low', 'Moderate', 'High']")}}
  {'type': 'get_attribute_error', 'loc': ('response', 133, 'herb'), 'msg': "Error extracting attribute: MissingGreenlet: greenlet_spawn has not been called; can't call await_only() here. Was IO attempted in an unexpected place? (Background on this error at: https://sqlalche.me/e/20/xd2s)", 'input': <app.db.models.interaction.Interaction object at 0x6fff990acc50>, 'ctx': {'error': "MissingGreenlet: greenlet_spawn has not been called; can't call await_only() here. Was IO attempted in an unexpected place? (Background on this error at: https://sqlalche.me/e/20/xd2s)"}}
  {'type': 'get_attribute_error', 'loc': ('response', 133, 'drug'), 'msg': "Error extracting attribute: MissingGreenlet: greenlet_spawn has not been called; can't call await_only() here. Was IO attempted in an unexpected place? (Background on this error at: https://sqlalche.me/e/20/xd2s)", 'input': <app.db.models.interaction.Interaction object at 0x6fff990acc50>, 'ctx': {'error': "MissingGreenlet: greenlet_spawn has not been called; can't call await_only() here. Was IO attempted in an unexpected place? (Background on this error at: https://sqlalche.me/e/20/xd2s)"}}
  {'type': 'value_error', 'loc': ('response', 134, 'risk_level'), 'msg': "Value error, risk_level must be one of ['Low', 'Moderate', 'High']", 'input': 'MODERATE', 'ctx': {'error': ValueError("risk_level must be one of ['Low', 'Moderate', 'High']")}}
  {'type': 'get_attribute_error', 'loc': ('response', 134, 'herb'), 'msg': "Error extracting attribute: MissingGreenlet: greenlet_spawn has not been called; can't call await_only() here. Was IO attempted in an unexpected place? (Background on this error at: https://sqlalche.me/e/20/xd2s)", 'input': <app.db.models.interaction.Interaction object at 0x6fff990accb0>, 'ctx': {'error': "MissingGreenlet: greenlet_spawn has not been called; can't call await_only() here. Was IO attempted in an unexpected place? (Background on this error at: https://sqlalche.me/e/20/xd2s)"}}
  {'type': 'get_attribute_error', 'loc': ('response', 134, 'drug'), 'msg': "Error extracting attribute: MissingGreenlet: greenlet_spawn has not been called; can't call await_only() here. Was IO attempted in an unexpected place? (Background on this error at: https://sqlalche.me/e/20/xd2s)", 'input': <app.db.models.interaction.Interaction object at 0x6fff990accb0>, 'ctx': {'error': "MissingGreenlet: greenlet_spawn has not been called; can't call await_only() here. Was IO attempted in an unexpected place? (Background on this error at: https://sqlalche.me/e/20/xd2s)"}}
  {'type': 'value_error', 'loc': ('response', 135, 'risk_level'), 'msg': "Value error, risk_level must be one of ['Low', 'Moderate', 'High']", 'input': 'MODERATE', 'ctx': {'error': ValueError("risk_level must be one of ['Low', 'Moderate', 'High']")}}
  {'type': 'get_attribute_error', 'loc': ('response', 135, 'herb'), 'msg': "Error extracting attribute: MissingGreenlet: greenlet_spawn has not been called; can't call await_only() here. Was IO attempted in an unexpected place? (Background on this error at: https://sqlalche.me/e/20/xd2s)", 'input': <app.db.models.interaction.Interaction object at 0x6fff990acd10>, 'ctx': {'error': "MissingGreenlet: greenlet_spawn has not been called; can't call await_only() here. Was IO attempted in an unexpected place? (Background on this error at: https://sqlalche.me/e/20/xd2s)"}}
  {'type': 'get_attribute_error', 'loc': ('response', 135, 'drug'), 'msg': "Error extracting attribute: MissingGreenlet: greenlet_spawn has not been called; can't call await_only() here. Was IO attempted in an unexpected place? (Background on this error at: https://sqlalche.me/e/20/xd2s)", 'input': <app.db.models.interaction.Interaction object at 0x6fff990acd10>, 'ctx': {'error': "MissingGreenlet: greenlet_spawn has not been called; can't call await_only() here. Was IO attempted in an unexpected place? (Background on this error at: https://sqlalche.me/e/20/xd2s)"}}
  {'type': 'value_error', 'loc': ('response', 136, 'risk_level'), 'msg': "Value error, risk_level must be one of ['Low', 'Moderate', 'High']", 'input': 'MODERATE', 'ctx': {'error': ValueError("risk_level must be one of ['Low', 'Moderate', 'High']")}}
  {'type': 'get_attribute_error', 'loc': ('response', 136, 'herb'), 'msg': "Error extracting attribute: MissingGreenlet: greenlet_spawn has not been called; can't call await_only() here. Was IO attempted in an unexpected place? (Background on this error at: https://sqlalche.me/e/20/xd2s)", 'input': <app.db.models.interaction.Interaction object at 0x6fff990acd70>, 'ctx': {'error': "MissingGreenlet: greenlet_spawn has not been called; can't call await_only() here. Was IO attempted in an unexpected place? (Background on this error at: https://sqlalche.me/e/20/xd2s)"}}
  {'type': 'get_attribute_error', 'loc': ('response', 136, 'drug'), 'msg': "Error extracting attribute: MissingGreenlet: greenlet_spawn has not been called; can't call await_only() here. Was IO attempted in an unexpected place? (Background on this error at: https://sqlalche.me/e/20/xd2s)", 'input': <app.db.models.interaction.Interaction object at 0x6fff990acd70>, 'ctx': {'error': "MissingGreenlet: greenlet_spawn has not been called; can't call await_only() here. Was IO attempted in an unexpected place? (Background on this error at: https://sqlalche.me/e/20/xd2s)"}}
  {'type': 'value_error', 'loc': ('response', 137, 'risk_level'), 'msg': "Value error, risk_level must be one of ['Low', 'Moderate', 'High']", 'input': 'MODERATE', 'ctx': {'error': ValueError("risk_level must be one of ['Low', 'Moderate', 'High']")}}
  {'type': 'get_attribute_error', 'loc': ('response', 137, 'herb'), 'msg': "Error extracting attribute: MissingGreenlet: greenlet_spawn has not been called; can't call await_only() here. Was IO attempted in an unexpected place? (Background on this error at: https://sqlalche.me/e/20/xd2s)", 'input': <app.db.models.interaction.Interaction object at 0x6fff990acdd0>, 'ctx': {'error': "MissingGreenlet: greenlet_spawn has not been called; can't call await_only() here. Was IO attempted in an unexpected place? (Background on this error at: https://sqlalche.me/e/20/xd2s)"}}
  {'type': 'get_attribute_error', 'loc': ('response', 137, 'drug'), 'msg': "Error extracting attribute: MissingGreenlet: greenlet_spawn has not been called; can't call await_only() here. Was IO attempted in an unexpected place? (Background on this error at: https://sqlalche.me/e/20/xd2s)", 'input': <app.db.models.interaction.Interaction object at 0x6fff990acdd0>, 'ctx': {'error': "MissingGreenlet: greenlet_spawn has not been called; can't call await_only() here. Was IO attempted in an unexpected place? (Background on this error at: https://sqlalche.me/e/20/xd2s)"}}
  {'type': 'value_error', 'loc': ('response', 138, 'risk_level'), 'msg': "Value error, risk_level must be one of ['Low', 'Moderate', 'High']", 'input': 'MODERATE', 'ctx': {'error': ValueError("risk_level must be one of ['Low', 'Moderate', 'High']")}}
  {'type': 'get_attribute_error', 'loc': ('response', 138, 'herb'), 'msg': "Error extracting attribute: MissingGreenlet: greenlet_spawn has not been called; can't call await_only() here. Was IO attempted in an unexpected place? (Background on this error at: https://sqlalche.me/e/20/xd2s)", 'input': <app.db.models.interaction.Interaction object at 0x6fff990ace30>, 'ctx': {'error': "MissingGreenlet: greenlet_spawn has not been called; can't call await_only() here. Was IO attempted in an unexpected place? (Background on this error at: https://sqlalche.me/e/20/xd2s)"}}
  {'type': 'get_attribute_error', 'loc': ('response', 138, 'drug'), 'msg': "Error extracting attribute: MissingGreenlet: greenlet_spawn has not been called; can't call await_only() here. Was IO attempted in an unexpected place? (Background on this error at: https://sqlalche.me/e/20/xd2s)", 'input': <app.db.models.interaction.Interaction object at 0x6fff990ace30>, 'ctx': {'error': "MissingGreenlet: greenlet_spawn has not been called; can't call await_only() here. Was IO attempted in an unexpected place? (Background on this error at: https://sqlalche.me/e/20/xd2s)"}}
  {'type': 'value_error', 'loc': ('response', 139, 'risk_level'), 'msg': "Value error, risk_level must be one of ['Low', 'Moderate', 'High']", 'input': 'LOW', 'ctx': {'error': ValueError("risk_level must be one of ['Low', 'Moderate', 'High']")}}
  {'type': 'get_attribute_error', 'loc': ('response', 139, 'herb'), 'msg': "Error extracting attribute: MissingGreenlet: greenlet_spawn has not been called; can't call await_only() here. Was IO attempted in an unexpected place? (Background on this error at: https://sqlalche.me/e/20/xd2s)", 'input': <app.db.models.interaction.Interaction object at 0x6fff990ace90>, 'ctx': {'error': "MissingGreenlet: greenlet_spawn has not been called; can't call await_only() here. Was IO attempted in an unexpected place? (Background on this error at: https://sqlalche.me/e/20/xd2s)"}}
  {'type': 'get_attribute_error', 'loc': ('response', 139, 'drug'), 'msg': "Error extracting attribute: MissingGreenlet: greenlet_spawn has not been called; can't call await_only() here. Was IO attempted in an unexpected place? (Background on this error at: https://sqlalche.me/e/20/xd2s)", 'input': <app.db.models.interaction.Interaction object at 0x6fff990ace90>, 'ctx': {'error': "MissingGreenlet: greenlet_spawn has not been called; can't call await_only() here. Was IO attempted in an unexpected place? (Background on this error at: https://sqlalche.me/e/20/xd2s)"}}
  {'type': 'value_error', 'loc': ('response', 140, 'risk_level'), 'msg': "Value error, risk_level must be one of ['Low', 'Moderate', 'High']", 'input': 'LOW', 'ctx': {'error': ValueError("risk_level must be one of ['Low', 'Moderate', 'High']")}}
  {'type': 'get_attribute_error', 'loc': ('response', 140, 'herb'), 'msg': "Error extracting attribute: MissingGreenlet: greenlet_spawn has not been called; can't call await_only() here. Was IO attempted in an unexpected place? (Background on this error at: https://sqlalche.me/e/20/xd2s)", 'input': <app.db.models.interaction.Interaction object at 0x6fff990acef0>, 'ctx': {'error': "MissingGreenlet: greenlet_spawn has not been called; can't call await_only() here. Was IO attempted in an unexpected place? (Background on this error at: https://sqlalche.me/e/20/xd2s)"}}
  {'type': 'get_attribute_error', 'loc': ('response', 140, 'drug'), 'msg': "Error extracting attribute: MissingGreenlet: greenlet_spawn has not been called; can't call await_only() here. Was IO attempted in an unexpected place? (Background on this error at: https://sqlalche.me/e/20/xd2s)", 'input': <app.db.models.interaction.Interaction object at 0x6fff990acef0>, 'ctx': {'error': "MissingGreenlet: greenlet_spawn has not been called; can't call await_only() here. Was IO attempted in an unexpected place? (Background on this error at: https://sqlalche.me/e/20/xd2s)"}}
  {'type': 'value_error', 'loc': ('response', 141, 'risk_level'), 'msg': "Value error, risk_level must be one of ['Low', 'Moderate', 'High']", 'input': 'MODERATE', 'ctx': {'error': ValueError("risk_level must be one of ['Low', 'Moderate', 'High']")}}
  {'type': 'get_attribute_error', 'loc': ('response', 141, 'herb'), 'msg': "Error extracting attribute: MissingGreenlet: greenlet_spawn has not been called; can't call await_only() here. Was IO attempted in an unexpected place? (Background on this error at: https://sqlalche.me/e/20/xd2s)", 'input': <app.db.models.interaction.Interaction object at 0x6fff990acf50>, 'ctx': {'error': "MissingGreenlet: greenlet_spawn has not been called; can't call await_only() here. Was IO attempted in an unexpected place? (Background on this error at: https://sqlalche.me/e/20/xd2s)"}}
  {'type': 'get_attribute_error', 'loc': ('response', 141, 'drug'), 'msg': "Error extracting attribute: MissingGreenlet: greenlet_spawn has not been called; can't call await_only() here. Was IO attempted in an unexpected place? (Background on this error at: https://sqlalche.me/e/20/xd2s)", 'input': <app.db.models.interaction.Interaction object at 0x6fff990acf50>, 'ctx': {'error': "MissingGreenlet: greenlet_spawn has not been called; can't call await_only() here. Was IO attempted in an unexpected place? (Background on this error at: https://sqlalche.me/e/20/xd2s)"}}
  {'type': 'value_error', 'loc': ('response', 142, 'risk_level'), 'msg': "Value error, risk_level must be one of ['Low', 'Moderate', 'High']", 'input': 'MODERATE', 'ctx': {'error': ValueError("risk_level must be one of ['Low', 'Moderate', 'High']")}}
  {'type': 'get_attribute_error', 'loc': ('response', 142, 'herb'), 'msg': "Error extracting attribute: MissingGreenlet: greenlet_spawn has not been called; can't call await_only() here. Was IO attempted in an unexpected place? (Background on this error at: https://sqlalche.me/e/20/xd2s)", 'input': <app.db.models.interaction.Interaction object at 0x6fff990acfb0>, 'ctx': {'error': "MissingGreenlet: greenlet_spawn has not been called; can't call await_only() here. Was IO attempted in an unexpected place? (Background on this error at: https://sqlalche.me/e/20/xd2s)"}}
  {'type': 'get_attribute_error', 'loc': ('response', 142, 'drug'), 'msg': "Error extracting attribute: MissingGreenlet: greenlet_spawn has not been called; can't call await_only() here. Was IO attempted in an unexpected place? (Background on this error at: https://sqlalche.me/e/20/xd2s)", 'input': <app.db.models.interaction.Interaction object at 0x6fff990acfb0>, 'ctx': {'error': "MissingGreenlet: greenlet_spawn has not been called; can't call await_only() here. Was IO attempted in an unexpected place? (Background on this error at: https://sqlalche.me/e/20/xd2s)"}}
  {'type': 'value_error', 'loc': ('response', 143, 'risk_level'), 'msg': "Value error, risk_level must be one of ['Low', 'Moderate', 'High']", 'input': 'LOW', 'ctx': {'error': ValueError("risk_level must be one of ['Low', 'Moderate', 'High']")}}
  {'type': 'get_attribute_error', 'loc': ('response', 143, 'herb'), 'msg': "Error extracting attribute: MissingGreenlet: greenlet_spawn has not been called; can't call await_only() here. Was IO attempted in an unexpected place? (Background on this error at: https://sqlalche.me/e/20/xd2s)", 'input': <app.db.models.interaction.Interaction object at 0x6fff990ad010>, 'ctx': {'error': "MissingGreenlet: greenlet_spawn has not been called; can't call await_only() here. Was IO attempted in an unexpected place? (Background on this error at: https://sqlalche.me/e/20/xd2s)"}}
  {'type': 'get_attribute_error', 'loc': ('response', 143, 'drug'), 'msg': "Error extracting attribute: MissingGreenlet: greenlet_spawn has not been called; can't call await_only() here. Was IO attempted in an unexpected place? (Background on this error at: https://sqlalche.me/e/20/xd2s)", 'input': <app.db.models.interaction.Interaction object at 0x6fff990ad010>, 'ctx': {'error': "MissingGreenlet: greenlet_spawn has not been called; can't call await_only() here. Was IO attempted in an unexpected place? (Background on this error at: https://sqlalche.me/e/20/xd2s)"}}
  {'type': 'value_error', 'loc': ('response', 144, 'risk_level'), 'msg': "Value error, risk_level must be one of ['Low', 'Moderate', 'High']", 'input': 'LOW', 'ctx': {'error': ValueError("risk_level must be one of ['Low', 'Moderate', 'High']")}}
  {'type': 'get_attribute_error', 'loc': ('response', 144, 'herb'), 'msg': "Error extracting attribute: MissingGreenlet: greenlet_spawn has not been called; can't call await_only() here. Was IO attempted in an unexpected place? (Background on this error at: https://sqlalche.me/e/20/xd2s)", 'input': <app.db.models.interaction.Interaction object at 0x6fff990ad070>, 'ctx': {'error': "MissingGreenlet: greenlet_spawn has not been called; can't call await_only() here. Was IO attempted in an unexpected place? (Background on this error at: https://sqlalche.me/e/20/xd2s)"}}
  {'type': 'get_attribute_error', 'loc': ('response', 144, 'drug'), 'msg': "Error extracting attribute: MissingGreenlet: greenlet_spawn has not been called; can't call await_only() here. Was IO attempted in an unexpected place? (Background on this error at: https://sqlalche.me/e/20/xd2s)", 'input': <app.db.models.interaction.Interaction object at 0x6fff990ad070>, 'ctx': {'error': "MissingGreenlet: greenlet_spawn has not been called; can't call await_only() here. Was IO attempted in an unexpected place? (Background on this error at: https://sqlalche.me/e/20/xd2s)"}}
  {'type': 'value_error', 'loc': ('response', 145, 'risk_level'), 'msg': "Value error, risk_level must be one of ['Low', 'Moderate', 'High']", 'input': 'LOW', 'ctx': {'error': ValueError("risk_level must be one of ['Low', 'Moderate', 'High']")}}
  {'type': 'get_attribute_error', 'loc': ('response', 145, 'herb'), 'msg': "Error extracting attribute: MissingGreenlet: greenlet_spawn has not been called; can't call await_only() here. Was IO attempted in an unexpected place? (Background on this error at: https://sqlalche.me/e/20/xd2s)", 'input': <app.db.models.interaction.Interaction object at 0x6fff990ad0d0>, 'ctx': {'error': "MissingGreenlet: greenlet_spawn has not been called; can't call await_only() here. Was IO attempted in an unexpected place? (Background on this error at: https://sqlalche.me/e/20/xd2s)"}}
  {'type': 'get_attribute_error', 'loc': ('response', 145, 'drug'), 'msg': "Error extracting attribute: MissingGreenlet: greenlet_spawn has not been called; can't call await_only() here. Was IO attempted in an unexpected place? (Background on this error at: https://sqlalche.me/e/20/xd2s)", 'input': <app.db.models.interaction.Interaction object at 0x6fff990ad0d0>, 'ctx': {'error': "MissingGreenlet: greenlet_spawn has not been called; can't call await_only() here. Was IO attempted in an unexpected place? (Background on this error at: https://sqlalche.me/e/20/xd2s)"}}
  {'type': 'value_error', 'loc': ('response', 146, 'risk_level'), 'msg': "Value error, risk_level must be one of ['Low', 'Moderate', 'High']", 'input': 'MODERATE', 'ctx': {'error': ValueError("risk_level must be one of ['Low', 'Moderate', 'High']")}}
  {'type': 'get_attribute_error', 'loc': ('response', 146, 'herb'), 'msg': "Error extracting attribute: MissingGreenlet: greenlet_spawn has not been called; can't call await_only() here. Was IO attempted in an unexpected place? (Background on this error at: https://sqlalche.me/e/20/xd2s)", 'input': <app.db.models.interaction.Interaction object at 0x6fff990ad130>, 'ctx': {'error': "MissingGreenlet: greenlet_spawn has not been called; can't call await_only() here. Was IO attempted in an unexpected place? (Background on this error at: https://sqlalche.me/e/20/xd2s)"}}
  {'type': 'get_attribute_error', 'loc': ('response', 146, 'drug'), 'msg': "Error extracting attribute: MissingGreenlet: greenlet_spawn has not been called; can't call await_only() here. Was IO attempted in an unexpected place? (Background on this error at: https://sqlalche.me/e/20/xd2s)", 'input': <app.db.models.interaction.Interaction object at 0x6fff990ad130>, 'ctx': {'error': "MissingGreenlet: greenlet_spawn has not been called; can't call await_only() here. Was IO attempted in an unexpected place? (Background on this error at: https://sqlalche.me/e/20/xd2s)"}}
  {'type': 'value_error', 'loc': ('response', 147, 'risk_level'), 'msg': "Value error, risk_level must be one of ['Low', 'Moderate', 'High']", 'input': 'HIGH', 'ctx': {'error': ValueError("risk_level must be one of ['Low', 'Moderate', 'High']")}}
  {'type': 'get_attribute_error', 'loc': ('response', 147, 'herb'), 'msg': "Error extracting attribute: MissingGreenlet: greenlet_spawn has not been called; can't call await_only() here. Was IO attempted in an unexpected place? (Background on this error at: https://sqlalche.me/e/20/xd2s)", 'input': <app.db.models.interaction.Interaction object at 0x6fff990ad190>, 'ctx': {'error': "MissingGreenlet: greenlet_spawn has not been called; can't call await_only() here. Was IO attempted in an unexpected place? (Background on this error at: https://sqlalche.me/e/20/xd2s)"}}
  {'type': 'get_attribute_error', 'loc': ('response', 147, 'drug'), 'msg': "Error extracting attribute: MissingGreenlet: greenlet_spawn has not been called; can't call await_only() here. Was IO attempted in an unexpected place? (Background on this error at: https://sqlalche.me/e/20/xd2s)", 'input': <app.db.models.interaction.Interaction object at 0x6fff990ad190>, 'ctx': {'error': "MissingGreenlet: greenlet_spawn has not been called; can't call await_only() here. Was IO attempted in an unexpected place? (Background on this error at: https://sqlalche.me/e/20/xd2s)"}}
  {'type': 'value_error', 'loc': ('response', 148, 'risk_level'), 'msg': "Value error, risk_level must be one of ['Low', 'Moderate', 'High']", 'input': 'MODERATE', 'ctx': {'error': ValueError("risk_level must be one of ['Low', 'Moderate', 'High']")}}
  {'type': 'get_attribute_error', 'loc': ('response', 148, 'herb'), 'msg': "Error extracting attribute: MissingGreenlet: greenlet_spawn has not been called; can't call await_only() here. Was IO attempted in an unexpected place? (Background on this error at: https://sqlalche.me/e/20/xd2s)", 'input': <app.db.models.interaction.Interaction object at 0x6fff990ad1f0>, 'ctx': {'error': "MissingGreenlet: greenlet_spawn has not been called; can't call await_only() here. Was IO attempted in an unexpected place? (Background on this error at: https://sqlalche.me/e/20/xd2s)"}}
  {'type': 'get_attribute_error', 'loc': ('response', 148, 'drug'), 'msg': "Error extracting attribute: MissingGreenlet: greenlet_spawn has not been called; can't call await_only() here. Was IO attempted in an unexpected place? (Background on this error at: https://sqlalche.me/e/20/xd2s)", 'input': <app.db.models.interaction.Interaction object at 0x6fff990ad1f0>, 'ctx': {'error': "MissingGreenlet: greenlet_spawn has not been called; can't call await_only() here. Was IO attempted in an unexpected place? (Background on this error at: https://sqlalche.me/e/20/xd2s)"}}
  {'type': 'value_error', 'loc': ('response', 149, 'risk_level'), 'msg': "Value error, risk_level must be one of ['Low', 'Moderate', 'High']", 'input': 'MODERATE', 'ctx': {'error': ValueError("risk_level must be one of ['Low', 'Moderate', 'High']")}}
  {'type': 'get_attribute_error', 'loc': ('response', 149, 'herb'), 'msg': "Error extracting attribute: MissingGreenlet: greenlet_spawn has not been called; can't call await_only() here. Was IO attempted in an unexpected place? (Background on this error at: https://sqlalche.me/e/20/xd2s)", 'input': <app.db.models.interaction.Interaction object at 0x6fff990ad250>, 'ctx': {'error': "MissingGreenlet: greenlet_spawn has not been called; can't call await_only() here. Was IO attempted in an unexpected place? (Background on this error at: https://sqlalche.me/e/20/xd2s)"}}
  {'type': 'get_attribute_error', 'loc': ('response', 149, 'drug'), 'msg': "Error extracting attribute: MissingGreenlet: greenlet_spawn has not been called; can't call await_only() here. Was IO attempted in an unexpected place? (Background on this error at: https://sqlalche.me/e/20/xd2s)", 'input': <app.db.models.interaction.Interaction object at 0x6fff990ad250>, 'ctx': {'error': "MissingGreenlet: greenlet_spawn has not been called; can't call await_only() here. Was IO attempted in an unexpected place? (Background on this error at: https://sqlalche.me/e/20/xd2s)"}}
  {'type': 'value_error', 'loc': ('response', 150, 'risk_level'), 'msg': "Value error, risk_level must be one of ['Low', 'Moderate', 'High']", 'input': 'HIGH', 'ctx': {'error': ValueError("risk_level must be one of ['Low', 'Moderate', 'High']")}}
  {'type': 'get_attribute_error', 'loc': ('response', 150, 'herb'), 'msg': "Error extracting attribute: MissingGreenlet: greenlet_spawn has not been called; can't call await_only() here. Was IO attempted in an unexpected place? (Background on this error at: https://sqlalche.me/e/20/xd2s)", 'input': <app.db.models.interaction.Interaction object at 0x6fff990ad2b0>, 'ctx': {'error': "MissingGreenlet: greenlet_spawn has not been called; can't call await_only() here. Was IO attempted in an unexpected place? (Background on this error at: https://sqlalche.me/e/20/xd2s)"}}
  {'type': 'get_attribute_error', 'loc': ('response', 150, 'drug'), 'msg': "Error extracting attribute: MissingGreenlet: greenlet_spawn has not been called; can't call await_only() here. Was IO attempted in an unexpected place? (Background on this error at: https://sqlalche.me/e/20/xd2s)", 'input': <app.db.models.interaction.Interaction object at 0x6fff990ad2b0>, 'ctx': {'error': "MissingGreenlet: greenlet_spawn has not been called; can't call await_only() here. Was IO attempted in an unexpected place? (Background on this error at: https://sqlalche.me/e/20/xd2s)"}}
  {'type': 'value_error', 'loc': ('response', 151, 'risk_level'), 'msg': "Value error, risk_level must be one of ['Low', 'Moderate', 'High']", 'input': 'HIGH', 'ctx': {'error': ValueError("risk_level must be one of ['Low', 'Moderate', 'High']")}}
  {'type': 'get_attribute_error', 'loc': ('response', 151, 'herb'), 'msg': "Error extracting attribute: MissingGreenlet: greenlet_spawn has not been called; can't call await_only() here. Was IO attempted in an unexpected place? (Background on this error at: https://sqlalche.me/e/20/xd2s)", 'input': <app.db.models.interaction.Interaction object at 0x6fff990ad310>, 'ctx': {'error': "MissingGreenlet: greenlet_spawn has not been called; can't call await_only() here. Was IO attempted in an unexpected place? (Background on this error at: https://sqlalche.me/e/20/xd2s)"}}
  {'type': 'get_attribute_error', 'loc': ('response', 151, 'drug'), 'msg': "Error extracting attribute: MissingGreenlet: greenlet_spawn has not been called; can't call await_only() here. Was IO attempted in an unexpected place? (Background on this error at: https://sqlalche.me/e/20/xd2s)", 'input': <app.db.models.interaction.Interaction object at 0x6fff990ad310>, 'ctx': {'error': "MissingGreenlet: greenlet_spawn has not been called; can't call await_only() here. Was IO attempted in an unexpected place? (Background on this error at: https://sqlalche.me/e/20/xd2s)"}}
  {'type': 'value_error', 'loc': ('response', 152, 'risk_level'), 'msg': "Value error, risk_level must be one of ['Low', 'Moderate', 'High']", 'input': 'MODERATE', 'ctx': {'error': ValueError("risk_level must be one of ['Low', 'Moderate', 'High']")}}
  {'type': 'get_attribute_error', 'loc': ('response', 152, 'herb'), 'msg': "Error extracting attribute: MissingGreenlet: greenlet_spawn has not been called; can't call await_only() here. Was IO attempted in an unexpected place? (Background on this error at: https://sqlalche.me/e/20/xd2s)", 'input': <app.db.models.interaction.Interaction object at 0x6fff990ad370>, 'ctx': {'error': "MissingGreenlet: greenlet_spawn has not been called; can't call await_only() here. Was IO attempted in an unexpected place? (Background on this error at: https://sqlalche.me/e/20/xd2s)"}}
  {'type': 'get_attribute_error', 'loc': ('response', 152, 'drug'), 'msg': "Error extracting attribute: MissingGreenlet: greenlet_spawn has not been called; can't call await_only() here. Was IO attempted in an unexpected place? (Background on this error at: https://sqlalche.me/e/20/xd2s)", 'input': <app.db.models.interaction.Interaction object at 0x6fff990ad370>, 'ctx': {'error': "MissingGreenlet: greenlet_spawn has not been called; can't call await_only() here. Was IO attempted in an unexpected place? (Background on this error at: https://sqlalche.me/e/20/xd2s)"}}
  {'type': 'value_error', 'loc': ('response', 153, 'risk_level'), 'msg': "Value error, risk_level must be one of ['Low', 'Moderate', 'High']", 'input': 'MODERATE', 'ctx': {'error': ValueError("risk_level must be one of ['Low', 'Moderate', 'High']")}}
  {'type': 'get_attribute_error', 'loc': ('response', 153, 'herb'), 'msg': "Error extracting attribute: MissingGreenlet: greenlet_spawn has not been called; can't call await_only() here. Was IO attempted in an unexpected place? (Background on this error at: https://sqlalche.me/e/20/xd2s)", 'input': <app.db.models.interaction.Interaction object at 0x6fff990ad3d0>, 'ctx': {'error': "MissingGreenlet: greenlet_spawn has not been called; can't call await_only() here. Was IO attempted in an unexpected place? (Background on this error at: https://sqlalche.me/e/20/xd2s)"}}
  {'type': 'get_attribute_error', 'loc': ('response', 153, 'drug'), 'msg': "Error extracting attribute: MissingGreenlet: greenlet_spawn has not been called; can't call await_only() here. Was IO attempted in an unexpected place? (Background on this error at: https://sqlalche.me/e/20/xd2s)", 'input': <app.db.models.interaction.Interaction object at 0x6fff990ad3d0>, 'ctx': {'error': "MissingGreenlet: greenlet_spawn has not been called; can't call await_only() here. Was IO attempted in an unexpected place? (Background on this error at: https://sqlalche.me/e/20/xd2s)"}}
  {'type': 'value_error', 'loc': ('response', 154, 'risk_level'), 'msg': "Value error, risk_level must be one of ['Low', 'Moderate', 'High']", 'input': 'LOW', 'ctx': {'error': ValueError("risk_level must be one of ['Low', 'Moderate', 'High']")}}
  {'type': 'get_attribute_error', 'loc': ('response', 154, 'herb'), 'msg': "Error extracting attribute: MissingGreenlet: greenlet_spawn has not been called; can't call await_only() here. Was IO attempted in an unexpected place? (Background on this error at: https://sqlalche.me/e/20/xd2s)", 'input': <app.db.models.interaction.Interaction object at 0x6fff990ad430>, 'ctx': {'error': "MissingGreenlet: greenlet_spawn has not been called; can't call await_only() here. Was IO attempted in an unexpected place? (Background on this error at: https://sqlalche.me/e/20/xd2s)"}}
  {'type': 'get_attribute_error', 'loc': ('response', 154, 'drug'), 'msg': "Error extracting attribute: MissingGreenlet: greenlet_spawn has not been called; can't call await_only() here. Was IO attempted in an unexpected place? (Background on this error at: https://sqlalche.me/e/20/xd2s)", 'input': <app.db.models.interaction.Interaction object at 0x6fff990ad430>, 'ctx': {'error': "MissingGreenlet: greenlet_spawn has not been called; can't call await_only() here. Was IO attempted in an unexpected place? (Background on this error at: https://sqlalche.me/e/20/xd2s)"}}
  {'type': 'value_error', 'loc': ('response', 155, 'risk_level'), 'msg': "Value error, risk_level must be one of ['Low', 'Moderate', 'High']", 'input': 'MODERATE', 'ctx': {'error': ValueError("risk_level must be one of ['Low', 'Moderate', 'High']")}}
  {'type': 'get_attribute_error', 'loc': ('response', 155, 'herb'), 'msg': "Error extracting attribute: MissingGreenlet: greenlet_spawn has not been called; can't call await_only() here. Was IO attempted in an unexpected place? (Background on this error at: https://sqlalche.me/e/20/xd2s)", 'input': <app.db.models.interaction.Interaction object at 0x6fff990ad490>, 'ctx': {'error': "MissingGreenlet: greenlet_spawn has not been called; can't call await_only() here. Was IO attempted in an unexpected place? (Background on this error at: https://sqlalche.me/e/20/xd2s)"}}
  {'type': 'get_attribute_error', 'loc': ('response', 155, 'drug'), 'msg': "Error extracting attribute: MissingGreenlet: greenlet_spawn has not been called; can't call await_only() here. Was IO attempted in an unexpected place? (Background on this error at: https://sqlalche.me/e/20/xd2s)", 'input': <app.db.models.interaction.Interaction object at 0x6fff990ad490>, 'ctx': {'error': "MissingGreenlet: greenlet_spawn has not been called; can't call await_only() here. Was IO attempted in an unexpected place? (Background on this error at: https://sqlalche.me/e/20/xd2s)"}}
  {'type': 'value_error', 'loc': ('response', 156, 'risk_level'), 'msg': "Value error, risk_level must be one of ['Low', 'Moderate', 'High']", 'input': 'MODERATE', 'ctx': {'error': ValueError("risk_level must be one of ['Low', 'Moderate', 'High']")}}
  {'type': 'get_attribute_error', 'loc': ('response', 156, 'herb'), 'msg': "Error extracting attribute: MissingGreenlet: greenlet_spawn has not been called; can't call await_only() here. Was IO attempted in an unexpected place? (Background on this error at: https://sqlalche.me/e/20/xd2s)", 'input': <app.db.models.interaction.Interaction object at 0x6fff990ad4f0>, 'ctx': {'error': "MissingGreenlet: greenlet_spawn has not been called; can't call await_only() here. Was IO attempted in an unexpected place? (Background on this error at: https://sqlalche.me/e/20/xd2s)"}}
  {'type': 'get_attribute_error', 'loc': ('response', 156, 'drug'), 'msg': "Error extracting attribute: MissingGreenlet: greenlet_spawn has not been called; can't call await_only() here. Was IO attempted in an unexpected place? (Background on this error at: https://sqlalche.me/e/20/xd2s)", 'input': <app.db.models.interaction.Interaction object at 0x6fff990ad4f0>, 'ctx': {'error': "MissingGreenlet: greenlet_spawn has not been called; can't call await_only() here. Was IO attempted in an unexpected place? (Background on this error at: https://sqlalche.me/e/20/xd2s)"}}
  {'type': 'value_error', 'loc': ('response', 157, 'risk_level'), 'msg': "Value error, risk_level must be one of ['Low', 'Moderate', 'High']", 'input': 'MODERATE', 'ctx': {'error': ValueError("risk_level must be one of ['Low', 'Moderate', 'High']")}}
  {'type': 'get_attribute_error', 'loc': ('response', 157, 'herb'), 'msg': "Error extracting attribute: MissingGreenlet: greenlet_spawn has not been called; can't call await_only() here. Was IO attempted in an unexpected place? (Background on this error at: https://sqlalche.me/e/20/xd2s)", 'input': <app.db.models.interaction.Interaction object at 0x6fff990ad550>, 'ctx': {'error': "MissingGreenlet: greenlet_spawn has not been called; can't call await_only() here. Was IO attempted in an unexpected place? (Background on this error at: https://sqlalche.me/e/20/xd2s)"}}
  {'type': 'get_attribute_error', 'loc': ('response', 157, 'drug'), 'msg': "Error extracting attribute: MissingGreenlet: greenlet_spawn has not been called; can't call await_only() here. Was IO attempted in an unexpected place? (Background on this error at: https://sqlalche.me/e/20/xd2s)", 'input': <app.db.models.interaction.Interaction object at 0x6fff990ad550>, 'ctx': {'error': "MissingGreenlet: greenlet_spawn has not been called; can't call await_only() here. Was IO attempted in an unexpected place? (Background on this error at: https://sqlalche.me/e/20/xd2s)"}}
  {'type': 'value_error', 'loc': ('response', 158, 'risk_level'), 'msg': "Value error, risk_level must be one of ['Low', 'Moderate', 'High']", 'input': 'MODERATE', 'ctx': {'error': ValueError("risk_level must be one of ['Low', 'Moderate', 'High']")}}
  {'type': 'get_attribute_error', 'loc': ('response', 158, 'herb'), 'msg': "Error extracting attribute: MissingGreenlet: greenlet_spawn has not been called; can't call await_only() here. Was IO attempted in an unexpected place? (Background on this error at: https://sqlalche.me/e/20/xd2s)", 'input': <app.db.models.interaction.Interaction object at 0x6fff990ad5b0>, 'ctx': {'error': "MissingGreenlet: greenlet_spawn has not been called; can't call await_only() here. Was IO attempted in an unexpected place? (Background on this error at: https://sqlalche.me/e/20/xd2s)"}}
  {'type': 'get_attribute_error', 'loc': ('response', 158, 'drug'), 'msg': "Error extracting attribute: MissingGreenlet: greenlet_spawn has not been called; can't call await_only() here. Was IO attempted in an unexpected place? (Background on this error at: https://sqlalche.me/e/20/xd2s)", 'input': <app.db.models.interaction.Interaction object at 0x6fff990ad5b0>, 'ctx': {'error': "MissingGreenlet: greenlet_spawn has not been called; can't call await_only() here. Was IO attempted in an unexpected place? (Background on this error at: https://sqlalche.me/e/20/xd2s)"}}
  {'type': 'value_error', 'loc': ('response', 159, 'risk_level'), 'msg': "Value error, risk_level must be one of ['Low', 'Moderate', 'High']", 'input': 'MODERATE', 'ctx': {'error': ValueError("risk_level must be one of ['Low', 'Moderate', 'High']")}}
  {'type': 'get_attribute_error', 'loc': ('response', 159, 'herb'), 'msg': "Error extracting attribute: MissingGreenlet: greenlet_spawn has not been called; can't call await_only() here. Was IO attempted in an unexpected place? (Background on this error at: https://sqlalche.me/e/20/xd2s)", 'input': <app.db.models.interaction.Interaction object at 0x6fff990ad610>, 'ctx': {'error': "MissingGreenlet: greenlet_spawn has not been called; can't call await_only() here. Was IO attempted in an unexpected place? (Background on this error at: https://sqlalche.me/e/20/xd2s)"}}
  {'type': 'get_attribute_error', 'loc': ('response', 159, 'drug'), 'msg': "Error extracting attribute: MissingGreenlet: greenlet_spawn has not been called; can't call await_only() here. Was IO attempted in an unexpected place? (Background on this error at: https://sqlalche.me/e/20/xd2s)", 'input': <app.db.models.interaction.Interaction object at 0x6fff990ad610>, 'ctx': {'error': "MissingGreenlet: greenlet_spawn has not been called; can't call await_only() here. Was IO attempted in an unexpected place? (Background on this error at: https://sqlalche.me/e/20/xd2s)"}}
  {'type': 'value_error', 'loc': ('response', 160, 'risk_level'), 'msg': "Value error, risk_level must be one of ['Low', 'Moderate', 'High']", 'input': 'LOW', 'ctx': {'error': ValueError("risk_level must be one of ['Low', 'Moderate', 'High']")}}
  {'type': 'get_attribute_error', 'loc': ('response', 160, 'herb'), 'msg': "Error extracting attribute: MissingGreenlet: greenlet_spawn has not been called; can't call await_only() here. Was IO attempted in an unexpected place? (Background on this error at: https://sqlalche.me/e/20/xd2s)", 'input': <app.db.models.interaction.Interaction object at 0x6fff990ad670>, 'ctx': {'error': "MissingGreenlet: greenlet_spawn has not been called; can't call await_only() here. Was IO attempted in an unexpected place? (Background on this error at: https://sqlalche.me/e/20/xd2s)"}}
  {'type': 'get_attribute_error', 'loc': ('response', 160, 'drug'), 'msg': "Error extracting attribute: MissingGreenlet: greenlet_spawn has not been called; can't call await_only() here. Was IO attempted in an unexpected place? (Background on this error at: https://sqlalche.me/e/20/xd2s)", 'input': <app.db.models.interaction.Interaction object at 0x6fff990ad670>, 'ctx': {'error': "MissingGreenlet: greenlet_spawn has not been called; can't call await_only() here. Was IO attempted in an unexpected place? (Background on this error at: https://sqlalche.me/e/20/xd2s)"}}
  {'type': 'value_error', 'loc': ('response', 161, 'risk_level'), 'msg': "Value error, risk_level must be one of ['Low', 'Moderate', 'High']", 'input': 'MODERATE', 'ctx': {'error': ValueError("risk_level must be one of ['Low', 'Moderate', 'High']")}}
  {'type': 'get_attribute_error', 'loc': ('response', 161, 'herb'), 'msg': "Error extracting attribute: MissingGreenlet: greenlet_spawn has not been called; can't call await_only() here. Was IO attempted in an unexpected place? (Background on this error at: https://sqlalche.me/e/20/xd2s)", 'input': <app.db.models.interaction.Interaction object at 0x6fff990ad6d0>, 'ctx': {'error': "MissingGreenlet: greenlet_spawn has not been called; can't call await_only() here. Was IO attempted in an unexpected place? (Background on this error at: https://sqlalche.me/e/20/xd2s)"}}
  {'type': 'get_attribute_error', 'loc': ('response', 161, 'drug'), 'msg': "Error extracting attribute: MissingGreenlet: greenlet_spawn has not been called; can't call await_only() here. Was IO attempted in an unexpected place? (Background on this error at: https://sqlalche.me/e/20/xd2s)", 'input': <app.db.models.interaction.Interaction object at 0x6fff990ad6d0>, 'ctx': {'error': "MissingGreenlet: greenlet_spawn has not been called; can't call await_only() here. Was IO attempted in an unexpected place? (Background on this error at: https://sqlalche.me/e/20/xd2s)"}}
  {'type': 'value_error', 'loc': ('response', 162, 'risk_level'), 'msg': "Value error, risk_level must be one of ['Low', 'Moderate', 'High']", 'input': 'HIGH', 'ctx': {'error': ValueError("risk_level must be one of ['Low', 'Moderate', 'High']")}}
  {'type': 'get_attribute_error', 'loc': ('response', 162, 'herb'), 'msg': "Error extracting attribute: MissingGreenlet: greenlet_spawn has not been called; can't call await_only() here. Was IO attempted in an unexpected place? (Background on this error at: https://sqlalche.me/e/20/xd2s)", 'input': <app.db.models.interaction.Interaction object at 0x6fff990ad730>, 'ctx': {'error': "MissingGreenlet: greenlet_spawn has not been called; can't call await_only() here. Was IO attempted in an unexpected place? (Background on this error at: https://sqlalche.me/e/20/xd2s)"}}
  {'type': 'get_attribute_error', 'loc': ('response', 162, 'drug'), 'msg': "Error extracting attribute: MissingGreenlet: greenlet_spawn has not been called; can't call await_only() here. Was IO attempted in an unexpected place? (Background on this error at: https://sqlalche.me/e/20/xd2s)", 'input': <app.db.models.interaction.Interaction object at 0x6fff990ad730>, 'ctx': {'error': "MissingGreenlet: greenlet_spawn has not been called; can't call await_only() here. Was IO attempted in an unexpected place? (Background on this error at: https://sqlalche.me/e/20/xd2s)"}}
  {'type': 'value_error', 'loc': ('response', 163, 'risk_level'), 'msg': "Value error, risk_level must be one of ['Low', 'Moderate', 'High']", 'input': 'MODERATE', 'ctx': {'error': ValueError("risk_level must be one of ['Low', 'Moderate', 'High']")}}
  {'type': 'get_attribute_error', 'loc': ('response', 163, 'herb'), 'msg': "Error extracting attribute: MissingGreenlet: greenlet_spawn has not been called; can't call await_only() here. Was IO attempted in an unexpected place? (Background on this error at: https://sqlalche.me/e/20/xd2s)", 'input': <app.db.models.interaction.Interaction object at 0x6fff990ad790>, 'ctx': {'error': "MissingGreenlet: greenlet_spawn has not been called; can't call await_only() here. Was IO attempted in an unexpected place? (Background on this error at: https://sqlalche.me/e/20/xd2s)"}}
  {'type': 'get_attribute_error', 'loc': ('response', 163, 'drug'), 'msg': "Error extracting attribute: MissingGreenlet: greenlet_spawn has not been called; can't call await_only() here. Was IO attempted in an unexpected place? (Background on this error at: https://sqlalche.me/e/20/xd2s)", 'input': <app.db.models.interaction.Interaction object at 0x6fff990ad790>, 'ctx': {'error': "MissingGreenlet: greenlet_spawn has not been called; can't call await_only() here. Was IO attempted in an unexpected place? (Background on this error at: https://sqlalche.me/e/20/xd2s)"}}
  {'type': 'value_error', 'loc': ('response', 164, 'risk_level'), 'msg': "Value error, risk_level must be one of ['Low', 'Moderate', 'High']", 'input': 'MODERATE', 'ctx': {'error': ValueError("risk_level must be one of ['Low', 'Moderate', 'High']")}}
  {'type': 'get_attribute_error', 'loc': ('response', 164, 'herb'), 'msg': "Error extracting attribute: MissingGreenlet: greenlet_spawn has not been called; can't call await_only() here. Was IO attempted in an unexpected place? (Background on this error at: https://sqlalche.me/e/20/xd2s)", 'input': <app.db.models.interaction.Interaction object at 0x6fff990ad7f0>, 'ctx': {'error': "MissingGreenlet: greenlet_spawn has not been called; can't call await_only() here. Was IO attempted in an unexpected place? (Background on this error at: https://sqlalche.me/e/20/xd2s)"}}
  {'type': 'get_attribute_error', 'loc': ('response', 164, 'drug'), 'msg': "Error extracting attribute: MissingGreenlet: greenlet_spawn has not been called; can't call await_only() here. Was IO attempted in an unexpected place? (Background on this error at: https://sqlalche.me/e/20/xd2s)", 'input': <app.db.models.interaction.Interaction object at 0x6fff990ad7f0>, 'ctx': {'error': "MissingGreenlet: greenlet_spawn has not been called; can't call await_only() here. Was IO attempted in an unexpected place? (Background on this error at: https://sqlalche.me/e/20/xd2s)"}}
  {'type': 'value_error', 'loc': ('response', 165, 'risk_level'), 'msg': "Value error, risk_level must be one of ['Low', 'Moderate', 'High']", 'input': 'MODERATE', 'ctx': {'error': ValueError("risk_level must be one of ['Low', 'Moderate', 'High']")}}
  {'type': 'get_attribute_error', 'loc': ('response', 165, 'herb'), 'msg': "Error extracting attribute: MissingGreenlet: greenlet_spawn has not been called; can't call await_only() here. Was IO attempted in an unexpected place? (Background on this error at: https://sqlalche.me/e/20/xd2s)", 'input': <app.db.models.interaction.Interaction object at 0x6fff990ad850>, 'ctx': {'error': "MissingGreenlet: greenlet_spawn has not been called; can't call await_only() here. Was IO attempted in an unexpected place? (Background on this error at: https://sqlalche.me/e/20/xd2s)"}}
  {'type': 'get_attribute_error', 'loc': ('response', 165, 'drug'), 'msg': "Error extracting attribute: MissingGreenlet: greenlet_spawn has not been called; can't call await_only() here. Was IO attempted in an unexpected place? (Background on this error at: https://sqlalche.me/e/20/xd2s)", 'input': <app.db.models.interaction.Interaction object at 0x6fff990ad850>, 'ctx': {'error': "MissingGreenlet: greenlet_spawn has not been called; can't call await_only() here. Was IO attempted in an unexpected place? (Background on this error at: https://sqlalche.me/e/20/xd2s)"}}
  {'type': 'value_error', 'loc': ('response', 166, 'risk_level'), 'msg': "Value error, risk_level must be one of ['Low', 'Moderate', 'High']", 'input': 'LOW', 'ctx': {'error': ValueError("risk_level must be one of ['Low', 'Moderate', 'High']")}}
  {'type': 'get_attribute_error', 'loc': ('response', 166, 'herb'), 'msg': "Error extracting attribute: MissingGreenlet: greenlet_spawn has not been called; can't call await_only() here. Was IO attempted in an unexpected place? (Background on this error at: https://sqlalche.me/e/20/xd2s)", 'input': <app.db.models.interaction.Interaction object at 0x6fff990ad8b0>, 'ctx': {'error': "MissingGreenlet: greenlet_spawn has not been called; can't call await_only() here. Was IO attempted in an unexpected place? (Background on this error at: https://sqlalche.me/e/20/xd2s)"}}
  {'type': 'get_attribute_error', 'loc': ('response', 166, 'drug'), 'msg': "Error extracting attribute: MissingGreenlet: greenlet_spawn has not been called; can't call await_only() here. Was IO attempted in an unexpected place? (Background on this error at: https://sqlalche.me/e/20/xd2s)", 'input': <app.db.models.interaction.Interaction object at 0x6fff990ad8b0>, 'ctx': {'error': "MissingGreenlet: greenlet_spawn has not been called; can't call await_only() here. Was IO attempted in an unexpected place? (Background on this error at: https://sqlalche.me/e/20/xd2s)"}}
  {'type': 'value_error', 'loc': ('response', 167, 'risk_level'), 'msg': "Value error, risk_level must be one of ['Low', 'Moderate', 'High']", 'input': 'MODERATE', 'ctx': {'error': ValueError("risk_level must be one of ['Low', 'Moderate', 'High']")}}
  {'type': 'get_attribute_error', 'loc': ('response', 167, 'herb'), 'msg': "Error extracting attribute: MissingGreenlet: greenlet_spawn has not been called; can't call await_only() here. Was IO attempted in an unexpected place? (Background on this error at: https://sqlalche.me/e/20/xd2s)", 'input': <app.db.models.interaction.Interaction object at 0x6fff990ad910>, 'ctx': {'error': "MissingGreenlet: greenlet_spawn has not been called; can't call await_only() here. Was IO attempted in an unexpected place? (Background on this error at: https://sqlalche.me/e/20/xd2s)"}}
  {'type': 'get_attribute_error', 'loc': ('response', 167, 'drug'), 'msg': "Error extracting attribute: MissingGreenlet: greenlet_spawn has not been called; can't call await_only() here. Was IO attempted in an unexpected place? (Background on this error at: https://sqlalche.me/e/20/xd2s)", 'input': <app.db.models.interaction.Interaction object at 0x6fff990ad910>, 'ctx': {'error': "MissingGreenlet: greenlet_spawn has not been called; can't call await_only() here. Was IO attempted in an unexpected place? (Background on this error at: https://sqlalche.me/e/20/xd2s)"}}
  {'type': 'value_error', 'loc': ('response', 168, 'risk_level'), 'msg': "Value error, risk_level must be one of ['Low', 'Moderate', 'High']", 'input': 'HIGH', 'ctx': {'error': ValueError("risk_level must be one of ['Low', 'Moderate', 'High']")}}
  {'type': 'get_attribute_error', 'loc': ('response', 168, 'herb'), 'msg': "Error extracting attribute: MissingGreenlet: greenlet_spawn has not been called; can't call await_only() here. Was IO attempted in an unexpected place? (Background on this error at: https://sqlalche.me/e/20/xd2s)", 'input': <app.db.models.interaction.Interaction object at 0x6fff990ad970>, 'ctx': {'error': "MissingGreenlet: greenlet_spawn has not been called; can't call await_only() here. Was IO attempted in an unexpected place? (Background on this error at: https://sqlalche.me/e/20/xd2s)"}}
  {'type': 'get_attribute_error', 'loc': ('response', 168, 'drug'), 'msg': "Error extracting attribute: MissingGreenlet: greenlet_spawn has not been called; can't call await_only() here. Was IO attempted in an unexpected place? (Background on this error at: https://sqlalche.me/e/20/xd2s)", 'input': <app.db.models.interaction.Interaction object at 0x6fff990ad970>, 'ctx': {'error': "MissingGreenlet: greenlet_spawn has not been called; can't call await_only() here. Was IO attempted in an unexpected place? (Background on this error at: https://sqlalche.me/e/20/xd2s)"}}
  {'type': 'value_error', 'loc': ('response', 169, 'risk_level'), 'msg': "Value error, risk_level must be one of ['Low', 'Moderate', 'High']", 'input': 'HIGH', 'ctx': {'error': ValueError("risk_level must be one of ['Low', 'Moderate', 'High']")}}
  {'type': 'get_attribute_error', 'loc': ('response', 169, 'herb'), 'msg': "Error extracting attribute: MissingGreenlet: greenlet_spawn has not been called; can't call await_only() here. Was IO attempted in an unexpected place? (Background on this error at: https://sqlalche.me/e/20/xd2s)", 'input': <app.db.models.interaction.Interaction object at 0x6fff990ad9d0>, 'ctx': {'error': "MissingGreenlet: greenlet_spawn has not been called; can't call await_only() here. Was IO attempted in an unexpected place? (Background on this error at: https://sqlalche.me/e/20/xd2s)"}}
  {'type': 'get_attribute_error', 'loc': ('response', 169, 'drug'), 'msg': "Error extracting attribute: MissingGreenlet: greenlet_spawn has not been called; can't call await_only() here. Was IO attempted in an unexpected place? (Background on this error at: https://sqlalche.me/e/20/xd2s)", 'input': <app.db.models.interaction.Interaction object at 0x6fff990ad9d0>, 'ctx': {'error': "MissingGreenlet: greenlet_spawn has not been called; can't call await_only() here. Was IO attempted in an unexpected place? (Background on this error at: https://sqlalche.me/e/20/xd2s)"}}
  {'type': 'value_error', 'loc': ('response', 170, 'risk_level'), 'msg': "Value error, risk_level must be one of ['Low', 'Moderate', 'High']", 'input': 'HIGH', 'ctx': {'error': ValueError("risk_level must be one of ['Low', 'Moderate', 'High']")}}
  {'type': 'get_attribute_error', 'loc': ('response', 170, 'herb'), 'msg': "Error extracting attribute: MissingGreenlet: greenlet_spawn has not been called; can't call await_only() here. Was IO attempted in an unexpected place? (Background on this error at: https://sqlalche.me/e/20/xd2s)", 'input': <app.db.models.interaction.Interaction object at 0x6fff990ada30>, 'ctx': {'error': "MissingGreenlet: greenlet_spawn has not been called; can't call await_only() here. Was IO attempted in an unexpected place? (Background on this error at: https://sqlalche.me/e/20/xd2s)"}}
  {'type': 'get_attribute_error', 'loc': ('response', 170, 'drug'), 'msg': "Error extracting attribute: MissingGreenlet: greenlet_spawn has not been called; can't call await_only() here. Was IO attempted in an unexpected place? (Background on this error at: https://sqlalche.me/e/20/xd2s)", 'input': <app.db.models.interaction.Interaction object at 0x6fff990ada30>, 'ctx': {'error': "MissingGreenlet: greenlet_spawn has not been called; can't call await_only() here. Was IO attempted in an unexpected place? (Background on this error at: https://sqlalche.me/e/20/xd2s)"}}
  {'type': 'value_error', 'loc': ('response', 171, 'risk_level'), 'msg': "Value error, risk_level must be one of ['Low', 'Moderate', 'High']", 'input': 'HIGH', 'ctx': {'error': ValueError("risk_level must be one of ['Low', 'Moderate', 'High']")}}
  {'type': 'get_attribute_error', 'loc': ('response', 171, 'herb'), 'msg': "Error extracting attribute: MissingGreenlet: greenlet_spawn has not been called; can't call await_only() here. Was IO attempted in an unexpected place? (Background on this error at: https://sqlalche.me/e/20/xd2s)", 'input': <app.db.models.interaction.Interaction object at 0x6fff990ada90>, 'ctx': {'error': "MissingGreenlet: greenlet_spawn has not been called; can't call await_only() here. Was IO attempted in an unexpected place? (Background on this error at: https://sqlalche.me/e/20/xd2s)"}}
  {'type': 'get_attribute_error', 'loc': ('response', 171, 'drug'), 'msg': "Error extracting attribute: MissingGreenlet: greenlet_spawn has not been called; can't call await_only() here. Was IO attempted in an unexpected place? (Background on this error at: https://sqlalche.me/e/20/xd2s)", 'input': <app.db.models.interaction.Interaction object at 0x6fff990ada90>, 'ctx': {'error': "MissingGreenlet: greenlet_spawn has not been called; can't call await_only() here. Was IO attempted in an unexpected place? (Background on this error at: https://sqlalche.me/e/20/xd2s)"}}
  {'type': 'value_error', 'loc': ('response', 172, 'risk_level'), 'msg': "Value error, risk_level must be one of ['Low', 'Moderate', 'High']", 'input': 'HIGH', 'ctx': {'error': ValueError("risk_level must be one of ['Low', 'Moderate', 'High']")}}
  {'type': 'get_attribute_error', 'loc': ('response', 172, 'herb'), 'msg': "Error extracting attribute: MissingGreenlet: greenlet_spawn has not been called; can't call await_only() here. Was IO attempted in an unexpected place? (Background on this error at: https://sqlalche.me/e/20/xd2s)", 'input': <app.db.models.interaction.Interaction object at 0x6fff990adaf0>, 'ctx': {'error': "MissingGreenlet: greenlet_spawn has not been called; can't call await_only() here. Was IO attempted in an unexpected place? (Background on this error at: https://sqlalche.me/e/20/xd2s)"}}
  {'type': 'get_attribute_error', 'loc': ('response', 172, 'drug'), 'msg': "Error extracting attribute: MissingGreenlet: greenlet_spawn has not been called; can't call await_only() here. Was IO attempted in an unexpected place? (Background on this error at: https://sqlalche.me/e/20/xd2s)", 'input': <app.db.models.interaction.Interaction object at 0x6fff990adaf0>, 'ctx': {'error': "MissingGreenlet: greenlet_spawn has not been called; can't call await_only() here. Was IO attempted in an unexpected place? (Background on this error at: https://sqlalche.me/e/20/xd2s)"}}
  {'type': 'value_error', 'loc': ('response', 173, 'risk_level'), 'msg': "Value error, risk_level must be one of ['Low', 'Moderate', 'High']", 'input': 'MODERATE', 'ctx': {'error': ValueError("risk_level must be one of ['Low', 'Moderate', 'High']")}}
  {'type': 'get_attribute_error', 'loc': ('response', 173, 'herb'), 'msg': "Error extracting attribute: MissingGreenlet: greenlet_spawn has not been called; can't call await_only() here. Was IO attempted in an unexpected place? (Background on this error at: https://sqlalche.me/e/20/xd2s)", 'input': <app.db.models.interaction.Interaction object at 0x6fff990adb50>, 'ctx': {'error': "MissingGreenlet: greenlet_spawn has not been called; can't call await_only() here. Was IO attempted in an unexpected place? (Background on this error at: https://sqlalche.me/e/20/xd2s)"}}
  {'type': 'get_attribute_error', 'loc': ('response', 173, 'drug'), 'msg': "Error extracting attribute: MissingGreenlet: greenlet_spawn has not been called; can't call await_only() here. Was IO attempted in an unexpected place? (Background on this error at: https://sqlalche.me/e/20/xd2s)", 'input': <app.db.models.interaction.Interaction object at 0x6fff990adb50>, 'ctx': {'error': "MissingGreenlet: greenlet_spawn has not been called; can't call await_only() here. Was IO attempted in an unexpected place? (Background on this error at: https://sqlalche.me/e/20/xd2s)"}}
  {'type': 'value_error', 'loc': ('response', 174, 'risk_level'), 'msg': "Value error, risk_level must be one of ['Low', 'Moderate', 'High']", 'input': 'MODERATE', 'ctx': {'error': ValueError("risk_level must be one of ['Low', 'Moderate', 'High']")}}
  {'type': 'get_attribute_error', 'loc': ('response', 174, 'herb'), 'msg': "Error extracting attribute: MissingGreenlet: greenlet_spawn has not been called; can't call await_only() here. Was IO attempted in an unexpected place? (Background on this error at: https://sqlalche.me/e/20/xd2s)", 'input': <app.db.models.interaction.Interaction object at 0x6fff990adbb0>, 'ctx': {'error': "MissingGreenlet: greenlet_spawn has not been called; can't call await_only() here. Was IO attempted in an unexpected place? (Background on this error at: https://sqlalche.me/e/20/xd2s)"}}
  {'type': 'get_attribute_error', 'loc': ('response', 174, 'drug'), 'msg': "Error extracting attribute: MissingGreenlet: greenlet_spawn has not been called; can't call await_only() here. Was IO attempted in an unexpected place? (Background on this error at: https://sqlalche.me/e/20/xd2s)", 'input': <app.db.models.interaction.Interaction object at 0x6fff990adbb0>, 'ctx': {'error': "MissingGreenlet: greenlet_spawn has not been called; can't call await_only() here. Was IO attempted in an unexpected place? (Background on this error at: https://sqlalche.me/e/20/xd2s)"}}
  {'type': 'value_error', 'loc': ('response', 175, 'risk_level'), 'msg': "Value error, risk_level must be one of ['Low', 'Moderate', 'High']", 'input': 'MODERATE', 'ctx': {'error': ValueError("risk_level must be one of ['Low', 'Moderate', 'High']")}}
  {'type': 'get_attribute_error', 'loc': ('response', 175, 'herb'), 'msg': "Error extracting attribute: MissingGreenlet: greenlet_spawn has not been called; can't call await_only() here. Was IO attempted in an unexpected place? (Background on this error at: https://sqlalche.me/e/20/xd2s)", 'input': <app.db.models.interaction.Interaction object at 0x6fff990adc10>, 'ctx': {'error': "MissingGreenlet: greenlet_spawn has not been called; can't call await_only() here. Was IO attempted in an unexpected place? (Background on this error at: https://sqlalche.me/e/20/xd2s)"}}
  {'type': 'get_attribute_error', 'loc': ('response', 175, 'drug'), 'msg': "Error extracting attribute: MissingGreenlet: greenlet_spawn has not been called; can't call await_only() here. Was IO attempted in an unexpected place? (Background on this error at: https://sqlalche.me/e/20/xd2s)", 'input': <app.db.models.interaction.Interaction object at 0x6fff990adc10>, 'ctx': {'error': "MissingGreenlet: greenlet_spawn has not been called; can't call await_only() here. Was IO attempted in an unexpected place? (Background on this error at: https://sqlalche.me/e/20/xd2s)"}}
  {'type': 'value_error', 'loc': ('response', 176, 'risk_level'), 'msg': "Value error, risk_level must be one of ['Low', 'Moderate', 'High']", 'input': 'HIGH', 'ctx': {'error': ValueError("risk_level must be one of ['Low', 'Moderate', 'High']")}}
  {'type': 'get_attribute_error', 'loc': ('response', 176, 'herb'), 'msg': "Error extracting attribute: MissingGreenlet: greenlet_spawn has not been called; can't call await_only() here. Was IO attempted in an unexpected place? (Background on this error at: https://sqlalche.me/e/20/xd2s)", 'input': <app.db.models.interaction.Interaction object at 0x6fff990adc70>, 'ctx': {'error': "MissingGreenlet: greenlet_spawn has not been called; can't call await_only() here. Was IO attempted in an unexpected place? (Background on this error at: https://sqlalche.me/e/20/xd2s)"}}
  {'type': 'get_attribute_error', 'loc': ('response', 176, 'drug'), 'msg': "Error extracting attribute: MissingGreenlet: greenlet_spawn has not been called; can't call await_only() here. Was IO attempted in an unexpected place? (Background on this error at: https://sqlalche.me/e/20/xd2s)", 'input': <app.db.models.interaction.Interaction object at 0x6fff990adc70>, 'ctx': {'error': "MissingGreenlet: greenlet_spawn has not been called; can't call await_only() here. Was IO attempted in an unexpected place? (Background on this error at: https://sqlalche.me/e/20/xd2s)"}}
  {'type': 'value_error', 'loc': ('response', 177, 'risk_level'), 'msg': "Value error, risk_level must be one of ['Low', 'Moderate', 'High']", 'input': 'MODERATE', 'ctx': {'error': ValueError("risk_level must be one of ['Low', 'Moderate', 'High']")}}
  {'type': 'get_attribute_error', 'loc': ('response', 177, 'herb'), 'msg': "Error extracting attribute: MissingGreenlet: greenlet_spawn has not been called; can't call await_only() here. Was IO attempted in an unexpected place? (Background on this error at: https://sqlalche.me/e/20/xd2s)", 'input': <app.db.models.interaction.Interaction object at 0x6fff990adcd0>, 'ctx': {'error': "MissingGreenlet: greenlet_spawn has not been called; can't call await_only() here. Was IO attempted in an unexpected place? (Background on this error at: https://sqlalche.me/e/20/xd2s)"}}
  {'type': 'get_attribute_error', 'loc': ('response', 177, 'drug'), 'msg': "Error extracting attribute: MissingGreenlet: greenlet_spawn has not been called; can't call await_only() here. Was IO attempted in an unexpected place? (Background on this error at: https://sqlalche.me/e/20/xd2s)", 'input': <app.db.models.interaction.Interaction object at 0x6fff990adcd0>, 'ctx': {'error': "MissingGreenlet: greenlet_spawn has not been called; can't call await_only() here. Was IO attempted in an unexpected place? (Background on this error at: https://sqlalche.me/e/20/xd2s)"}}
  {'type': 'value_error', 'loc': ('response', 178, 'risk_level'), 'msg': "Value error, risk_level must be one of ['Low', 'Moderate', 'High']", 'input': 'MODERATE', 'ctx': {'error': ValueError("risk_level must be one of ['Low', 'Moderate', 'High']")}}
  {'type': 'get_attribute_error', 'loc': ('response', 178, 'herb'), 'msg': "Error extracting attribute: MissingGreenlet: greenlet_spawn has not been called; can't call await_only() here. Was IO attempted in an unexpected place? (Background on this error at: https://sqlalche.me/e/20/xd2s)", 'input': <app.db.models.interaction.Interaction object at 0x6fff990add30>, 'ctx': {'error': "MissingGreenlet: greenlet_spawn has not been called; can't call await_only() here. Was IO attempted in an unexpected place? (Background on this error at: https://sqlalche.me/e/20/xd2s)"}}
  {'type': 'get_attribute_error', 'loc': ('response', 178, 'drug'), 'msg': "Error extracting attribute: MissingGreenlet: greenlet_spawn has not been called; can't call await_only() here. Was IO attempted in an unexpected place? (Background on this error at: https://sqlalche.me/e/20/xd2s)", 'input': <app.db.models.interaction.Interaction object at 0x6fff990add30>, 'ctx': {'error': "MissingGreenlet: greenlet_spawn has not been called; can't call await_only() here. Was IO attempted in an unexpected place? (Background on this error at: https://sqlalche.me/e/20/xd2s)"}}
  {'type': 'value_error', 'loc': ('response', 179, 'risk_level'), 'msg': "Value error, risk_level must be one of ['Low', 'Moderate', 'High']", 'input': 'MODERATE', 'ctx': {'error': ValueError("risk_level must be one of ['Low', 'Moderate', 'High']")}}
  {'type': 'get_attribute_error', 'loc': ('response', 179, 'herb'), 'msg': "Error extracting attribute: MissingGreenlet: greenlet_spawn has not been called; can't call await_only() here. Was IO attempted in an unexpected place? (Background on this error at: https://sqlalche.me/e/20/xd2s)", 'input': <app.db.models.interaction.Interaction object at 0x6fff990add90>, 'ctx': {'error': "MissingGreenlet: greenlet_spawn has not been called; can't call await_only() here. Was IO attempted in an unexpected place? (Background on this error at: https://sqlalche.me/e/20/xd2s)"}}
  {'type': 'get_attribute_error', 'loc': ('response', 179, 'drug'), 'msg': "Error extracting attribute: MissingGreenlet: greenlet_spawn has not been called; can't call await_only() here. Was IO attempted in an unexpected place? (Background on this error at: https://sqlalche.me/e/20/xd2s)", 'input': <app.db.models.interaction.Interaction object at 0x6fff990add90>, 'ctx': {'error': "MissingGreenlet: greenlet_spawn has not been called; can't call await_only() here. Was IO attempted in an unexpected place? (Background on this error at: https://sqlalche.me/e/20/xd2s)"}}
  {'type': 'value_error', 'loc': ('response', 180, 'risk_level'), 'msg': "Value error, risk_level must be one of ['Low', 'Moderate', 'High']", 'input': 'HIGH', 'ctx': {'error': ValueError("risk_level must be one of ['Low', 'Moderate', 'High']")}}
  {'type': 'get_attribute_error', 'loc': ('response', 180, 'herb'), 'msg': "Error extracting attribute: MissingGreenlet: greenlet_spawn has not been called; can't call await_only() here. Was IO attempted in an unexpected place? (Background on this error at: https://sqlalche.me/e/20/xd2s)", 'input': <app.db.models.interaction.Interaction object at 0x6fff990addf0>, 'ctx': {'error': "MissingGreenlet: greenlet_spawn has not been called; can't call await_only() here. Was IO attempted in an unexpected place? (Background on this error at: https://sqlalche.me/e/20/xd2s)"}}
  {'type': 'get_attribute_error', 'loc': ('response', 180, 'drug'), 'msg': "Error extracting attribute: MissingGreenlet: greenlet_spawn has not been called; can't call await_only() here. Was IO attempted in an unexpected place? (Background on this error at: https://sqlalche.me/e/20/xd2s)", 'input': <app.db.models.interaction.Interaction object at 0x6fff990addf0>, 'ctx': {'error': "MissingGreenlet: greenlet_spawn has not been called; can't call await_only() here. Was IO attempted in an unexpected place? (Background on this error at: https://sqlalche.me/e/20/xd2s)"}}
  {'type': 'value_error', 'loc': ('response', 181, 'risk_level'), 'msg': "Value error, risk_level must be one of ['Low', 'Moderate', 'High']", 'input': 'MODERATE', 'ctx': {'error': ValueError("risk_level must be one of ['Low', 'Moderate', 'High']")}}
  {'type': 'get_attribute_error', 'loc': ('response', 181, 'herb'), 'msg': "Error extracting attribute: MissingGreenlet: greenlet_spawn has not been called; can't call await_only() here. Was IO attempted in an unexpected place? (Background on this error at: https://sqlalche.me/e/20/xd2s)", 'input': <app.db.models.interaction.Interaction object at 0x6fff990ade50>, 'ctx': {'error': "MissingGreenlet: greenlet_spawn has not been called; can't call await_only() here. Was IO attempted in an unexpected place? (Background on this error at: https://sqlalche.me/e/20/xd2s)"}}
  {'type': 'get_attribute_error', 'loc': ('response', 181, 'drug'), 'msg': "Error extracting attribute: MissingGreenlet: greenlet_spawn has not been called; can't call await_only() here. Was IO attempted in an unexpected place? (Background on this error at: https://sqlalche.me/e/20/xd2s)", 'input': <app.db.models.interaction.Interaction object at 0x6fff990ade50>, 'ctx': {'error': "MissingGreenlet: greenlet_spawn has not been called; can't call await_only() here. Was IO attempted in an unexpected place? (Background on this error at: https://sqlalche.me/e/20/xd2s)"}}
  {'type': 'value_error', 'loc': ('response', 182, 'risk_level'), 'msg': "Value error, risk_level must be one of ['Low', 'Moderate', 'High']", 'input': 'LOW', 'ctx': {'error': ValueError("risk_level must be one of ['Low', 'Moderate', 'High']")}}
  {'type': 'get_attribute_error', 'loc': ('response', 182, 'herb'), 'msg': "Error extracting attribute: MissingGreenlet: greenlet_spawn has not been called; can't call await_only() here. Was IO attempted in an unexpected place? (Background on this error at: https://sqlalche.me/e/20/xd2s)", 'input': <app.db.models.interaction.Interaction object at 0x6fff990adeb0>, 'ctx': {'error': "MissingGreenlet: greenlet_spawn has not been called; can't call await_only() here. Was IO attempted in an unexpected place? (Background on this error at: https://sqlalche.me/e/20/xd2s)"}}
  {'type': 'get_attribute_error', 'loc': ('response', 182, 'drug'), 'msg': "Error extracting attribute: MissingGreenlet: greenlet_spawn has not been called; can't call await_only() here. Was IO attempted in an unexpected place? (Background on this error at: https://sqlalche.me/e/20/xd2s)", 'input': <app.db.models.interaction.Interaction object at 0x6fff990adeb0>, 'ctx': {'error': "MissingGreenlet: greenlet_spawn has not been called; can't call await_only() here. Was IO attempted in an unexpected place? (Background on this error at: https://sqlalche.me/e/20/xd2s)"}}
  {'type': 'value_error', 'loc': ('response', 183, 'risk_level'), 'msg': "Value error, risk_level must be one of ['Low', 'Moderate', 'High']", 'input': 'HIGH', 'ctx': {'error': ValueError("risk_level must be one of ['Low', 'Moderate', 'High']")}}
  {'type': 'get_attribute_error', 'loc': ('response', 183, 'herb'), 'msg': "Error extracting attribute: MissingGreenlet: greenlet_spawn has not been called; can't call await_only() here. Was IO attempted in an unexpected place? (Background on this error at: https://sqlalche.me/e/20/xd2s)", 'input': <app.db.models.interaction.Interaction object at 0x6fff990adf10>, 'ctx': {'error': "MissingGreenlet: greenlet_spawn has not been called; can't call await_only() here. Was IO attempted in an unexpected place? (Background on this error at: https://sqlalche.me/e/20/xd2s)"}}
  {'type': 'get_attribute_error', 'loc': ('response', 183, 'drug'), 'msg': "Error extracting attribute: MissingGreenlet: greenlet_spawn has not been called; can't call await_only() here. Was IO attempted in an unexpected place? (Background on this error at: https://sqlalche.me/e/20/xd2s)", 'input': <app.db.models.interaction.Interaction object at 0x6fff990adf10>, 'ctx': {'error': "MissingGreenlet: greenlet_spawn has not been called; can't call await_only() here. Was IO attempted in an unexpected place? (Background on this error at: https://sqlalche.me/e/20/xd2s)"}}
  {'type': 'value_error', 'loc': ('response', 184, 'risk_level'), 'msg': "Value error, risk_level must be one of ['Low', 'Moderate', 'High']", 'input': 'MODERATE', 'ctx': {'error': ValueError("risk_level must be one of ['Low', 'Moderate', 'High']")}}
  {'type': 'get_attribute_error', 'loc': ('response', 184, 'herb'), 'msg': "Error extracting attribute: MissingGreenlet: greenlet_spawn has not been called; can't call await_only() here. Was IO attempted in an unexpected place? (Background on this error at: https://sqlalche.me/e/20/xd2s)", 'input': <app.db.models.interaction.Interaction object at 0x6fff990adf70>, 'ctx': {'error': "MissingGreenlet: greenlet_spawn has not been called; can't call await_only() here. Was IO attempted in an unexpected place? (Background on this error at: https://sqlalche.me/e/20/xd2s)"}}
  {'type': 'get_attribute_error', 'loc': ('response', 184, 'drug'), 'msg': "Error extracting attribute: MissingGreenlet: greenlet_spawn has not been called; can't call await_only() here. Was IO attempted in an unexpected place? (Background on this error at: https://sqlalche.me/e/20/xd2s)", 'input': <app.db.models.interaction.Interaction object at 0x6fff990adf70>, 'ctx': {'error': "MissingGreenlet: greenlet_spawn has not been called; can't call await_only() here. Was IO attempted in an unexpected place? (Background on this error at: https://sqlalche.me/e/20/xd2s)"}}
  {'type': 'value_error', 'loc': ('response', 185, 'risk_level'), 'msg': "Value error, risk_level must be one of ['Low', 'Moderate', 'High']", 'input': 'LOW', 'ctx': {'error': ValueError("risk_level must be one of ['Low', 'Moderate', 'High']")}}
  {'type': 'get_attribute_error', 'loc': ('response', 185, 'herb'), 'msg': "Error extracting attribute: MissingGreenlet: greenlet_spawn has not been called; can't call await_only() here. Was IO attempted in an unexpected place? (Background on this error at: https://sqlalche.me/e/20/xd2s)", 'input': <app.db.models.interaction.Interaction object at 0x6fff990adfd0>, 'ctx': {'error': "MissingGreenlet: greenlet_spawn has not been called; can't call await_only() here. Was IO attempted in an unexpected place? (Background on this error at: https://sqlalche.me/e/20/xd2s)"}}
  {'type': 'get_attribute_error', 'loc': ('response', 185, 'drug'), 'msg': "Error extracting attribute: MissingGreenlet: greenlet_spawn has not been called; can't call await_only() here. Was IO attempted in an unexpected place? (Background on this error at: https://sqlalche.me/e/20/xd2s)", 'input': <app.db.models.interaction.Interaction object at 0x6fff990adfd0>, 'ctx': {'error': "MissingGreenlet: greenlet_spawn has not been called; can't call await_only() here. Was IO attempted in an unexpected place? (Background on this error at: https://sqlalche.me/e/20/xd2s)"}}
  {'type': 'value_error', 'loc': ('response', 186, 'risk_level'), 'msg': "Value error, risk_level must be one of ['Low', 'Moderate', 'High']", 'input': 'LOW', 'ctx': {'error': ValueError("risk_level must be one of ['Low', 'Moderate', 'High']")}}
  {'type': 'get_attribute_error', 'loc': ('response', 186, 'herb'), 'msg': "Error extracting attribute: MissingGreenlet: greenlet_spawn has not been called; can't call await_only() here. Was IO attempted in an unexpected place? (Background on this error at: https://sqlalche.me/e/20/xd2s)", 'input': <app.db.models.interaction.Interaction object at 0x6fff990ae030>, 'ctx': {'error': "MissingGreenlet: greenlet_spawn has not been called; can't call await_only() here. Was IO attempted in an unexpected place? (Background on this error at: https://sqlalche.me/e/20/xd2s)"}}
  {'type': 'get_attribute_error', 'loc': ('response', 186, 'drug'), 'msg': "Error extracting attribute: MissingGreenlet: greenlet_spawn has not been called; can't call await_only() here. Was IO attempted in an unexpected place? (Background on this error at: https://sqlalche.me/e/20/xd2s)", 'input': <app.db.models.interaction.Interaction object at 0x6fff990ae030>, 'ctx': {'error': "MissingGreenlet: greenlet_spawn has not been called; can't call await_only() here. Was IO attempted in an unexpected place? (Background on this error at: https://sqlalche.me/e/20/xd2s)"}}
  {'type': 'value_error', 'loc': ('response', 187, 'risk_level'), 'msg': "Value error, risk_level must be one of ['Low', 'Moderate', 'High']", 'input': 'LOW', 'ctx': {'error': ValueError("risk_level must be one of ['Low', 'Moderate', 'High']")}}
  {'type': 'get_attribute_error', 'loc': ('response', 187, 'herb'), 'msg': "Error extracting attribute: MissingGreenlet: greenlet_spawn has not been called; can't call await_only() here. Was IO attempted in an unexpected place? (Background on this error at: https://sqlalche.me/e/20/xd2s)", 'input': <app.db.models.interaction.Interaction object at 0x6fff990ae090>, 'ctx': {'error': "MissingGreenlet: greenlet_spawn has not been called; can't call await_only() here. Was IO attempted in an unexpected place? (Background on this error at: https://sqlalche.me/e/20/xd2s)"}}
  {'type': 'get_attribute_error', 'loc': ('response', 187, 'drug'), 'msg': "Error extracting attribute: MissingGreenlet: greenlet_spawn has not been called; can't call await_only() here. Was IO attempted in an unexpected place? (Background on this error at: https://sqlalche.me/e/20/xd2s)", 'input': <app.db.models.interaction.Interaction object at 0x6fff990ae090>, 'ctx': {'error': "MissingGreenlet: greenlet_spawn has not been called; can't call await_only() here. Was IO attempted in an unexpected place? (Background on this error at: https://sqlalche.me/e/20/xd2s)"}}
  {'type': 'value_error', 'loc': ('response', 188, 'risk_level'), 'msg': "Value error, risk_level must be one of ['Low', 'Moderate', 'High']", 'input': 'MODERATE', 'ctx': {'error': ValueError("risk_level must be one of ['Low', 'Moderate', 'High']")}}
  {'type': 'get_attribute_error', 'loc': ('response', 188, 'herb'), 'msg': "Error extracting attribute: MissingGreenlet: greenlet_spawn has not been called; can't call await_only() here. Was IO attempted in an unexpected place? (Background on this error at: https://sqlalche.me/e/20/xd2s)", 'input': <app.db.models.interaction.Interaction object at 0x6fff990ae0f0>, 'ctx': {'error': "MissingGreenlet: greenlet_spawn has not been called; can't call await_only() here. Was IO attempted in an unexpected place? (Background on this error at: https://sqlalche.me/e/20/xd2s)"}}
  {'type': 'get_attribute_error', 'loc': ('response', 188, 'drug'), 'msg': "Error extracting attribute: MissingGreenlet: greenlet_spawn has not been called; can't call await_only() here. Was IO attempted in an unexpected place? (Background on this error at: https://sqlalche.me/e/20/xd2s)", 'input': <app.db.models.interaction.Interaction object at 0x6fff990ae0f0>, 'ctx': {'error': "MissingGreenlet: greenlet_spawn has not been called; can't call await_only() here. Was IO attempted in an unexpected place? (Background on this error at: https://sqlalche.me/e/20/xd2s)"}}
  {'type': 'value_error', 'loc': ('response', 189, 'risk_level'), 'msg': "Value error, risk_level must be one of ['Low', 'Moderate', 'High']", 'input': 'MODERATE', 'ctx': {'error': ValueError("risk_level must be one of ['Low', 'Moderate', 'High']")}}
  {'type': 'get_attribute_error', 'loc': ('response', 189, 'herb'), 'msg': "Error extracting attribute: MissingGreenlet: greenlet_spawn has not been called; can't call await_only() here. Was IO attempted in an unexpected place? (Background on this error at: https://sqlalche.me/e/20/xd2s)", 'input': <app.db.models.interaction.Interaction object at 0x6fff990ae150>, 'ctx': {'error': "MissingGreenlet: greenlet_spawn has not been called; can't call await_only() here. Was IO attempted in an unexpected place? (Background on this error at: https://sqlalche.me/e/20/xd2s)"}}
  {'type': 'get_attribute_error', 'loc': ('response', 189, 'drug'), 'msg': "Error extracting attribute: MissingGreenlet: greenlet_spawn has not been called; can't call await_only() here. Was IO attempted in an unexpected place? (Background on this error at: https://sqlalche.me/e/20/xd2s)", 'input': <app.db.models.interaction.Interaction object at 0x6fff990ae150>, 'ctx': {'error': "MissingGreenlet: greenlet_spawn has not been called; can't call await_only() here. Was IO attempted in an unexpected place? (Background on this error at: https://sqlalche.me/e/20/xd2s)"}}
  {'type': 'value_error', 'loc': ('response', 190, 'risk_level'), 'msg': "Value error, risk_level must be one of ['Low', 'Moderate', 'High']", 'input': 'MODERATE', 'ctx': {'error': ValueError("risk_level must be one of ['Low', 'Moderate', 'High']")}}
  {'type': 'get_attribute_error', 'loc': ('response', 190, 'herb'), 'msg': "Error extracting attribute: MissingGreenlet: greenlet_spawn has not been called; can't call await_only() here. Was IO attempted in an unexpected place? (Background on this error at: https://sqlalche.me/e/20/xd2s)", 'input': <app.db.models.interaction.Interaction object at 0x6fff990ae1b0>, 'ctx': {'error': "MissingGreenlet: greenlet_spawn has not been called; can't call await_only() here. Was IO attempted in an unexpected place? (Background on this error at: https://sqlalche.me/e/20/xd2s)"}}
  {'type': 'get_attribute_error', 'loc': ('response', 190, 'drug'), 'msg': "Error extracting attribute: MissingGreenlet: greenlet_spawn has not been called; can't call await_only() here. Was IO attempted in an unexpected place? (Background on this error at: https://sqlalche.me/e/20/xd2s)", 'input': <app.db.models.interaction.Interaction object at 0x6fff990ae1b0>, 'ctx': {'error': "MissingGreenlet: greenlet_spawn has not been called; can't call await_only() here. Was IO attempted in an unexpected place? (Background on this error at: https://sqlalche.me/e/20/xd2s)"}}
  {'type': 'value_error', 'loc': ('response', 191, 'risk_level'), 'msg': "Value error, risk_level must be one of ['Low', 'Moderate', 'High']", 'input': 'MODERATE', 'ctx': {'error': ValueError("risk_level must be one of ['Low', 'Moderate', 'High']")}}
  {'type': 'get_attribute_error', 'loc': ('response', 191, 'herb'), 'msg': "Error extracting attribute: MissingGreenlet: greenlet_spawn has not been called; can't call await_only() here. Was IO attempted in an unexpected place? (Background on this error at: https://sqlalche.me/e/20/xd2s)", 'input': <app.db.models.interaction.Interaction object at 0x6fff990ae210>, 'ctx': {'error': "MissingGreenlet: greenlet_spawn has not been called; can't call await_only() here. Was IO attempted in an unexpected place? (Background on this error at: https://sqlalche.me/e/20/xd2s)"}}
  {'type': 'get_attribute_error', 'loc': ('response', 191, 'drug'), 'msg': "Error extracting attribute: MissingGreenlet: greenlet_spawn has not been called; can't call await_only() here. Was IO attempted in an unexpected place? (Background on this error at: https://sqlalche.me/e/20/xd2s)", 'input': <app.db.models.interaction.Interaction object at 0x6fff990ae210>, 'ctx': {'error': "MissingGreenlet: greenlet_spawn has not been called; can't call await_only() here. Was IO attempted in an unexpected place? (Background on this error at: https://sqlalche.me/e/20/xd2s)"}}
  {'type': 'value_error', 'loc': ('response', 192, 'risk_level'), 'msg': "Value error, risk_level must be one of ['Low', 'Moderate', 'High']", 'input': 'MODERATE', 'ctx': {'error': ValueError("risk_level must be one of ['Low', 'Moderate', 'High']")}}
  {'type': 'get_attribute_error', 'loc': ('response', 192, 'herb'), 'msg': "Error extracting attribute: MissingGreenlet: greenlet_spawn has not been called; can't call await_only() here. Was IO attempted in an unexpected place? (Background on this error at: https://sqlalche.me/e/20/xd2s)", 'input': <app.db.models.interaction.Interaction object at 0x6fff990ae270>, 'ctx': {'error': "MissingGreenlet: greenlet_spawn has not been called; can't call await_only() here. Was IO attempted in an unexpected place? (Background on this error at: https://sqlalche.me/e/20/xd2s)"}}
  {'type': 'get_attribute_error', 'loc': ('response', 192, 'drug'), 'msg': "Error extracting attribute: MissingGreenlet: greenlet_spawn has not been called; can't call await_only() here. Was IO attempted in an unexpected place? (Background on this error at: https://sqlalche.me/e/20/xd2s)", 'input': <app.db.models.interaction.Interaction object at 0x6fff990ae270>, 'ctx': {'error': "MissingGreenlet: greenlet_spawn has not been called; can't call await_only() here. Was IO attempted in an unexpected place? (Background on this error at: https://sqlalche.me/e/20/xd2s)"}}
  {'type': 'value_error', 'loc': ('response', 193, 'risk_level'), 'msg': "Value error, risk_level must be one of ['Low', 'Moderate', 'High']", 'input': 'HIGH', 'ctx': {'error': ValueError("risk_level must be one of ['Low', 'Moderate', 'High']")}}
  {'type': 'get_attribute_error', 'loc': ('response', 193, 'herb'), 'msg': "Error extracting attribute: MissingGreenlet: greenlet_spawn has not been called; can't call await_only() here. Was IO attempted in an unexpected place? (Background on this error at: https://sqlalche.me/e/20/xd2s)", 'input': <app.db.models.interaction.Interaction object at 0x6fff990ae2d0>, 'ctx': {'error': "MissingGreenlet: greenlet_spawn has not been called; can't call await_only() here. Was IO attempted in an unexpected place? (Background on this error at: https://sqlalche.me/e/20/xd2s)"}}
  {'type': 'get_attribute_error', 'loc': ('response', 193, 'drug'), 'msg': "Error extracting attribute: MissingGreenlet: greenlet_spawn has not been called; can't call await_only() here. Was IO attempted in an unexpected place? (Background on this error at: https://sqlalche.me/e/20/xd2s)", 'input': <app.db.models.interaction.Interaction object at 0x6fff990ae2d0>, 'ctx': {'error': "MissingGreenlet: greenlet_spawn has not been called; can't call await_only() here. Was IO attempted in an unexpected place? (Background on this error at: https://sqlalche.me/e/20/xd2s)"}}
  {'type': 'value_error', 'loc': ('response', 194, 'risk_level'), 'msg': "Value error, risk_level must be one of ['Low', 'Moderate', 'High']", 'input': 'MODERATE', 'ctx': {'error': ValueError("risk_level must be one of ['Low', 'Moderate', 'High']")}}
  {'type': 'get_attribute_error', 'loc': ('response', 194, 'herb'), 'msg': "Error extracting attribute: MissingGreenlet: greenlet_spawn has not been called; can't call await_only() here. Was IO attempted in an unexpected place? (Background on this error at: https://sqlalche.me/e/20/xd2s)", 'input': <app.db.models.interaction.Interaction object at 0x6fff990ae330>, 'ctx': {'error': "MissingGreenlet: greenlet_spawn has not been called; can't call await_only() here. Was IO attempted in an unexpected place? (Background on this error at: https://sqlalche.me/e/20/xd2s)"}}
  {'type': 'get_attribute_error', 'loc': ('response', 194, 'drug'), 'msg': "Error extracting attribute: MissingGreenlet: greenlet_spawn has not been called; can't call await_only() here. Was IO attempted in an unexpected place? (Background on this error at: https://sqlalche.me/e/20/xd2s)", 'input': <app.db.models.interaction.Interaction object at 0x6fff990ae330>, 'ctx': {'error': "MissingGreenlet: greenlet_spawn has not been called; can't call await_only() here. Was IO attempted in an unexpected place? (Background on this error at: https://sqlalche.me/e/20/xd2s)"}}
  {'type': 'value_error', 'loc': ('response', 195, 'risk_level'), 'msg': "Value error, risk_level must be one of ['Low', 'Moderate', 'High']", 'input': 'MODERATE', 'ctx': {'error': ValueError("risk_level must be one of ['Low', 'Moderate', 'High']")}}
  {'type': 'get_attribute_error', 'loc': ('response', 195, 'herb'), 'msg': "Error extracting attribute: MissingGreenlet: greenlet_spawn has not been called; can't call await_only() here. Was IO attempted in an unexpected place? (Background on this error at: https://sqlalche.me/e/20/xd2s)", 'input': <app.db.models.interaction.Interaction object at 0x6fff990ae390>, 'ctx': {'error': "MissingGreenlet: greenlet_spawn has not been called; can't call await_only() here. Was IO attempted in an unexpected place? (Background on this error at: https://sqlalche.me/e/20/xd2s)"}}
  {'type': 'get_attribute_error', 'loc': ('response', 195, 'drug'), 'msg': "Error extracting attribute: MissingGreenlet: greenlet_spawn has not been called; can't call await_only() here. Was IO attempted in an unexpected place? (Background on this error at: https://sqlalche.me/e/20/xd2s)", 'input': <app.db.models.interaction.Interaction object at 0x6fff990ae390>, 'ctx': {'error': "MissingGreenlet: greenlet_spawn has not been called; can't call await_only() here. Was IO attempted in an unexpected place? (Background on this error at: https://sqlalche.me/e/20/xd2s)"}}
  {'type': 'value_error', 'loc': ('response', 196, 'risk_level'), 'msg': "Value error, risk_level must be one of ['Low', 'Moderate', 'High']", 'input': 'LOW', 'ctx': {'error': ValueError("risk_level must be one of ['Low', 'Moderate', 'High']")}}
  {'type': 'get_attribute_error', 'loc': ('response', 196, 'herb'), 'msg': "Error extracting attribute: MissingGreenlet: greenlet_spawn has not been called; can't call await_only() here. Was IO attempted in an unexpected place? (Background on this error at: https://sqlalche.me/e/20/xd2s)", 'input': <app.db.models.interaction.Interaction object at 0x6fff990ae3f0>, 'ctx': {'error': "MissingGreenlet: greenlet_spawn has not been called; can't call await_only() here. Was IO attempted in an unexpected place? (Background on this error at: https://sqlalche.me/e/20/xd2s)"}}
  {'type': 'get_attribute_error', 'loc': ('response', 196, 'drug'), 'msg': "Error extracting attribute: MissingGreenlet: greenlet_spawn has not been called; can't call await_only() here. Was IO attempted in an unexpected place? (Background on this error at: https://sqlalche.me/e/20/xd2s)", 'input': <app.db.models.interaction.Interaction object at 0x6fff990ae3f0>, 'ctx': {'error': "MissingGreenlet: greenlet_spawn has not been called; can't call await_only() here. Was IO attempted in an unexpected place? (Background on this error at: https://sqlalche.me/e/20/xd2s)"}}
  {'type': 'value_error', 'loc': ('response', 197, 'risk_level'), 'msg': "Value error, risk_level must be one of ['Low', 'Moderate', 'High']", 'input': 'MODERATE', 'ctx': {'error': ValueError("risk_level must be one of ['Low', 'Moderate', 'High']")}}
  {'type': 'get_attribute_error', 'loc': ('response', 197, 'herb'), 'msg': "Error extracting attribute: MissingGreenlet: greenlet_spawn has not been called; can't call await_only() here. Was IO attempted in an unexpected place? (Background on this error at: https://sqlalche.me/e/20/xd2s)", 'input': <app.db.models.interaction.Interaction object at 0x6fff990ae450>, 'ctx': {'error': "MissingGreenlet: greenlet_spawn has not been called; can't call await_only() here. Was IO attempted in an unexpected place? (Background on this error at: https://sqlalche.me/e/20/xd2s)"}}
  {'type': 'get_attribute_error', 'loc': ('response', 197, 'drug'), 'msg': "Error extracting attribute: MissingGreenlet: greenlet_spawn has not been called; can't call await_only() here. Was IO attempted in an unexpected place? (Background on this error at: https://sqlalche.me/e/20/xd2s)", 'input': <app.db.models.interaction.Interaction object at 0x6fff990ae450>, 'ctx': {'error': "MissingGreenlet: greenlet_spawn has not been called; can't call await_only() here. Was IO attempted in an unexpected place? (Background on this error at: https://sqlalche.me/e/20/xd2s)"}}
  {'type': 'value_error', 'loc': ('response', 198, 'risk_level'), 'msg': "Value error, risk_level must be one of ['Low', 'Moderate', 'High']", 'input': 'MODERATE', 'ctx': {'error': ValueError("risk_level must be one of ['Low', 'Moderate', 'High']")}}
  {'type': 'get_attribute_error', 'loc': ('response', 198, 'herb'), 'msg': "Error extracting attribute: MissingGreenlet: greenlet_spawn has not been called; can't call await_only() here. Was IO attempted in an unexpected place? (Background on this error at: https://sqlalche.me/e/20/xd2s)", 'input': <app.db.models.interaction.Interaction object at 0x6fff990ae4b0>, 'ctx': {'error': "MissingGreenlet: greenlet_spawn has not been called; can't call await_only() here. Was IO attempted in an unexpected place? (Background on this error at: https://sqlalche.me/e/20/xd2s)"}}
  {'type': 'get_attribute_error', 'loc': ('response', 198, 'drug'), 'msg': "Error extracting attribute: MissingGreenlet: greenlet_spawn has not been called; can't call await_only() here. Was IO attempted in an unexpected place? (Background on this error at: https://sqlalche.me/e/20/xd2s)", 'input': <app.db.models.interaction.Interaction object at 0x6fff990ae4b0>, 'ctx': {'error': "MissingGreenlet: greenlet_spawn has not been called; can't call await_only() here. Was IO attempted in an unexpected place? (Background on this error at: https://sqlalche.me/e/20/xd2s)"}}
  {'type': 'value_error', 'loc': ('response', 199, 'risk_level'), 'msg': "Value error, risk_level must be one of ['Low', 'Moderate', 'High']", 'input': 'MODERATE', 'ctx': {'error': ValueError("risk_level must be one of ['Low', 'Moderate', 'High']")}}
  {'type': 'get_attribute_error', 'loc': ('response', 199, 'herb'), 'msg': "Error extracting attribute: MissingGreenlet: greenlet_spawn has not been called; can't call await_only() here. Was IO attempted in an unexpected place? (Background on this error at: https://sqlalche.me/e/20/xd2s)", 'input': <app.db.models.interaction.Interaction object at 0x6fff990ae510>, 'ctx': {'error': "MissingGreenlet: greenlet_spawn has not been called; can't call await_only() here. Was IO attempted in an unexpected place? (Background on this error at: https://sqlalche.me/e/20/xd2s)"}}
  {'type': 'get_attribute_error', 'loc': ('response', 199, 'drug'), 'msg': "Error extracting attribute: MissingGreenlet: greenlet_spawn has not been called; can't call await_only() here. Was IO attempted in an unexpected place? (Background on this error at: https://sqlalche.me/e/20/xd2s)", 'input': <app.db.models.interaction.Interaction object at 0x6fff990ae510>, 'ctx': {'error': "MissingGreenlet: greenlet_spawn has not been called; can't call await_only() here. Was IO attempted in an unexpected place? (Background on this error at: https://sqlalche.me/e/20/xd2s)"}}
  {'type': 'value_error', 'loc': ('response', 200, 'risk_level'), 'msg': "Value error, risk_level must be one of ['Low', 'Moderate', 'High']", 'input': 'MODERATE', 'ctx': {'error': ValueError("risk_level must be one of ['Low', 'Moderate', 'High']")}}
  {'type': 'get_attribute_error', 'loc': ('response', 200, 'herb'), 'msg': "Error extracting attribute: MissingGreenlet: greenlet_spawn has not been called; can't call await_only() here. Was IO attempted in an unexpected place? (Background on this error at: https://sqlalche.me/e/20/xd2s)", 'input': <app.db.models.interaction.Interaction object at 0x6fff990ae570>, 'ctx': {'error': "MissingGreenlet: greenlet_spawn has not been called; can't call await_only() here. Was IO attempted in an unexpected place? (Background on this error at: https://sqlalche.me/e/20/xd2s)"}}
  {'type': 'get_attribute_error', 'loc': ('response', 200, 'drug'), 'msg': "Error extracting attribute: MissingGreenlet: greenlet_spawn has not been called; can't call await_only() here. Was IO attempted in an unexpected place? (Background on this error at: https://sqlalche.me/e/20/xd2s)", 'input': <app.db.models.interaction.Interaction object at 0x6fff990ae570>, 'ctx': {'error': "MissingGreenlet: greenlet_spawn has not been called; can't call await_only() here. Was IO attempted in an unexpected place? (Background on this error at: https://sqlalche.me/e/20/xd2s)"}}
  {'type': 'value_error', 'loc': ('response', 201, 'risk_level'), 'msg': "Value error, risk_level must be one of ['Low', 'Moderate', 'High']", 'input': 'MODERATE', 'ctx': {'error': ValueError("risk_level must be one of ['Low', 'Moderate', 'High']")}}
  {'type': 'get_attribute_error', 'loc': ('response', 201, 'herb'), 'msg': "Error extracting attribute: MissingGreenlet: greenlet_spawn has not been called; can't call await_only() here. Was IO attempted in an unexpected place? (Background on this error at: https://sqlalche.me/e/20/xd2s)", 'input': <app.db.models.interaction.Interaction object at 0x6fff990ae5d0>, 'ctx': {'error': "MissingGreenlet: greenlet_spawn has not been called; can't call await_only() here. Was IO attempted in an unexpected place? (Background on this error at: https://sqlalche.me/e/20/xd2s)"}}
  {'type': 'get_attribute_error', 'loc': ('response', 201, 'drug'), 'msg': "Error extracting attribute: MissingGreenlet: greenlet_spawn has not been called; can't call await_only() here. Was IO attempted in an unexpected place? (Background on this error at: https://sqlalche.me/e/20/xd2s)", 'input': <app.db.models.interaction.Interaction object at 0x6fff990ae5d0>, 'ctx': {'error': "MissingGreenlet: greenlet_spawn has not been called; can't call await_only() here. Was IO attempted in an unexpected place? (Background on this error at: https://sqlalche.me/e/20/xd2s)"}}
  {'type': 'value_error', 'loc': ('response', 202, 'risk_level'), 'msg': "Value error, risk_level must be one of ['Low', 'Moderate', 'High']", 'input': 'MODERATE', 'ctx': {'error': ValueError("risk_level must be one of ['Low', 'Moderate', 'High']")}}
  {'type': 'get_attribute_error', 'loc': ('response', 202, 'herb'), 'msg': "Error extracting attribute: MissingGreenlet: greenlet_spawn has not been called; can't call await_only() here. Was IO attempted in an unexpected place? (Background on this error at: https://sqlalche.me/e/20/xd2s)", 'input': <app.db.models.interaction.Interaction object at 0x6fff990ae630>, 'ctx': {'error': "MissingGreenlet: greenlet_spawn has not been called; can't call await_only() here. Was IO attempted in an unexpected place? (Background on this error at: https://sqlalche.me/e/20/xd2s)"}}
  {'type': 'get_attribute_error', 'loc': ('response', 202, 'drug'), 'msg': "Error extracting attribute: MissingGreenlet: greenlet_spawn has not been called; can't call await_only() here. Was IO attempted in an unexpected place? (Background on this error at: https://sqlalche.me/e/20/xd2s)", 'input': <app.db.models.interaction.Interaction object at 0x6fff990ae630>, 'ctx': {'error': "MissingGreenlet: greenlet_spawn has not been called; can't call await_only() here. Was IO attempted in an unexpected place? (Background on this error at: https://sqlalche.me/e/20/xd2s)"}}
  {'type': 'value_error', 'loc': ('response', 203, 'risk_level'), 'msg': "Value error, risk_level must be one of ['Low', 'Moderate', 'High']", 'input': 'LOW', 'ctx': {'error': ValueError("risk_level must be one of ['Low', 'Moderate', 'High']")}}
  {'type': 'get_attribute_error', 'loc': ('response', 203, 'herb'), 'msg': "Error extracting attribute: MissingGreenlet: greenlet_spawn has not been called; can't call await_only() here. Was IO attempted in an unexpected place? (Background on this error at: https://sqlalche.me/e/20/xd2s)", 'input': <app.db.models.interaction.Interaction object at 0x6fff990ae690>, 'ctx': {'error': "MissingGreenlet: greenlet_spawn has not been called; can't call await_only() here. Was IO attempted in an unexpected place? (Background on this error at: https://sqlalche.me/e/20/xd2s)"}}
  {'type': 'get_attribute_error', 'loc': ('response', 203, 'drug'), 'msg': "Error extracting attribute: MissingGreenlet: greenlet_spawn has not been called; can't call await_only() here. Was IO attempted in an unexpected place? (Background on this error at: https://sqlalche.me/e/20/xd2s)", 'input': <app.db.models.interaction.Interaction object at 0x6fff990ae690>, 'ctx': {'error': "MissingGreenlet: greenlet_spawn has not been called; can't call await_only() here. Was IO attempted in an unexpected place? (Background on this error at: https://sqlalche.me/e/20/xd2s)"}}
  {'type': 'value_error', 'loc': ('response', 204, 'risk_level'), 'msg': "Value error, risk_level must be one of ['Low', 'Moderate', 'High']", 'input': 'HIGH', 'ctx': {'error': ValueError("risk_level must be one of ['Low', 'Moderate', 'High']")}}
  {'type': 'get_attribute_error', 'loc': ('response', 204, 'herb'), 'msg': "Error extracting attribute: MissingGreenlet: greenlet_spawn has not been called; can't call await_only() here. Was IO attempted in an unexpected place? (Background on this error at: https://sqlalche.me/e/20/xd2s)", 'input': <app.db.models.interaction.Interaction object at 0x6fff990ae6f0>, 'ctx': {'error': "MissingGreenlet: greenlet_spawn has not been called; can't call await_only() here. Was IO attempted in an unexpected place? (Background on this error at: https://sqlalche.me/e/20/xd2s)"}}
  {'type': 'get_attribute_error', 'loc': ('response', 204, 'drug'), 'msg': "Error extracting attribute: MissingGreenlet: greenlet_spawn has not been called; can't call await_only() here. Was IO attempted in an unexpected place? (Background on this error at: https://sqlalche.me/e/20/xd2s)", 'input': <app.db.models.interaction.Interaction object at 0x6fff990ae6f0>, 'ctx': {'error': "MissingGreenlet: greenlet_spawn has not been called; can't call await_only() here. Was IO attempted in an unexpected place? (Background on this error at: https://sqlalche.me/e/20/xd2s)"}}
  {'type': 'value_error', 'loc': ('response', 205, 'risk_level'), 'msg': "Value error, risk_level must be one of ['Low', 'Moderate', 'High']", 'input': 'MODERATE', 'ctx': {'error': ValueError("risk_level must be one of ['Low', 'Moderate', 'High']")}}
  {'type': 'get_attribute_error', 'loc': ('response', 205, 'herb'), 'msg': "Error extracting attribute: MissingGreenlet: greenlet_spawn has not been called; can't call await_only() here. Was IO attempted in an unexpected place? (Background on this error at: https://sqlalche.me/e/20/xd2s)", 'input': <app.db.models.interaction.Interaction object at 0x6fff990ae750>, 'ctx': {'error': "MissingGreenlet: greenlet_spawn has not been called; can't call await_only() here. Was IO attempted in an unexpected place? (Background on this error at: https://sqlalche.me/e/20/xd2s)"}}
  {'type': 'get_attribute_error', 'loc': ('response', 205, 'drug'), 'msg': "Error extracting attribute: MissingGreenlet: greenlet_spawn has not been called; can't call await_only() here. Was IO attempted in an unexpected place? (Background on this error at: https://sqlalche.me/e/20/xd2s)", 'input': <app.db.models.interaction.Interaction object at 0x6fff990ae750>, 'ctx': {'error': "MissingGreenlet: greenlet_spawn has not been called; can't call await_only() here. Was IO attempted in an unexpected place? (Background on this error at: https://sqlalche.me/e/20/xd2s)"}}
  {'type': 'value_error', 'loc': ('response', 206, 'risk_level'), 'msg': "Value error, risk_level must be one of ['Low', 'Moderate', 'High']", 'input': 'LOW', 'ctx': {'error': ValueError("risk_level must be one of ['Low', 'Moderate', 'High']")}}
  {'type': 'get_attribute_error', 'loc': ('response', 206, 'herb'), 'msg': "Error extracting attribute: MissingGreenlet: greenlet_spawn has not been called; can't call await_only() here. Was IO attempted in an unexpected place? (Background on this error at: https://sqlalche.me/e/20/xd2s)", 'input': <app.db.models.interaction.Interaction object at 0x6fff990ae7b0>, 'ctx': {'error': "MissingGreenlet: greenlet_spawn has not been called; can't call await_only() here. Was IO attempted in an unexpected place? (Background on this error at: https://sqlalche.me/e/20/xd2s)"}}
  {'type': 'get_attribute_error', 'loc': ('response', 206, 'drug'), 'msg': "Error extracting attribute: MissingGreenlet: greenlet_spawn has not been called; can't call await_only() here. Was IO attempted in an unexpected place? (Background on this error at: https://sqlalche.me/e/20/xd2s)", 'input': <app.db.models.interaction.Interaction object at 0x6fff990ae7b0>, 'ctx': {'error': "MissingGreenlet: greenlet_spawn has not been called; can't call await_only() here. Was IO attempted in an unexpected place? (Background on this error at: https://sqlalche.me/e/20/xd2s)"}}
  {'type': 'value_error', 'loc': ('response', 207, 'risk_level'), 'msg': "Value error, risk_level must be one of ['Low', 'Moderate', 'High']", 'input': 'LOW', 'ctx': {'error': ValueError("risk_level must be one of ['Low', 'Moderate', 'High']")}}
  {'type': 'get_attribute_error', 'loc': ('response', 207, 'herb'), 'msg': "Error extracting attribute: MissingGreenlet: greenlet_spawn has not been called; can't call await_only() here. Was IO attempted in an unexpected place? (Background on this error at: https://sqlalche.me/e/20/xd2s)", 'input': <app.db.models.interaction.Interaction object at 0x6fff990ae810>, 'ctx': {'error': "MissingGreenlet: greenlet_spawn has not been called; can't call await_only() here. Was IO attempted in an unexpected place? (Background on this error at: https://sqlalche.me/e/20/xd2s)"}}
  {'type': 'get_attribute_error', 'loc': ('response', 207, 'drug'), 'msg': "Error extracting attribute: MissingGreenlet: greenlet_spawn has not been called; can't call await_only() here. Was IO attempted in an unexpected place? (Background on this error at: https://sqlalche.me/e/20/xd2s)", 'input': <app.db.models.interaction.Interaction object at 0x6fff990ae810>, 'ctx': {'error': "MissingGreenlet: greenlet_spawn has not been called; can't call await_only() here. Was IO attempted in an unexpected place? (Background on this error at: https://sqlalche.me/e/20/xd2s)"}}
  {'type': 'value_error', 'loc': ('response', 208, 'risk_level'), 'msg': "Value error, risk_level must be one of ['Low', 'Moderate', 'High']", 'input': 'LOW', 'ctx': {'error': ValueError("risk_level must be one of ['Low', 'Moderate', 'High']")}}
  {'type': 'get_attribute_error', 'loc': ('response', 208, 'herb'), 'msg': "Error extracting attribute: MissingGreenlet: greenlet_spawn has not been called; can't call await_only() here. Was IO attempted in an unexpected place? (Background on this error at: https://sqlalche.me/e/20/xd2s)", 'input': <app.db.models.interaction.Interaction object at 0x6fff990ae870>, 'ctx': {'error': "MissingGreenlet: greenlet_spawn has not been called; can't call await_only() here. Was IO attempted in an unexpected place? (Background on this error at: https://sqlalche.me/e/20/xd2s)"}}
  {'type': 'get_attribute_error', 'loc': ('response', 208, 'drug'), 'msg': "Error extracting attribute: MissingGreenlet: greenlet_spawn has not been called; can't call await_only() here. Was IO attempted in an unexpected place? (Background on this error at: https://sqlalche.me/e/20/xd2s)", 'input': <app.db.models.interaction.Interaction object at 0x6fff990ae870>, 'ctx': {'error': "MissingGreenlet: greenlet_spawn has not been called; can't call await_only() here. Was IO attempted in an unexpected place? (Background on this error at: https://sqlalche.me/e/20/xd2s)"}}
  {'type': 'value_error', 'loc': ('response', 209, 'risk_level'), 'msg': "Value error, risk_level must be one of ['Low', 'Moderate', 'High']", 'input': 'MODERATE', 'ctx': {'error': ValueError("risk_level must be one of ['Low', 'Moderate', 'High']")}}
  {'type': 'get_attribute_error', 'loc': ('response', 209, 'herb'), 'msg': "Error extracting attribute: MissingGreenlet: greenlet_spawn has not been called; can't call await_only() here. Was IO attempted in an unexpected place? (Background on this error at: https://sqlalche.me/e/20/xd2s)", 'input': <app.db.models.interaction.Interaction object at 0x6fff990ae8d0>, 'ctx': {'error': "MissingGreenlet: greenlet_spawn has not been called; can't call await_only() here. Was IO attempted in an unexpected place? (Background on this error at: https://sqlalche.me/e/20/xd2s)"}}
  {'type': 'get_attribute_error', 'loc': ('response', 209, 'drug'), 'msg': "Error extracting attribute: MissingGreenlet: greenlet_spawn has not been called; can't call await_only() here. Was IO attempted in an unexpected place? (Background on this error at: https://sqlalche.me/e/20/xd2s)", 'input': <app.db.models.interaction.Interaction object at 0x6fff990ae8d0>, 'ctx': {'error': "MissingGreenlet: greenlet_spawn has not been called; can't call await_only() here. Was IO attempted in an unexpected place? (Background on this error at: https://sqlalche.me/e/20/xd2s)"}}
  {'type': 'value_error', 'loc': ('response', 210, 'risk_level'), 'msg': "Value error, risk_level must be one of ['Low', 'Moderate', 'High']", 'input': 'MODERATE', 'ctx': {'error': ValueError("risk_level must be one of ['Low', 'Moderate', 'High']")}}
  {'type': 'get_attribute_error', 'loc': ('response', 210, 'herb'), 'msg': "Error extracting attribute: MissingGreenlet: greenlet_spawn has not been called; can't call await_only() here. Was IO attempted in an unexpected place? (Background on this error at: https://sqlalche.me/e/20/xd2s)", 'input': <app.db.models.interaction.Interaction object at 0x6fff990ae930>, 'ctx': {'error': "MissingGreenlet: greenlet_spawn has not been called; can't call await_only() here. Was IO attempted in an unexpected place? (Background on this error at: https://sqlalche.me/e/20/xd2s)"}}
  {'type': 'get_attribute_error', 'loc': ('response', 210, 'drug'), 'msg': "Error extracting attribute: MissingGreenlet: greenlet_spawn has not been called; can't call await_only() here. Was IO attempted in an unexpected place? (Background on this error at: https://sqlalche.me/e/20/xd2s)", 'input': <app.db.models.interaction.Interaction object at 0x6fff990ae930>, 'ctx': {'error': "MissingGreenlet: greenlet_spawn has not been called; can't call await_only() here. Was IO attempted in an unexpected place? (Background on this error at: https://sqlalche.me/e/20/xd2s)"}}
  {'type': 'value_error', 'loc': ('response', 211, 'risk_level'), 'msg': "Value error, risk_level must be one of ['Low', 'Moderate', 'High']", 'input': 'MODERATE', 'ctx': {'error': ValueError("risk_level must be one of ['Low', 'Moderate', 'High']")}}
  {'type': 'get_attribute_error', 'loc': ('response', 211, 'herb'), 'msg': "Error extracting attribute: MissingGreenlet: greenlet_spawn has not been called; can't call await_only() here. Was IO attempted in an unexpected place? (Background on this error at: https://sqlalche.me/e/20/xd2s)", 'input': <app.db.models.interaction.Interaction object at 0x6fff990ae990>, 'ctx': {'error': "MissingGreenlet: greenlet_spawn has not been called; can't call await_only() here. Was IO attempted in an unexpected place? (Background on this error at: https://sqlalche.me/e/20/xd2s)"}}
  {'type': 'get_attribute_error', 'loc': ('response', 211, 'drug'), 'msg': "Error extracting attribute: MissingGreenlet: greenlet_spawn has not been called; can't call await_only() here. Was IO attempted in an unexpected place? (Background on this error at: https://sqlalche.me/e/20/xd2s)", 'input': <app.db.models.interaction.Interaction object at 0x6fff990ae990>, 'ctx': {'error': "MissingGreenlet: greenlet_spawn has not been called; can't call await_only() here. Was IO attempted in an unexpected place? (Background on this error at: https://sqlalche.me/e/20/xd2s)"}}
  {'type': 'value_error', 'loc': ('response', 212, 'risk_level'), 'msg': "Value error, risk_level must be one of ['Low', 'Moderate', 'High']", 'input': 'MODERATE', 'ctx': {'error': ValueError("risk_level must be one of ['Low', 'Moderate', 'High']")}}
  {'type': 'get_attribute_error', 'loc': ('response', 212, 'herb'), 'msg': "Error extracting attribute: MissingGreenlet: greenlet_spawn has not been called; can't call await_only() here. Was IO attempted in an unexpected place? (Background on this error at: https://sqlalche.me/e/20/xd2s)", 'input': <app.db.models.interaction.Interaction object at 0x6fff990ae9f0>, 'ctx': {'error': "MissingGreenlet: greenlet_spawn has not been called; can't call await_only() here. Was IO attempted in an unexpected place? (Background on this error at: https://sqlalche.me/e/20/xd2s)"}}
  {'type': 'get_attribute_error', 'loc': ('response', 212, 'drug'), 'msg': "Error extracting attribute: MissingGreenlet: greenlet_spawn has not been called; can't call await_only() here. Was IO attempted in an unexpected place? (Background on this error at: https://sqlalche.me/e/20/xd2s)", 'input': <app.db.models.interaction.Interaction object at 0x6fff990ae9f0>, 'ctx': {'error': "MissingGreenlet: greenlet_spawn has not been called; can't call await_only() here. Was IO attempted in an unexpected place? (Background on this error at: https://sqlalche.me/e/20/xd2s)"}}
  {'type': 'value_error', 'loc': ('response', 213, 'risk_level'), 'msg': "Value error, risk_level must be one of ['Low', 'Moderate', 'High']", 'input': 'MODERATE', 'ctx': {'error': ValueError("risk_level must be one of ['Low', 'Moderate', 'High']")}}
  {'type': 'get_attribute_error', 'loc': ('response', 213, 'herb'), 'msg': "Error extracting attribute: MissingGreenlet: greenlet_spawn has not been called; can't call await_only() here. Was IO attempted in an unexpected place? (Background on this error at: https://sqlalche.me/e/20/xd2s)", 'input': <app.db.models.interaction.Interaction object at 0x6fff990aea50>, 'ctx': {'error': "MissingGreenlet: greenlet_spawn has not been called; can't call await_only() here. Was IO attempted in an unexpected place? (Background on this error at: https://sqlalche.me/e/20/xd2s)"}}
  {'type': 'get_attribute_error', 'loc': ('response', 213, 'drug'), 'msg': "Error extracting attribute: MissingGreenlet: greenlet_spawn has not been called; can't call await_only() here. Was IO attempted in an unexpected place? (Background on this error at: https://sqlalche.me/e/20/xd2s)", 'input': <app.db.models.interaction.Interaction object at 0x6fff990aea50>, 'ctx': {'error': "MissingGreenlet: greenlet_spawn has not been called; can't call await_only() here. Was IO attempted in an unexpected place? (Background on this error at: https://sqlalche.me/e/20/xd2s)"}}
  {'type': 'value_error', 'loc': ('response', 214, 'risk_level'), 'msg': "Value error, risk_level must be one of ['Low', 'Moderate', 'High']", 'input': 'MODERATE', 'ctx': {'error': ValueError("risk_level must be one of ['Low', 'Moderate', 'High']")}}
  {'type': 'get_attribute_error', 'loc': ('response', 214, 'herb'), 'msg': "Error extracting attribute: MissingGreenlet: greenlet_spawn has not been called; can't call await_only() here. Was IO attempted in an unexpected place? (Background on this error at: https://sqlalche.me/e/20/xd2s)", 'input': <app.db.models.interaction.Interaction object at 0x6fff990aeab0>, 'ctx': {'error': "MissingGreenlet: greenlet_spawn has not been called; can't call await_only() here. Was IO attempted in an unexpected place? (Background on this error at: https://sqlalche.me/e/20/xd2s)"}}
  {'type': 'get_attribute_error', 'loc': ('response', 214, 'drug'), 'msg': "Error extracting attribute: MissingGreenlet: greenlet_spawn has not been called; can't call await_only() here. Was IO attempted in an unexpected place? (Background on this error at: https://sqlalche.me/e/20/xd2s)", 'input': <app.db.models.interaction.Interaction object at 0x6fff990aeab0>, 'ctx': {'error': "MissingGreenlet: greenlet_spawn has not been called; can't call await_only() here. Was IO attempted in an unexpected place? (Background on this error at: https://sqlalche.me/e/20/xd2s)"}}
  {'type': 'value_error', 'loc': ('response', 215, 'risk_level'), 'msg': "Value error, risk_level must be one of ['Low', 'Moderate', 'High']", 'input': 'MODERATE', 'ctx': {'error': ValueError("risk_level must be one of ['Low', 'Moderate', 'High']")}}
  {'type': 'get_attribute_error', 'loc': ('response', 215, 'herb'), 'msg': "Error extracting attribute: MissingGreenlet: greenlet_spawn has not been called; can't call await_only() here. Was IO attempted in an unexpected place? (Background on this error at: https://sqlalche.me/e/20/xd2s)", 'input': <app.db.models.interaction.Interaction object at 0x6fff990aeb10>, 'ctx': {'error': "MissingGreenlet: greenlet_spawn has not been called; can't call await_only() here. Was IO attempted in an unexpected place? (Background on this error at: https://sqlalche.me/e/20/xd2s)"}}
  {'type': 'get_attribute_error', 'loc': ('response', 215, 'drug'), 'msg': "Error extracting attribute: MissingGreenlet: greenlet_spawn has not been called; can't call await_only() here. Was IO attempted in an unexpected place? (Background on this error at: https://sqlalche.me/e/20/xd2s)", 'input': <app.db.models.interaction.Interaction object at 0x6fff990aeb10>, 'ctx': {'error': "MissingGreenlet: greenlet_spawn has not been called; can't call await_only() here. Was IO attempted in an unexpected place? (Background on this error at: https://sqlalche.me/e/20/xd2s)"}}
  {'type': 'value_error', 'loc': ('response', 216, 'risk_level'), 'msg': "Value error, risk_level must be one of ['Low', 'Moderate', 'High']", 'input': 'MODERATE', 'ctx': {'error': ValueError("risk_level must be one of ['Low', 'Moderate', 'High']")}}
  {'type': 'get_attribute_error', 'loc': ('response', 216, 'herb'), 'msg': "Error extracting attribute: MissingGreenlet: greenlet_spawn has not been called; can't call await_only() here. Was IO attempted in an unexpected place? (Background on this error at: https://sqlalche.me/e/20/xd2s)", 'input': <app.db.models.interaction.Interaction object at 0x6fff990aeb70>, 'ctx': {'error': "MissingGreenlet: greenlet_spawn has not been called; can't call await_only() here. Was IO attempted in an unexpected place? (Background on this error at: https://sqlalche.me/e/20/xd2s)"}}
  {'type': 'get_attribute_error', 'loc': ('response', 216, 'drug'), 'msg': "Error extracting attribute: MissingGreenlet: greenlet_spawn has not been called; can't call await_only() here. Was IO attempted in an unexpected place? (Background on this error at: https://sqlalche.me/e/20/xd2s)", 'input': <app.db.models.interaction.Interaction object at 0x6fff990aeb70>, 'ctx': {'error': "MissingGreenlet: greenlet_spawn has not been called; can't call await_only() here. Was IO attempted in an unexpected place? (Background on this error at: https://sqlalche.me/e/20/xd2s)"}}
  {'type': 'value_error', 'loc': ('response', 217, 'risk_level'), 'msg': "Value error, risk_level must be one of ['Low', 'Moderate', 'High']", 'input': 'LOW', 'ctx': {'error': ValueError("risk_level must be one of ['Low', 'Moderate', 'High']")}}
  {'type': 'get_attribute_error', 'loc': ('response', 217, 'herb'), 'msg': "Error extracting attribute: MissingGreenlet: greenlet_spawn has not been called; can't call await_only() here. Was IO attempted in an unexpected place? (Background on this error at: https://sqlalche.me/e/20/xd2s)", 'input': <app.db.models.interaction.Interaction object at 0x6fff990aebd0>, 'ctx': {'error': "MissingGreenlet: greenlet_spawn has not been called; can't call await_only() here. Was IO attempted in an unexpected place? (Background on this error at: https://sqlalche.me/e/20/xd2s)"}}
  {'type': 'get_attribute_error', 'loc': ('response', 217, 'drug'), 'msg': "Error extracting attribute: MissingGreenlet: greenlet_spawn has not been called; can't call await_only() here. Was IO attempted in an unexpected place? (Background on this error at: https://sqlalche.me/e/20/xd2s)", 'input': <app.db.models.interaction.Interaction object at 0x6fff990aebd0>, 'ctx': {'error': "MissingGreenlet: greenlet_spawn has not been called; can't call await_only() here. Was IO attempted in an unexpected place? (Background on this error at: https://sqlalche.me/e/20/xd2s)"}}
  {'type': 'value_error', 'loc': ('response', 218, 'risk_level'), 'msg': "Value error, risk_level must be one of ['Low', 'Moderate', 'High']", 'input': 'MODERATE', 'ctx': {'error': ValueError("risk_level must be one of ['Low', 'Moderate', 'High']")}}
  {'type': 'get_attribute_error', 'loc': ('response', 218, 'herb'), 'msg': "Error extracting attribute: MissingGreenlet: greenlet_spawn has not been called; can't call await_only() here. Was IO attempted in an unexpected place? (Background on this error at: https://sqlalche.me/e/20/xd2s)", 'input': <app.db.models.interaction.Interaction object at 0x6fff990aec30>, 'ctx': {'error': "MissingGreenlet: greenlet_spawn has not been called; can't call await_only() here. Was IO attempted in an unexpected place? (Background on this error at: https://sqlalche.me/e/20/xd2s)"}}
  {'type': 'get_attribute_error', 'loc': ('response', 218, 'drug'), 'msg': "Error extracting attribute: MissingGreenlet: greenlet_spawn has not been called; can't call await_only() here. Was IO attempted in an unexpected place? (Background on this error at: https://sqlalche.me/e/20/xd2s)", 'input': <app.db.models.interaction.Interaction object at 0x6fff990aec30>, 'ctx': {'error': "MissingGreenlet: greenlet_spawn has not been called; can't call await_only() here. Was IO attempted in an unexpected place? (Background on this error at: https://sqlalche.me/e/20/xd2s)"}}
  {'type': 'value_error', 'loc': ('response', 219, 'risk_level'), 'msg': "Value error, risk_level must be one of ['Low', 'Moderate', 'High']", 'input': 'MODERATE', 'ctx': {'error': ValueError("risk_level must be one of ['Low', 'Moderate', 'High']")}}
  {'type': 'get_attribute_error', 'loc': ('response', 219, 'herb'), 'msg': "Error extracting attribute: MissingGreenlet: greenlet_spawn has not been called; can't call await_only() here. Was IO attempted in an unexpected place? (Background on this error at: https://sqlalche.me/e/20/xd2s)", 'input': <app.db.models.interaction.Interaction object at 0x6fff990aec90>, 'ctx': {'error': "MissingGreenlet: greenlet_spawn has not been called; can't call await_only() here. Was IO attempted in an unexpected place? (Background on this error at: https://sqlalche.me/e/20/xd2s)"}}
  {'type': 'get_attribute_error', 'loc': ('response', 219, 'drug'), 'msg': "Error extracting attribute: MissingGreenlet: greenlet_spawn has not been called; can't call await_only() here. Was IO attempted in an unexpected place? (Background on this error at: https://sqlalche.me/e/20/xd2s)", 'input': <app.db.models.interaction.Interaction object at 0x6fff990aec90>, 'ctx': {'error': "MissingGreenlet: greenlet_spawn has not been called; can't call await_only() here. Was IO attempted in an unexpected place? (Background on this error at: https://sqlalche.me/e/20/xd2s)"}}
  {'type': 'value_error', 'loc': ('response', 220, 'risk_level'), 'msg': "Value error, risk_level must be one of ['Low', 'Moderate', 'High']", 'input': 'MODERATE', 'ctx': {'error': ValueError("risk_level must be one of ['Low', 'Moderate', 'High']")}}
  {'type': 'get_attribute_error', 'loc': ('response', 220, 'herb'), 'msg': "Error extracting attribute: MissingGreenlet: greenlet_spawn has not been called; can't call await_only() here. Was IO attempted in an unexpected place? (Background on this error at: https://sqlalche.me/e/20/xd2s)", 'input': <app.db.models.interaction.Interaction object at 0x6fff990aecf0>, 'ctx': {'error': "MissingGreenlet: greenlet_spawn has not been called; can't call await_only() here. Was IO attempted in an unexpected place? (Background on this error at: https://sqlalche.me/e/20/xd2s)"}}
  {'type': 'get_attribute_error', 'loc': ('response', 220, 'drug'), 'msg': "Error extracting attribute: MissingGreenlet: greenlet_spawn has not been called; can't call await_only() here. Was IO attempted in an unexpected place? (Background on this error at: https://sqlalche.me/e/20/xd2s)", 'input': <app.db.models.interaction.Interaction object at 0x6fff990aecf0>, 'ctx': {'error': "MissingGreenlet: greenlet_spawn has not been called; can't call await_only() here. Was IO attempted in an unexpected place? (Background on this error at: https://sqlalche.me/e/20/xd2s)"}}
  {'type': 'value_error', 'loc': ('response', 221, 'risk_level'), 'msg': "Value error, risk_level must be one of ['Low', 'Moderate', 'High']", 'input': 'MODERATE', 'ctx': {'error': ValueError("risk_level must be one of ['Low', 'Moderate', 'High']")}}
  {'type': 'get_attribute_error', 'loc': ('response', 221, 'herb'), 'msg': "Error extracting attribute: MissingGreenlet: greenlet_spawn has not been called; can't call await_only() here. Was IO attempted in an unexpected place? (Background on this error at: https://sqlalche.me/e/20/xd2s)", 'input': <app.db.models.interaction.Interaction object at 0x6fff990aed50>, 'ctx': {'error': "MissingGreenlet: greenlet_spawn has not been called; can't call await_only() here. Was IO attempted in an unexpected place? (Background on this error at: https://sqlalche.me/e/20/xd2s)"}}
  {'type': 'get_attribute_error', 'loc': ('response', 221, 'drug'), 'msg': "Error extracting attribute: MissingGreenlet: greenlet_spawn has not been called; can't call await_only() here. Was IO attempted in an unexpected place? (Background on this error at: https://sqlalche.me/e/20/xd2s)", 'input': <app.db.models.interaction.Interaction object at 0x6fff990aed50>, 'ctx': {'error': "MissingGreenlet: greenlet_spawn has not been called; can't call await_only() here. Was IO attempted in an unexpected place? (Background on this error at: https://sqlalche.me/e/20/xd2s)"}}
  {'type': 'value_error', 'loc': ('response', 222, 'risk_level'), 'msg': "Value error, risk_level must be one of ['Low', 'Moderate', 'High']", 'input': 'MODERATE', 'ctx': {'error': ValueError("risk_level must be one of ['Low', 'Moderate', 'High']")}}
  {'type': 'get_attribute_error', 'loc': ('response', 222, 'herb'), 'msg': "Error extracting attribute: MissingGreenlet: greenlet_spawn has not been called; can't call await_only() here. Was IO attempted in an unexpected place? (Background on this error at: https://sqlalche.me/e/20/xd2s)", 'input': <app.db.models.interaction.Interaction object at 0x6fff990aedb0>, 'ctx': {'error': "MissingGreenlet: greenlet_spawn has not been called; can't call await_only() here. Was IO attempted in an unexpected place? (Background on this error at: https://sqlalche.me/e/20/xd2s)"}}
  {'type': 'get_attribute_error', 'loc': ('response', 222, 'drug'), 'msg': "Error extracting attribute: MissingGreenlet: greenlet_spawn has not been called; can't call await_only() here. Was IO attempted in an unexpected place? (Background on this error at: https://sqlalche.me/e/20/xd2s)", 'input': <app.db.models.interaction.Interaction object at 0x6fff990aedb0>, 'ctx': {'error': "MissingGreenlet: greenlet_spawn has not been called; can't call await_only() here. Was IO attempted in an unexpected place? (Background on this error at: https://sqlalche.me/e/20/xd2s)"}}
  {'type': 'value_error', 'loc': ('response', 223, 'risk_level'), 'msg': "Value error, risk_level must be one of ['Low', 'Moderate', 'High']", 'input': 'LOW', 'ctx': {'error': ValueError("risk_level must be one of ['Low', 'Moderate', 'High']")}}
  {'type': 'get_attribute_error', 'loc': ('response', 223, 'herb'), 'msg': "Error extracting attribute: MissingGreenlet: greenlet_spawn has not been called; can't call await_only() here. Was IO attempted in an unexpected place? (Background on this error at: https://sqlalche.me/e/20/xd2s)", 'input': <app.db.models.interaction.Interaction object at 0x6fff990aee10>, 'ctx': {'error': "MissingGreenlet: greenlet_spawn has not been called; can't call await_only() here. Was IO attempted in an unexpected place? (Background on this error at: https://sqlalche.me/e/20/xd2s)"}}
  {'type': 'get_attribute_error', 'loc': ('response', 223, 'drug'), 'msg': "Error extracting attribute: MissingGreenlet: greenlet_spawn has not been called; can't call await_only() here. Was IO attempted in an unexpected place? (Background on this error at: https://sqlalche.me/e/20/xd2s)", 'input': <app.db.models.interaction.Interaction object at 0x6fff990aee10>, 'ctx': {'error': "MissingGreenlet: greenlet_spawn has not been called; can't call await_only() here. Was IO attempted in an unexpected place? (Background on this error at: https://sqlalche.me/e/20/xd2s)"}}
  {'type': 'value_error', 'loc': ('response', 224, 'risk_level'), 'msg': "Value error, risk_level must be one of ['Low', 'Moderate', 'High']", 'input': 'LOW', 'ctx': {'error': ValueError("risk_level must be one of ['Low', 'Moderate', 'High']")}}
  {'type': 'get_attribute_error', 'loc': ('response', 224, 'herb'), 'msg': "Error extracting attribute: MissingGreenlet: greenlet_spawn has not been called; can't call await_only() here. Was IO attempted in an unexpected place? (Background on this error at: https://sqlalche.me/e/20/xd2s)", 'input': <app.db.models.interaction.Interaction object at 0x6fff990aee70>, 'ctx': {'error': "MissingGreenlet: greenlet_spawn has not been called; can't call await_only() here. Was IO attempted in an unexpected place? (Background on this error at: https://sqlalche.me/e/20/xd2s)"}}
  {'type': 'get_attribute_error', 'loc': ('response', 224, 'drug'), 'msg': "Error extracting attribute: MissingGreenlet: greenlet_spawn has not been called; can't call await_only() here. Was IO attempted in an unexpected place? (Background on this error at: https://sqlalche.me/e/20/xd2s)", 'input': <app.db.models.interaction.Interaction object at 0x6fff990aee70>, 'ctx': {'error': "MissingGreenlet: greenlet_spawn has not been called; can't call await_only() here. Was IO attempted in an unexpected place? (Background on this error at: https://sqlalche.me/e/20/xd2s)"}}
  {'type': 'value_error', 'loc': ('response', 225, 'risk_level'), 'msg': "Value error, risk_level must be one of ['Low', 'Moderate', 'High']", 'input': 'HIGH', 'ctx': {'error': ValueError("risk_level must be one of ['Low', 'Moderate', 'High']")}}
  {'type': 'get_attribute_error', 'loc': ('response', 225, 'herb'), 'msg': "Error extracting attribute: MissingGreenlet: greenlet_spawn has not been called; can't call await_only() here. Was IO attempted in an unexpected place? (Background on this error at: https://sqlalche.me/e/20/xd2s)", 'input': <app.db.models.interaction.Interaction object at 0x6fff990aeed0>, 'ctx': {'error': "MissingGreenlet: greenlet_spawn has not been called; can't call await_only() here. Was IO attempted in an unexpected place? (Background on this error at: https://sqlalche.me/e/20/xd2s)"}}
  {'type': 'get_attribute_error', 'loc': ('response', 225, 'drug'), 'msg': "Error extracting attribute: MissingGreenlet: greenlet_spawn has not been called; can't call await_only() here. Was IO attempted in an unexpected place? (Background on this error at: https://sqlalche.me/e/20/xd2s)", 'input': <app.db.models.interaction.Interaction object at 0x6fff990aeed0>, 'ctx': {'error': "MissingGreenlet: greenlet_spawn has not been called; can't call await_only() here. Was IO attempted in an unexpected place? (Background on this error at: https://sqlalche.me/e/20/xd2s)"}}
  {'type': 'value_error', 'loc': ('response', 226, 'risk_level'), 'msg': "Value error, risk_level must be one of ['Low', 'Moderate', 'High']", 'input': 'MODERATE', 'ctx': {'error': ValueError("risk_level must be one of ['Low', 'Moderate', 'High']")}}
  {'type': 'get_attribute_error', 'loc': ('response', 226, 'herb'), 'msg': "Error extracting attribute: MissingGreenlet: greenlet_spawn has not been called; can't call await_only() here. Was IO attempted in an unexpected place? (Background on this error at: https://sqlalche.me/e/20/xd2s)", 'input': <app.db.models.interaction.Interaction object at 0x6fff990aef30>, 'ctx': {'error': "MissingGreenlet: greenlet_spawn has not been called; can't call await_only() here. Was IO attempted in an unexpected place? (Background on this error at: https://sqlalche.me/e/20/xd2s)"}}
  {'type': 'get_attribute_error', 'loc': ('response', 226, 'drug'), 'msg': "Error extracting attribute: MissingGreenlet: greenlet_spawn has not been called; can't call await_only() here. Was IO attempted in an unexpected place? (Background on this error at: https://sqlalche.me/e/20/xd2s)", 'input': <app.db.models.interaction.Interaction object at 0x6fff990aef30>, 'ctx': {'error': "MissingGreenlet: greenlet_spawn has not been called; can't call await_only() here. Was IO attempted in an unexpected place? (Background on this error at: https://sqlalche.me/e/20/xd2s)"}}
  {'type': 'value_error', 'loc': ('response', 227, 'risk_level'), 'msg': "Value error, risk_level must be one of ['Low', 'Moderate', 'High']", 'input': 'LOW', 'ctx': {'error': ValueError("risk_level must be one of ['Low', 'Moderate', 'High']")}}
  {'type': 'get_attribute_error', 'loc': ('response', 227, 'herb'), 'msg': "Error extracting attribute: MissingGreenlet: greenlet_spawn has not been called; can't call await_only() here. Was IO attempted in an unexpected place? (Background on this error at: https://sqlalche.me/e/20/xd2s)", 'input': <app.db.models.interaction.Interaction object at 0x6fff990aef90>, 'ctx': {'error': "MissingGreenlet: greenlet_spawn has not been called; can't call await_only() here. Was IO attempted in an unexpected place? (Background on this error at: https://sqlalche.me/e/20/xd2s)"}}
  {'type': 'get_attribute_error', 'loc': ('response', 227, 'drug'), 'msg': "Error extracting attribute: MissingGreenlet: greenlet_spawn has not been called; can't call await_only() here. Was IO attempted in an unexpected place? (Background on this error at: https://sqlalche.me/e/20/xd2s)", 'input': <app.db.models.interaction.Interaction object at 0x6fff990aef90>, 'ctx': {'error': "MissingGreenlet: greenlet_spawn has not been called; can't call await_only() here. Was IO attempted in an unexpected place? (Background on this error at: https://sqlalche.me/e/20/xd2s)"}}
  {'type': 'value_error', 'loc': ('response', 228, 'risk_level'), 'msg': "Value error, risk_level must be one of ['Low', 'Moderate', 'High']", 'input': 'LOW', 'ctx': {'error': ValueError("risk_level must be one of ['Low', 'Moderate', 'High']")}}
  {'type': 'get_attribute_error', 'loc': ('response', 228, 'herb'), 'msg': "Error extracting attribute: MissingGreenlet: greenlet_spawn has not been called; can't call await_only() here. Was IO attempted in an unexpected place? (Background on this error at: https://sqlalche.me/e/20/xd2s)", 'input': <app.db.models.interaction.Interaction object at 0x6fff990aeff0>, 'ctx': {'error': "MissingGreenlet: greenlet_spawn has not been called; can't call await_only() here. Was IO attempted in an unexpected place? (Background on this error at: https://sqlalche.me/e/20/xd2s)"}}
  {'type': 'get_attribute_error', 'loc': ('response', 228, 'drug'), 'msg': "Error extracting attribute: MissingGreenlet: greenlet_spawn has not been called; can't call await_only() here. Was IO attempted in an unexpected place? (Background on this error at: https://sqlalche.me/e/20/xd2s)", 'input': <app.db.models.interaction.Interaction object at 0x6fff990aeff0>, 'ctx': {'error': "MissingGreenlet: greenlet_spawn has not been called; can't call await_only() here. Was IO attempted in an unexpected place? (Background on this error at: https://sqlalche.me/e/20/xd2s)"}}
  {'type': 'value_error', 'loc': ('response', 229, 'risk_level'), 'msg': "Value error, risk_level must be one of ['Low', 'Moderate', 'High']", 'input': 'LOW', 'ctx': {'error': ValueError("risk_level must be one of ['Low', 'Moderate', 'High']")}}
  {'type': 'get_attribute_error', 'loc': ('response', 229, 'herb'), 'msg': "Error extracting attribute: MissingGreenlet: greenlet_spawn has not been called; can't call await_only() here. Was IO attempted in an unexpected place? (Background on this error at: https://sqlalche.me/e/20/xd2s)", 'input': <app.db.models.interaction.Interaction object at 0x6fff990af050>, 'ctx': {'error': "MissingGreenlet: greenlet_spawn has not been called; can't call await_only() here. Was IO attempted in an unexpected place? (Background on this error at: https://sqlalche.me/e/20/xd2s)"}}
  {'type': 'get_attribute_error', 'loc': ('response', 229, 'drug'), 'msg': "Error extracting attribute: MissingGreenlet: greenlet_spawn has not been called; can't call await_only() here. Was IO attempted in an unexpected place? (Background on this error at: https://sqlalche.me/e/20/xd2s)", 'input': <app.db.models.interaction.Interaction object at 0x6fff990af050>, 'ctx': {'error': "MissingGreenlet: greenlet_spawn has not been called; can't call await_only() here. Was IO attempted in an unexpected place? (Background on this error at: https://sqlalche.me/e/20/xd2s)"}}
  {'type': 'value_error', 'loc': ('response', 230, 'risk_level'), 'msg': "Value error, risk_level must be one of ['Low', 'Moderate', 'High']", 'input': 'MODERATE', 'ctx': {'error': ValueError("risk_level must be one of ['Low', 'Moderate', 'High']")}}
  {'type': 'get_attribute_error', 'loc': ('response', 230, 'herb'), 'msg': "Error extracting attribute: MissingGreenlet: greenlet_spawn has not been called; can't call await_only() here. Was IO attempted in an unexpected place? (Background on this error at: https://sqlalche.me/e/20/xd2s)", 'input': <app.db.models.interaction.Interaction object at 0x6fff990af0b0>, 'ctx': {'error': "MissingGreenlet: greenlet_spawn has not been called; can't call await_only() here. Was IO attempted in an unexpected place? (Background on this error at: https://sqlalche.me/e/20/xd2s)"}}
  {'type': 'get_attribute_error', 'loc': ('response', 230, 'drug'), 'msg': "Error extracting attribute: MissingGreenlet: greenlet_spawn has not been called; can't call await_only() here. Was IO attempted in an unexpected place? (Background on this error at: https://sqlalche.me/e/20/xd2s)", 'input': <app.db.models.interaction.Interaction object at 0x6fff990af0b0>, 'ctx': {'error': "MissingGreenlet: greenlet_spawn has not been called; can't call await_only() here. Was IO attempted in an unexpected place? (Background on this error at: https://sqlalche.me/e/20/xd2s)"}}
  {'type': 'value_error', 'loc': ('response', 231, 'risk_level'), 'msg': "Value error, risk_level must be one of ['Low', 'Moderate', 'High']", 'input': 'MODERATE', 'ctx': {'error': ValueError("risk_level must be one of ['Low', 'Moderate', 'High']")}}
  {'type': 'get_attribute_error', 'loc': ('response', 231, 'herb'), 'msg': "Error extracting attribute: MissingGreenlet: greenlet_spawn has not been called; can't call await_only() here. Was IO attempted in an unexpected place? (Background on this error at: https://sqlalche.me/e/20/xd2s)", 'input': <app.db.models.interaction.Interaction object at 0x6fff990af110>, 'ctx': {'error': "MissingGreenlet: greenlet_spawn has not been called; can't call await_only() here. Was IO attempted in an unexpected place? (Background on this error at: https://sqlalche.me/e/20/xd2s)"}}
  {'type': 'get_attribute_error', 'loc': ('response', 231, 'drug'), 'msg': "Error extracting attribute: MissingGreenlet: greenlet_spawn has not been called; can't call await_only() here. Was IO attempted in an unexpected place? (Background on this error at: https://sqlalche.me/e/20/xd2s)", 'input': <app.db.models.interaction.Interaction object at 0x6fff990af110>, 'ctx': {'error': "MissingGreenlet: greenlet_spawn has not been called; can't call await_only() here. Was IO attempted in an unexpected place? (Background on this error at: https://sqlalche.me/e/20/xd2s)"}}
  {'type': 'value_error', 'loc': ('response', 232, 'risk_level'), 'msg': "Value error, risk_level must be one of ['Low', 'Moderate', 'High']", 'input': 'MODERATE', 'ctx': {'error': ValueError("risk_level must be one of ['Low', 'Moderate', 'High']")}}
  {'type': 'get_attribute_error', 'loc': ('response', 232, 'herb'), 'msg': "Error extracting attribute: MissingGreenlet: greenlet_spawn has not been called; can't call await_only() here. Was IO attempted in an unexpected place? (Background on this error at: https://sqlalche.me/e/20/xd2s)", 'input': <app.db.models.interaction.Interaction object at 0x6fff990af170>, 'ctx': {'error': "MissingGreenlet: greenlet_spawn has not been called; can't call await_only() here. Was IO attempted in an unexpected place? (Background on this error at: https://sqlalche.me/e/20/xd2s)"}}
  {'type': 'get_attribute_error', 'loc': ('response', 232, 'drug'), 'msg': "Error extracting attribute: MissingGreenlet: greenlet_spawn has not been called; can't call await_only() here. Was IO attempted in an unexpected place? (Background on this error at: https://sqlalche.me/e/20/xd2s)", 'input': <app.db.models.interaction.Interaction object at 0x6fff990af170>, 'ctx': {'error': "MissingGreenlet: greenlet_spawn has not been called; can't call await_only() here. Was IO attempted in an unexpected place? (Background on this error at: https://sqlalche.me/e/20/xd2s)"}}
  {'type': 'value_error', 'loc': ('response', 233, 'risk_level'), 'msg': "Value error, risk_level must be one of ['Low', 'Moderate', 'High']", 'input': 'MODERATE', 'ctx': {'error': ValueError("risk_level must be one of ['Low', 'Moderate', 'High']")}}
  {'type': 'get_attribute_error', 'loc': ('response', 233, 'herb'), 'msg': "Error extracting attribute: MissingGreenlet: greenlet_spawn has not been called; can't call await_only() here. Was IO attempted in an unexpected place? (Background on this error at: https://sqlalche.me/e/20/xd2s)", 'input': <app.db.models.interaction.Interaction object at 0x6fff990af1d0>, 'ctx': {'error': "MissingGreenlet: greenlet_spawn has not been called; can't call await_only() here. Was IO attempted in an unexpected place? (Background on this error at: https://sqlalche.me/e/20/xd2s)"}}
  {'type': 'get_attribute_error', 'loc': ('response', 233, 'drug'), 'msg': "Error extracting attribute: MissingGreenlet: greenlet_spawn has not been called; can't call await_only() here. Was IO attempted in an unexpected place? (Background on this error at: https://sqlalche.me/e/20/xd2s)", 'input': <app.db.models.interaction.Interaction object at 0x6fff990af1d0>, 'ctx': {'error': "MissingGreenlet: greenlet_spawn has not been called; can't call await_only() here. Was IO attempted in an unexpected place? (Background on this error at: https://sqlalche.me/e/20/xd2s)"}}
  {'type': 'value_error', 'loc': ('response', 234, 'risk_level'), 'msg': "Value error, risk_level must be one of ['Low', 'Moderate', 'High']", 'input': 'MODERATE', 'ctx': {'error': ValueError("risk_level must be one of ['Low', 'Moderate', 'High']")}}
  {'type': 'get_attribute_error', 'loc': ('response', 234, 'herb'), 'msg': "Error extracting attribute: MissingGreenlet: greenlet_spawn has not been called; can't call await_only() here. Was IO attempted in an unexpected place? (Background on this error at: https://sqlalche.me/e/20/xd2s)", 'input': <app.db.models.interaction.Interaction object at 0x6fff990af230>, 'ctx': {'error': "MissingGreenlet: greenlet_spawn has not been called; can't call await_only() here. Was IO attempted in an unexpected place? (Background on this error at: https://sqlalche.me/e/20/xd2s)"}}
  {'type': 'get_attribute_error', 'loc': ('response', 234, 'drug'), 'msg': "Error extracting attribute: MissingGreenlet: greenlet_spawn has not been called; can't call await_only() here. Was IO attempted in an unexpected place? (Background on this error at: https://sqlalche.me/e/20/xd2s)", 'input': <app.db.models.interaction.Interaction object at 0x6fff990af230>, 'ctx': {'error': "MissingGreenlet: greenlet_spawn has not been called; can't call await_only() here. Was IO attempted in an unexpected place? (Background on this error at: https://sqlalche.me/e/20/xd2s)"}}
  {'type': 'value_error', 'loc': ('response', 235, 'risk_level'), 'msg': "Value error, risk_level must be one of ['Low', 'Moderate', 'High']", 'input': 'MODERATE', 'ctx': {'error': ValueError("risk_level must be one of ['Low', 'Moderate', 'High']")}}
  {'type': 'get_attribute_error', 'loc': ('response', 235, 'herb'), 'msg': "Error extracting attribute: MissingGreenlet: greenlet_spawn has not been called; can't call await_only() here. Was IO attempted in an unexpected place? (Background on this error at: https://sqlalche.me/e/20/xd2s)", 'input': <app.db.models.interaction.Interaction object at 0x6fff990af290>, 'ctx': {'error': "MissingGreenlet: greenlet_spawn has not been called; can't call await_only() here. Was IO attempted in an unexpected place? (Background on this error at: https://sqlalche.me/e/20/xd2s)"}}
  {'type': 'get_attribute_error', 'loc': ('response', 235, 'drug'), 'msg': "Error extracting attribute: MissingGreenlet: greenlet_spawn has not been called; can't call await_only() here. Was IO attempted in an unexpected place? (Background on this error at: https://sqlalche.me/e/20/xd2s)", 'input': <app.db.models.interaction.Interaction object at 0x6fff990af290>, 'ctx': {'error': "MissingGreenlet: greenlet_spawn has not been called; can't call await_only() here. Was IO attempted in an unexpected place? (Background on this error at: https://sqlalche.me/e/20/xd2s)"}}
  {'type': 'value_error', 'loc': ('response', 236, 'risk_level'), 'msg': "Value error, risk_level must be one of ['Low', 'Moderate', 'High']", 'input': 'MODERATE', 'ctx': {'error': ValueError("risk_level must be one of ['Low', 'Moderate', 'High']")}}
  {'type': 'get_attribute_error', 'loc': ('response', 236, 'herb'), 'msg': "Error extracting attribute: MissingGreenlet: greenlet_spawn has not been called; can't call await_only() here. Was IO attempted in an unexpected place? (Background on this error at: https://sqlalche.me/e/20/xd2s)", 'input': <app.db.models.interaction.Interaction object at 0x6fff990af2f0>, 'ctx': {'error': "MissingGreenlet: greenlet_spawn has not been called; can't call await_only() here. Was IO attempted in an unexpected place? (Background on this error at: https://sqlalche.me/e/20/xd2s)"}}
  {'type': 'get_attribute_error', 'loc': ('response', 236, 'drug'), 'msg': "Error extracting attribute: MissingGreenlet: greenlet_spawn has not been called; can't call await_only() here. Was IO attempted in an unexpected place? (Background on this error at: https://sqlalche.me/e/20/xd2s)", 'input': <app.db.models.interaction.Interaction object at 0x6fff990af2f0>, 'ctx': {'error': "MissingGreenlet: greenlet_spawn has not been called; can't call await_only() here. Was IO attempted in an unexpected place? (Background on this error at: https://sqlalche.me/e/20/xd2s)"}}
  {'type': 'value_error', 'loc': ('response', 237, 'risk_level'), 'msg': "Value error, risk_level must be one of ['Low', 'Moderate', 'High']", 'input': 'MODERATE', 'ctx': {'error': ValueError("risk_level must be one of ['Low', 'Moderate', 'High']")}}
  {'type': 'get_attribute_error', 'loc': ('response', 237, 'herb'), 'msg': "Error extracting attribute: MissingGreenlet: greenlet_spawn has not been called; can't call await_only() here. Was IO attempted in an unexpected place? (Background on this error at: https://sqlalche.me/e/20/xd2s)", 'input': <app.db.models.interaction.Interaction object at 0x6fff990af350>, 'ctx': {'error': "MissingGreenlet: greenlet_spawn has not been called; can't call await_only() here. Was IO attempted in an unexpected place? (Background on this error at: https://sqlalche.me/e/20/xd2s)"}}
  {'type': 'get_attribute_error', 'loc': ('response', 237, 'drug'), 'msg': "Error extracting attribute: MissingGreenlet: greenlet_spawn has not been called; can't call await_only() here. Was IO attempted in an unexpected place? (Background on this error at: https://sqlalche.me/e/20/xd2s)", 'input': <app.db.models.interaction.Interaction object at 0x6fff990af350>, 'ctx': {'error': "MissingGreenlet: greenlet_spawn has not been called; can't call await_only() here. Was IO attempted in an unexpected place? (Background on this error at: https://sqlalche.me/e/20/xd2s)"}}
  {'type': 'value_error', 'loc': ('response', 238, 'risk_level'), 'msg': "Value error, risk_level must be one of ['Low', 'Moderate', 'High']", 'input': 'LOW', 'ctx': {'error': ValueError("risk_level must be one of ['Low', 'Moderate', 'High']")}}
  {'type': 'get_attribute_error', 'loc': ('response', 238, 'herb'), 'msg': "Error extracting attribute: MissingGreenlet: greenlet_spawn has not been called; can't call await_only() here. Was IO attempted in an unexpected place? (Background on this error at: https://sqlalche.me/e/20/xd2s)", 'input': <app.db.models.interaction.Interaction object at 0x6fff990af3b0>, 'ctx': {'error': "MissingGreenlet: greenlet_spawn has not been called; can't call await_only() here. Was IO attempted in an unexpected place? (Background on this error at: https://sqlalche.me/e/20/xd2s)"}}
  {'type': 'get_attribute_error', 'loc': ('response', 238, 'drug'), 'msg': "Error extracting attribute: MissingGreenlet: greenlet_spawn has not been called; can't call await_only() here. Was IO attempted in an unexpected place? (Background on this error at: https://sqlalche.me/e/20/xd2s)", 'input': <app.db.models.interaction.Interaction object at 0x6fff990af3b0>, 'ctx': {'error': "MissingGreenlet: greenlet_spawn has not been called; can't call await_only() here. Was IO attempted in an unexpected place? (Background on this error at: https://sqlalche.me/e/20/xd2s)"}}
  {'type': 'value_error', 'loc': ('response', 239, 'risk_level'), 'msg': "Value error, risk_level must be one of ['Low', 'Moderate', 'High']", 'input': 'MODERATE', 'ctx': {'error': ValueError("risk_level must be one of ['Low', 'Moderate', 'High']")}}
  {'type': 'get_attribute_error', 'loc': ('response', 239, 'herb'), 'msg': "Error extracting attribute: MissingGreenlet: greenlet_spawn has not been called; can't call await_only() here. Was IO attempted in an unexpected place? (Background on this error at: https://sqlalche.me/e/20/xd2s)", 'input': <app.db.models.interaction.Interaction object at 0x6fff990af410>, 'ctx': {'error': "MissingGreenlet: greenlet_spawn has not been called; can't call await_only() here. Was IO attempted in an unexpected place? (Background on this error at: https://sqlalche.me/e/20/xd2s)"}}
  {'type': 'get_attribute_error', 'loc': ('response', 239, 'drug'), 'msg': "Error extracting attribute: MissingGreenlet: greenlet_spawn has not been called; can't call await_only() here. Was IO attempted in an unexpected place? (Background on this error at: https://sqlalche.me/e/20/xd2s)", 'input': <app.db.models.interaction.Interaction object at 0x6fff990af410>, 'ctx': {'error': "MissingGreenlet: greenlet_spawn has not been called; can't call await_only() here. Was IO attempted in an unexpected place? (Background on this error at: https://sqlalche.me/e/20/xd2s)"}}
  {'type': 'value_error', 'loc': ('response', 240, 'risk_level'), 'msg': "Value error, risk_level must be one of ['Low', 'Moderate', 'High']", 'input': 'MODERATE', 'ctx': {'error': ValueError("risk_level must be one of ['Low', 'Moderate', 'High']")}}
  {'type': 'get_attribute_error', 'loc': ('response', 240, 'herb'), 'msg': "Error extracting attribute: MissingGreenlet: greenlet_spawn has not been called; can't call await_only() here. Was IO attempted in an unexpected place? (Background on this error at: https://sqlalche.me/e/20/xd2s)", 'input': <app.db.models.interaction.Interaction object at 0x6fff990af470>, 'ctx': {'error': "MissingGreenlet: greenlet_spawn has not been called; can't call await_only() here. Was IO attempted in an unexpected place? (Background on this error at: https://sqlalche.me/e/20/xd2s)"}}
  {'type': 'get_attribute_error', 'loc': ('response', 240, 'drug'), 'msg': "Error extracting attribute: MissingGreenlet: greenlet_spawn has not been called; can't call await_only() here. Was IO attempted in an unexpected place? (Background on this error at: https://sqlalche.me/e/20/xd2s)", 'input': <app.db.models.interaction.Interaction object at 0x6fff990af470>, 'ctx': {'error': "MissingGreenlet: greenlet_spawn has not been called; can't call await_only() here. Was IO attempted in an unexpected place? (Background on this error at: https://sqlalche.me/e/20/xd2s)"}}
  {'type': 'value_error', 'loc': ('response', 241, 'risk_level'), 'msg': "Value error, risk_level must be one of ['Low', 'Moderate', 'High']", 'input': 'MODERATE', 'ctx': {'error': ValueError("risk_level must be one of ['Low', 'Moderate', 'High']")}}
  {'type': 'get_attribute_error', 'loc': ('response', 241, 'herb'), 'msg': "Error extracting attribute: MissingGreenlet: greenlet_spawn has not been called; can't call await_only() here. Was IO attempted in an unexpected place? (Background on this error at: https://sqlalche.me/e/20/xd2s)", 'input': <app.db.models.interaction.Interaction object at 0x6fff990af4d0>, 'ctx': {'error': "MissingGreenlet: greenlet_spawn has not been called; can't call await_only() here. Was IO attempted in an unexpected place? (Background on this error at: https://sqlalche.me/e/20/xd2s)"}}
  {'type': 'get_attribute_error', 'loc': ('response', 241, 'drug'), 'msg': "Error extracting attribute: MissingGreenlet: greenlet_spawn has not been called; can't call await_only() here. Was IO attempted in an unexpected place? (Background on this error at: https://sqlalche.me/e/20/xd2s)", 'input': <app.db.models.interaction.Interaction object at 0x6fff990af4d0>, 'ctx': {'error': "MissingGreenlet: greenlet_spawn has not been called; can't call await_only() here. Was IO attempted in an unexpected place? (Background on this error at: https://sqlalche.me/e/20/xd2s)"}}
  {'type': 'value_error', 'loc': ('response', 242, 'risk_level'), 'msg': "Value error, risk_level must be one of ['Low', 'Moderate', 'High']", 'input': 'MODERATE', 'ctx': {'error': ValueError("risk_level must be one of ['Low', 'Moderate', 'High']")}}
  {'type': 'get_attribute_error', 'loc': ('response', 242, 'herb'), 'msg': "Error extracting attribute: MissingGreenlet: greenlet_spawn has not been called; can't call await_only() here. Was IO attempted in an unexpected place? (Background on this error at: https://sqlalche.me/e/20/xd2s)", 'input': <app.db.models.interaction.Interaction object at 0x6fff990af530>, 'ctx': {'error': "MissingGreenlet: greenlet_spawn has not been called; can't call await_only() here. Was IO attempted in an unexpected place? (Background on this error at: https://sqlalche.me/e/20/xd2s)"}}
  {'type': 'get_attribute_error', 'loc': ('response', 242, 'drug'), 'msg': "Error extracting attribute: MissingGreenlet: greenlet_spawn has not been called; can't call await_only() here. Was IO attempted in an unexpected place? (Background on this error at: https://sqlalche.me/e/20/xd2s)", 'input': <app.db.models.interaction.Interaction object at 0x6fff990af530>, 'ctx': {'error': "MissingGreenlet: greenlet_spawn has not been called; can't call await_only() here. Was IO attempted in an unexpected place? (Background on this error at: https://sqlalche.me/e/20/xd2s)"}}
  {'type': 'value_error', 'loc': ('response', 243, 'risk_level'), 'msg': "Value error, risk_level must be one of ['Low', 'Moderate', 'High']", 'input': 'MODERATE', 'ctx': {'error': ValueError("risk_level must be one of ['Low', 'Moderate', 'High']")}}
  {'type': 'get_attribute_error', 'loc': ('response', 243, 'herb'), 'msg': "Error extracting attribute: MissingGreenlet: greenlet_spawn has not been called; can't call await_only() here. Was IO attempted in an unexpected place? (Background on this error at: https://sqlalche.me/e/20/xd2s)", 'input': <app.db.models.interaction.Interaction object at 0x6fff990af590>, 'ctx': {'error': "MissingGreenlet: greenlet_spawn has not been called; can't call await_only() here. Was IO attempted in an unexpected place? (Background on this error at: https://sqlalche.me/e/20/xd2s)"}}
  {'type': 'get_attribute_error', 'loc': ('response', 243, 'drug'), 'msg': "Error extracting attribute: MissingGreenlet: greenlet_spawn has not been called; can't call await_only() here. Was IO attempted in an unexpected place? (Background on this error at: https://sqlalche.me/e/20/xd2s)", 'input': <app.db.models.interaction.Interaction object at 0x6fff990af590>, 'ctx': {'error': "MissingGreenlet: greenlet_spawn has not been called; can't call await_only() here. Was IO attempted in an unexpected place? (Background on this error at: https://sqlalche.me/e/20/xd2s)"}}
  {'type': 'value_error', 'loc': ('response', 244, 'risk_level'), 'msg': "Value error, risk_level must be one of ['Low', 'Moderate', 'High']", 'input': 'LOW', 'ctx': {'error': ValueError("risk_level must be one of ['Low', 'Moderate', 'High']")}}
  {'type': 'get_attribute_error', 'loc': ('response', 244, 'herb'), 'msg': "Error extracting attribute: MissingGreenlet: greenlet_spawn has not been called; can't call await_only() here. Was IO attempted in an unexpected place? (Background on this error at: https://sqlalche.me/e/20/xd2s)", 'input': <app.db.models.interaction.Interaction object at 0x6fff990af5f0>, 'ctx': {'error': "MissingGreenlet: greenlet_spawn has not been called; can't call await_only() here. Was IO attempted in an unexpected place? (Background on this error at: https://sqlalche.me/e/20/xd2s)"}}
  {'type': 'get_attribute_error', 'loc': ('response', 244, 'drug'), 'msg': "Error extracting attribute: MissingGreenlet: greenlet_spawn has not been called; can't call await_only() here. Was IO attempted in an unexpected place? (Background on this error at: https://sqlalche.me/e/20/xd2s)", 'input': <app.db.models.interaction.Interaction object at 0x6fff990af5f0>, 'ctx': {'error': "MissingGreenlet: greenlet_spawn has not been called; can't call await_only() here. Was IO attempted in an unexpected place? (Background on this error at: https://sqlalche.me/e/20/xd2s)"}}
  {'type': 'value_error', 'loc': ('response', 245, 'risk_level'), 'msg': "Value error, risk_level must be one of ['Low', 'Moderate', 'High']", 'input': 'MODERATE', 'ctx': {'error': ValueError("risk_level must be one of ['Low', 'Moderate', 'High']")}}
  {'type': 'get_attribute_error', 'loc': ('response', 245, 'herb'), 'msg': "Error extracting attribute: MissingGreenlet: greenlet_spawn has not been called; can't call await_only() here. Was IO attempted in an unexpected place? (Background on this error at: https://sqlalche.me/e/20/xd2s)", 'input': <app.db.models.interaction.Interaction object at 0x6fff990af650>, 'ctx': {'error': "MissingGreenlet: greenlet_spawn has not been called; can't call await_only() here. Was IO attempted in an unexpected place? (Background on this error at: https://sqlalche.me/e/20/xd2s)"}}
  {'type': 'get_attribute_error', 'loc': ('response', 245, 'drug'), 'msg': "Error extracting attribute: MissingGreenlet: greenlet_spawn has not been called; can't call await_only() here. Was IO attempted in an unexpected place? (Background on this error at: https://sqlalche.me/e/20/xd2s)", 'input': <app.db.models.interaction.Interaction object at 0x6fff990af650>, 'ctx': {'error': "MissingGreenlet: greenlet_spawn has not been called; can't call await_only() here. Was IO attempted in an unexpected place? (Background on this error at: https://sqlalche.me/e/20/xd2s)"}}
  {'type': 'value_error', 'loc': ('response', 246, 'risk_level'), 'msg': "Value error, risk_level must be one of ['Low', 'Moderate', 'High']", 'input': 'HIGH', 'ctx': {'error': ValueError("risk_level must be one of ['Low', 'Moderate', 'High']")}}
  {'type': 'get_attribute_error', 'loc': ('response', 246, 'herb'), 'msg': "Error extracting attribute: MissingGreenlet: greenlet_spawn has not been called; can't call await_only() here. Was IO attempted in an unexpected place? (Background on this error at: https://sqlalche.me/e/20/xd2s)", 'input': <app.db.models.interaction.Interaction object at 0x6fff990af6b0>, 'ctx': {'error': "MissingGreenlet: greenlet_spawn has not been called; can't call await_only() here. Was IO attempted in an unexpected place? (Background on this error at: https://sqlalche.me/e/20/xd2s)"}}
  {'type': 'get_attribute_error', 'loc': ('response', 246, 'drug'), 'msg': "Error extracting attribute: MissingGreenlet: greenlet_spawn has not been called; can't call await_only() here. Was IO attempted in an unexpected place? (Background on this error at: https://sqlalche.me/e/20/xd2s)", 'input': <app.db.models.interaction.Interaction object at 0x6fff990af6b0>, 'ctx': {'error': "MissingGreenlet: greenlet_spawn has not been called; can't call await_only() here. Was IO attempted in an unexpected place? (Background on this error at: https://sqlalche.me/e/20/xd2s)"}}
  {'type': 'value_error', 'loc': ('response', 247, 'risk_level'), 'msg': "Value error, risk_level must be one of ['Low', 'Moderate', 'High']", 'input': 'MODERATE', 'ctx': {'error': ValueError("risk_level must be one of ['Low', 'Moderate', 'High']")}}
  {'type': 'get_attribute_error', 'loc': ('response', 247, 'herb'), 'msg': "Error extracting attribute: MissingGreenlet: greenlet_spawn has not been called; can't call await_only() here. Was IO attempted in an unexpected place? (Background on this error at: https://sqlalche.me/e/20/xd2s)", 'input': <app.db.models.interaction.Interaction object at 0x6fff990af710>, 'ctx': {'error': "MissingGreenlet: greenlet_spawn has not been called; can't call await_only() here. Was IO attempted in an unexpected place? (Background on this error at: https://sqlalche.me/e/20/xd2s)"}}
  {'type': 'get_attribute_error', 'loc': ('response', 247, 'drug'), 'msg': "Error extracting attribute: MissingGreenlet: greenlet_spawn has not been called; can't call await_only() here. Was IO attempted in an unexpected place? (Background on this error at: https://sqlalche.me/e/20/xd2s)", 'input': <app.db.models.interaction.Interaction object at 0x6fff990af710>, 'ctx': {'error': "MissingGreenlet: greenlet_spawn has not been called; can't call await_only() here. Was IO attempted in an unexpected place? (Background on this error at: https://sqlalche.me/e/20/xd2s)"}}
  {'type': 'value_error', 'loc': ('response', 248, 'risk_level'), 'msg': "Value error, risk_level must be one of ['Low', 'Moderate', 'High']", 'input': 'LOW', 'ctx': {'error': ValueError("risk_level must be one of ['Low', 'Moderate', 'High']")}}
  {'type': 'get_attribute_error', 'loc': ('response', 248, 'herb'), 'msg': "Error extracting attribute: MissingGreenlet: greenlet_spawn has not been called; can't call await_only() here. Was IO attempted in an unexpected place? (Background on this error at: https://sqlalche.me/e/20/xd2s)", 'input': <app.db.models.interaction.Interaction object at 0x6fff990af770>, 'ctx': {'error': "MissingGreenlet: greenlet_spawn has not been called; can't call await_only() here. Was IO attempted in an unexpected place? (Background on this error at: https://sqlalche.me/e/20/xd2s)"}}
  {'type': 'get_attribute_error', 'loc': ('response', 248, 'drug'), 'msg': "Error extracting attribute: MissingGreenlet: greenlet_spawn has not been called; can't call await_only() here. Was IO attempted in an unexpected place? (Background on this error at: https://sqlalche.me/e/20/xd2s)", 'input': <app.db.models.interaction.Interaction object at 0x6fff990af770>, 'ctx': {'error': "MissingGreenlet: greenlet_spawn has not been called; can't call await_only() here. Was IO attempted in an unexpected place? (Background on this error at: https://sqlalche.me/e/20/xd2s)"}}
  {'type': 'value_error', 'loc': ('response', 249, 'risk_level'), 'msg': "Value error, risk_level must be one of ['Low', 'Moderate', 'High']", 'input': 'LOW', 'ctx': {'error': ValueError("risk_level must be one of ['Low', 'Moderate', 'High']")}}
  {'type': 'get_attribute_error', 'loc': ('response', 249, 'herb'), 'msg': "Error extracting attribute: MissingGreenlet: greenlet_spawn has not been called; can't call await_only() here. Was IO attempted in an unexpected place? (Background on this error at: https://sqlalche.me/e/20/xd2s)", 'input': <app.db.models.interaction.Interaction object at 0x6fff990af7d0>, 'ctx': {'error': "MissingGreenlet: greenlet_spawn has not been called; can't call await_only() here. Was IO attempted in an unexpected place? (Background on this error at: https://sqlalche.me/e/20/xd2s)"}}
  {'type': 'get_attribute_error', 'loc': ('response', 249, 'drug'), 'msg': "Error extracting attribute: MissingGreenlet: greenlet_spawn has not been called; can't call await_only() here. Was IO attempted in an unexpected place? (Background on this error at: https://sqlalche.me/e/20/xd2s)", 'input': <app.db.models.interaction.Interaction object at 0x6fff990af7d0>, 'ctx': {'error': "MissingGreenlet: greenlet_spawn has not been called; can't call await_only() here. Was IO attempted in an unexpected place? (Background on this error at: https://sqlalche.me/e/20/xd2s)"}}
  {'type': 'value_error', 'loc': ('response', 250, 'risk_level'), 'msg': "Value error, risk_level must be one of ['Low', 'Moderate', 'High']", 'input': 'LOW', 'ctx': {'error': ValueError("risk_level must be one of ['Low', 'Moderate', 'High']")}}
  {'type': 'get_attribute_error', 'loc': ('response', 250, 'herb'), 'msg': "Error extracting attribute: MissingGreenlet: greenlet_spawn has not been called; can't call await_only() here. Was IO attempted in an unexpected place? (Background on this error at: https://sqlalche.me/e/20/xd2s)", 'input': <app.db.models.interaction.Interaction object at 0x6fff990af830>, 'ctx': {'error': "MissingGreenlet: greenlet_spawn has not been called; can't call await_only() here. Was IO attempted in an unexpected place? (Background on this error at: https://sqlalche.me/e/20/xd2s)"}}
  {'type': 'get_attribute_error', 'loc': ('response', 250, 'drug'), 'msg': "Error extracting attribute: MissingGreenlet: greenlet_spawn has not been called; can't call await_only() here. Was IO attempted in an unexpected place? (Background on this error at: https://sqlalche.me/e/20/xd2s)", 'input': <app.db.models.interaction.Interaction object at 0x6fff990af830>, 'ctx': {'error': "MissingGreenlet: greenlet_spawn has not been called; can't call await_only() here. Was IO attempted in an unexpected place? (Background on this error at: https://sqlalche.me/e/20/xd2s)"}}
  {'type': 'value_error', 'loc': ('response', 251, 'risk_level'), 'msg': "Value error, risk_level must be one of ['Low', 'Moderate', 'High']", 'input': 'MODERATE', 'ctx': {'error': ValueError("risk_level must be one of ['Low', 'Moderate', 'High']")}}
  {'type': 'get_attribute_error', 'loc': ('response', 251, 'herb'), 'msg': "Error extracting attribute: MissingGreenlet: greenlet_spawn has not been called; can't call await_only() here. Was IO attempted in an unexpected place? (Background on this error at: https://sqlalche.me/e/20/xd2s)", 'input': <app.db.models.interaction.Interaction object at 0x6fff990af890>, 'ctx': {'error': "MissingGreenlet: greenlet_spawn has not been called; can't call await_only() here. Was IO attempted in an unexpected place? (Background on this error at: https://sqlalche.me/e/20/xd2s)"}}
  {'type': 'get_attribute_error', 'loc': ('response', 251, 'drug'), 'msg': "Error extracting attribute: MissingGreenlet: greenlet_spawn has not been called; can't call await_only() here. Was IO attempted in an unexpected place? (Background on this error at: https://sqlalche.me/e/20/xd2s)", 'input': <app.db.models.interaction.Interaction object at 0x6fff990af890>, 'ctx': {'error': "MissingGreenlet: greenlet_spawn has not been called; can't call await_only() here. Was IO attempted in an unexpected place? (Background on this error at: https://sqlalche.me/e/20/xd2s)"}}
  {'type': 'value_error', 'loc': ('response', 252, 'risk_level'), 'msg': "Value error, risk_level must be one of ['Low', 'Moderate', 'High']", 'input': 'MODERATE', 'ctx': {'error': ValueError("risk_level must be one of ['Low', 'Moderate', 'High']")}}
  {'type': 'get_attribute_error', 'loc': ('response', 252, 'herb'), 'msg': "Error extracting attribute: MissingGreenlet: greenlet_spawn has not been called; can't call await_only() here. Was IO attempted in an unexpected place? (Background on this error at: https://sqlalche.me/e/20/xd2s)", 'input': <app.db.models.interaction.Interaction object at 0x6fff990af8f0>, 'ctx': {'error': "MissingGreenlet: greenlet_spawn has not been called; can't call await_only() here. Was IO attempted in an unexpected place? (Background on this error at: https://sqlalche.me/e/20/xd2s)"}}
  {'type': 'get_attribute_error', 'loc': ('response', 252, 'drug'), 'msg': "Error extracting attribute: MissingGreenlet: greenlet_spawn has not been called; can't call await_only() here. Was IO attempted in an unexpected place? (Background on this error at: https://sqlalche.me/e/20/xd2s)", 'input': <app.db.models.interaction.Interaction object at 0x6fff990af8f0>, 'ctx': {'error': "MissingGreenlet: greenlet_spawn has not been called; can't call await_only() here. Was IO attempted in an unexpected place? (Background on this error at: https://sqlalche.me/e/20/xd2s)"}}
  {'type': 'value_error', 'loc': ('response', 253, 'risk_level'), 'msg': "Value error, risk_level must be one of ['Low', 'Moderate', 'High']", 'input': 'MODERATE', 'ctx': {'error': ValueError("risk_level must be one of ['Low', 'Moderate', 'High']")}}
  {'type': 'get_attribute_error', 'loc': ('response', 253, 'herb'), 'msg': "Error extracting attribute: MissingGreenlet: greenlet_spawn has not been called; can't call await_only() here. Was IO attempted in an unexpected place? (Background on this error at: https://sqlalche.me/e/20/xd2s)", 'input': <app.db.models.interaction.Interaction object at 0x6fff990af950>, 'ctx': {'error': "MissingGreenlet: greenlet_spawn has not been called; can't call await_only() here. Was IO attempted in an unexpected place? (Background on this error at: https://sqlalche.me/e/20/xd2s)"}}
  {'type': 'get_attribute_error', 'loc': ('response', 253, 'drug'), 'msg': "Error extracting attribute: MissingGreenlet: greenlet_spawn has not been called; can't call await_only() here. Was IO attempted in an unexpected place? (Background on this error at: https://sqlalche.me/e/20/xd2s)", 'input': <app.db.models.interaction.Interaction object at 0x6fff990af950>, 'ctx': {'error': "MissingGreenlet: greenlet_spawn has not been called; can't call await_only() here. Was IO attempted in an unexpected place? (Background on this error at: https://sqlalche.me/e/20/xd2s)"}}
  {'type': 'value_error', 'loc': ('response', 254, 'risk_level'), 'msg': "Value error, risk_level must be one of ['Low', 'Moderate', 'High']", 'input': 'MODERATE', 'ctx': {'error': ValueError("risk_level must be one of ['Low', 'Moderate', 'High']")}}
  {'type': 'get_attribute_error', 'loc': ('response', 254, 'herb'), 'msg': "Error extracting attribute: MissingGreenlet: greenlet_spawn has not been called; can't call await_only() here. Was IO attempted in an unexpected place? (Background on this error at: https://sqlalche.me/e/20/xd2s)", 'input': <app.db.models.interaction.Interaction object at 0x6fff990af9b0>, 'ctx': {'error': "MissingGreenlet: greenlet_spawn has not been called; can't call await_only() here. Was IO attempted in an unexpected place? (Background on this error at: https://sqlalche.me/e/20/xd2s)"}}
  {'type': 'get_attribute_error', 'loc': ('response', 254, 'drug'), 'msg': "Error extracting attribute: MissingGreenlet: greenlet_spawn has not been called; can't call await_only() here. Was IO attempted in an unexpected place? (Background on this error at: https://sqlalche.me/e/20/xd2s)", 'input': <app.db.models.interaction.Interaction object at 0x6fff990af9b0>, 'ctx': {'error': "MissingGreenlet: greenlet_spawn has not been called; can't call await_only() here. Was IO attempted in an unexpected place? (Background on this error at: https://sqlalche.me/e/20/xd2s)"}}
  {'type': 'value_error', 'loc': ('response', 255, 'risk_level'), 'msg': "Value error, risk_level must be one of ['Low', 'Moderate', 'High']", 'input': 'MODERATE', 'ctx': {'error': ValueError("risk_level must be one of ['Low', 'Moderate', 'High']")}}
  {'type': 'get_attribute_error', 'loc': ('response', 255, 'herb'), 'msg': "Error extracting attribute: MissingGreenlet: greenlet_spawn has not been called; can't call await_only() here. Was IO attempted in an unexpected place? (Background on this error at: https://sqlalche.me/e/20/xd2s)", 'input': <app.db.models.interaction.Interaction object at 0x6fff990afa10>, 'ctx': {'error': "MissingGreenlet: greenlet_spawn has not been called; can't call await_only() here. Was IO attempted in an unexpected place? (Background on this error at: https://sqlalche.me/e/20/xd2s)"}}
  {'type': 'get_attribute_error', 'loc': ('response', 255, 'drug'), 'msg': "Error extracting attribute: MissingGreenlet: greenlet_spawn has not been called; can't call await_only() here. Was IO attempted in an unexpected place? (Background on this error at: https://sqlalche.me/e/20/xd2s)", 'input': <app.db.models.interaction.Interaction object at 0x6fff990afa10>, 'ctx': {'error': "MissingGreenlet: greenlet_spawn has not been called; can't call await_only() here. Was IO attempted in an unexpected place? (Background on this error at: https://sqlalche.me/e/20/xd2s)"}}
  {'type': 'value_error', 'loc': ('response', 256, 'risk_level'), 'msg': "Value error, risk_level must be one of ['Low', 'Moderate', 'High']", 'input': 'MODERATE', 'ctx': {'error': ValueError("risk_level must be one of ['Low', 'Moderate', 'High']")}}
  {'type': 'get_attribute_error', 'loc': ('response', 256, 'herb'), 'msg': "Error extracting attribute: MissingGreenlet: greenlet_spawn has not been called; can't call await_only() here. Was IO attempted in an unexpected place? (Background on this error at: https://sqlalche.me/e/20/xd2s)", 'input': <app.db.models.interaction.Interaction object at 0x6fff990afa70>, 'ctx': {'error': "MissingGreenlet: greenlet_spawn has not been called; can't call await_only() here. Was IO attempted in an unexpected place? (Background on this error at: https://sqlalche.me/e/20/xd2s)"}}
  {'type': 'get_attribute_error', 'loc': ('response', 256, 'drug'), 'msg': "Error extracting attribute: MissingGreenlet: greenlet_spawn has not been called; can't call await_only() here. Was IO attempted in an unexpected place? (Background on this error at: https://sqlalche.me/e/20/xd2s)", 'input': <app.db.models.interaction.Interaction object at 0x6fff990afa70>, 'ctx': {'error': "MissingGreenlet: greenlet_spawn has not been called; can't call await_only() here. Was IO attempted in an unexpected place? (Background on this error at: https://sqlalche.me/e/20/xd2s)"}}
  {'type': 'value_error', 'loc': ('response', 257, 'risk_level'), 'msg': "Value error, risk_level must be one of ['Low', 'Moderate', 'High']", 'input': 'MODERATE', 'ctx': {'error': ValueError("risk_level must be one of ['Low', 'Moderate', 'High']")}}
  {'type': 'get_attribute_error', 'loc': ('response', 257, 'herb'), 'msg': "Error extracting attribute: MissingGreenlet: greenlet_spawn has not been called; can't call await_only() here. Was IO attempted in an unexpected place? (Background on this error at: https://sqlalche.me/e/20/xd2s)", 'input': <app.db.models.interaction.Interaction object at 0x6fff990afad0>, 'ctx': {'error': "MissingGreenlet: greenlet_spawn has not been called; can't call await_only() here. Was IO attempted in an unexpected place? (Background on this error at: https://sqlalche.me/e/20/xd2s)"}}
  {'type': 'get_attribute_error', 'loc': ('response', 257, 'drug'), 'msg': "Error extracting attribute: MissingGreenlet: greenlet_spawn has not been called; can't call await_only() here. Was IO attempted in an unexpected place? (Background on this error at: https://sqlalche.me/e/20/xd2s)", 'input': <app.db.models.interaction.Interaction object at 0x6fff990afad0>, 'ctx': {'error': "MissingGreenlet: greenlet_spawn has not been called; can't call await_only() here. Was IO attempted in an unexpected place? (Background on this error at: https://sqlalche.me/e/20/xd2s)"}}
  {'type': 'value_error', 'loc': ('response', 258, 'risk_level'), 'msg': "Value error, risk_level must be one of ['Low', 'Moderate', 'High']", 'input': 'MODERATE', 'ctx': {'error': ValueError("risk_level must be one of ['Low', 'Moderate', 'High']")}}
  {'type': 'get_attribute_error', 'loc': ('response', 258, 'herb'), 'msg': "Error extracting attribute: MissingGreenlet: greenlet_spawn has not been called; can't call await_only() here. Was IO attempted in an unexpected place? (Background on this error at: https://sqlalche.me/e/20/xd2s)", 'input': <app.db.models.interaction.Interaction object at 0x6fff990afb30>, 'ctx': {'error': "MissingGreenlet: greenlet_spawn has not been called; can't call await_only() here. Was IO attempted in an unexpected place? (Background on this error at: https://sqlalche.me/e/20/xd2s)"}}
  {'type': 'get_attribute_error', 'loc': ('response', 258, 'drug'), 'msg': "Error extracting attribute: MissingGreenlet: greenlet_spawn has not been called; can't call await_only() here. Was IO attempted in an unexpected place? (Background on this error at: https://sqlalche.me/e/20/xd2s)", 'input': <app.db.models.interaction.Interaction object at 0x6fff990afb30>, 'ctx': {'error': "MissingGreenlet: greenlet_spawn has not been called; can't call await_only() here. Was IO attempted in an unexpected place? (Background on this error at: https://sqlalche.me/e/20/xd2s)"}}
  {'type': 'value_error', 'loc': ('response', 259, 'risk_level'), 'msg': "Value error, risk_level must be one of ['Low', 'Moderate', 'High']", 'input': 'LOW', 'ctx': {'error': ValueError("risk_level must be one of ['Low', 'Moderate', 'High']")}}
  {'type': 'get_attribute_error', 'loc': ('response', 259, 'herb'), 'msg': "Error extracting attribute: MissingGreenlet: greenlet_spawn has not been called; can't call await_only() here. Was IO attempted in an unexpected place? (Background on this error at: https://sqlalche.me/e/20/xd2s)", 'input': <app.db.models.interaction.Interaction object at 0x6fff990afb90>, 'ctx': {'error': "MissingGreenlet: greenlet_spawn has not been called; can't call await_only() here. Was IO attempted in an unexpected place? (Background on this error at: https://sqlalche.me/e/20/xd2s)"}}
  {'type': 'get_attribute_error', 'loc': ('response', 259, 'drug'), 'msg': "Error extracting attribute: MissingGreenlet: greenlet_spawn has not been called; can't call await_only() here. Was IO attempted in an unexpected place? (Background on this error at: https://sqlalche.me/e/20/xd2s)", 'input': <app.db.models.interaction.Interaction object at 0x6fff990afb90>, 'ctx': {'error': "MissingGreenlet: greenlet_spawn has not been called; can't call await_only() here. Was IO attempted in an unexpected place? (Background on this error at: https://sqlalche.me/e/20/xd2s)"}}
  {'type': 'value_error', 'loc': ('response', 260, 'risk_level'), 'msg': "Value error, risk_level must be one of ['Low', 'Moderate', 'High']", 'input': 'MODERATE', 'ctx': {'error': ValueError("risk_level must be one of ['Low', 'Moderate', 'High']")}}
  {'type': 'get_attribute_error', 'loc': ('response', 260, 'herb'), 'msg': "Error extracting attribute: MissingGreenlet: greenlet_spawn has not been called; can't call await_only() here. Was IO attempted in an unexpected place? (Background on this error at: https://sqlalche.me/e/20/xd2s)", 'input': <app.db.models.interaction.Interaction object at 0x6fff990afbf0>, 'ctx': {'error': "MissingGreenlet: greenlet_spawn has not been called; can't call await_only() here. Was IO attempted in an unexpected place? (Background on this error at: https://sqlalche.me/e/20/xd2s)"}}
  {'type': 'get_attribute_error', 'loc': ('response', 260, 'drug'), 'msg': "Error extracting attribute: MissingGreenlet: greenlet_spawn has not been called; can't call await_only() here. Was IO attempted in an unexpected place? (Background on this error at: https://sqlalche.me/e/20/xd2s)", 'input': <app.db.models.interaction.Interaction object at 0x6fff990afbf0>, 'ctx': {'error': "MissingGreenlet: greenlet_spawn has not been called; can't call await_only() here. Was IO attempted in an unexpected place? (Background on this error at: https://sqlalche.me/e/20/xd2s)"}}
  {'type': 'value_error', 'loc': ('response', 261, 'risk_level'), 'msg': "Value error, risk_level must be one of ['Low', 'Moderate', 'High']", 'input': 'MODERATE', 'ctx': {'error': ValueError("risk_level must be one of ['Low', 'Moderate', 'High']")}}
  {'type': 'get_attribute_error', 'loc': ('response', 261, 'herb'), 'msg': "Error extracting attribute: MissingGreenlet: greenlet_spawn has not been called; can't call await_only() here. Was IO attempted in an unexpected place? (Background on this error at: https://sqlalche.me/e/20/xd2s)", 'input': <app.db.models.interaction.Interaction object at 0x6fff990afc50>, 'ctx': {'error': "MissingGreenlet: greenlet_spawn has not been called; can't call await_only() here. Was IO attempted in an unexpected place? (Background on this error at: https://sqlalche.me/e/20/xd2s)"}}
  {'type': 'get_attribute_error', 'loc': ('response', 261, 'drug'), 'msg': "Error extracting attribute: MissingGreenlet: greenlet_spawn has not been called; can't call await_only() here. Was IO attempted in an unexpected place? (Background on this error at: https://sqlalche.me/e/20/xd2s)", 'input': <app.db.models.interaction.Interaction object at 0x6fff990afc50>, 'ctx': {'error': "MissingGreenlet: greenlet_spawn has not been called; can't call await_only() here. Was IO attempted in an unexpected place? (Background on this error at: https://sqlalche.me/e/20/xd2s)"}}
  {'type': 'value_error', 'loc': ('response', 262, 'risk_level'), 'msg': "Value error, risk_level must be one of ['Low', 'Moderate', 'High']", 'input': 'MODERATE', 'ctx': {'error': ValueError("risk_level must be one of ['Low', 'Moderate', 'High']")}}
  {'type': 'get_attribute_error', 'loc': ('response', 262, 'herb'), 'msg': "Error extracting attribute: MissingGreenlet: greenlet_spawn has not been called; can't call await_only() here. Was IO attempted in an unexpected place? (Background on this error at: https://sqlalche.me/e/20/xd2s)", 'input': <app.db.models.interaction.Interaction object at 0x6fff990afcb0>, 'ctx': {'error': "MissingGreenlet: greenlet_spawn has not been called; can't call await_only() here. Was IO attempted in an unexpected place? (Background on this error at: https://sqlalche.me/e/20/xd2s)"}}
  {'type': 'get_attribute_error', 'loc': ('response', 262, 'drug'), 'msg': "Error extracting attribute: MissingGreenlet: greenlet_spawn has not been called; can't call await_only() here. Was IO attempted in an unexpected place? (Background on this error at: https://sqlalche.me/e/20/xd2s)", 'input': <app.db.models.interaction.Interaction object at 0x6fff990afcb0>, 'ctx': {'error': "MissingGreenlet: greenlet_spawn has not been called; can't call await_only() here. Was IO attempted in an unexpected place? (Background on this error at: https://sqlalche.me/e/20/xd2s)"}}
  {'type': 'value_error', 'loc': ('response', 263, 'risk_level'), 'msg': "Value error, risk_level must be one of ['Low', 'Moderate', 'High']", 'input': 'MODERATE', 'ctx': {'error': ValueError("risk_level must be one of ['Low', 'Moderate', 'High']")}}
  {'type': 'get_attribute_error', 'loc': ('response', 263, 'herb'), 'msg': "Error extracting attribute: MissingGreenlet: greenlet_spawn has not been called; can't call await_only() here. Was IO attempted in an unexpected place? (Background on this error at: https://sqlalche.me/e/20/xd2s)", 'input': <app.db.models.interaction.Interaction object at 0x6fff990afd10>, 'ctx': {'error': "MissingGreenlet: greenlet_spawn has not been called; can't call await_only() here. Was IO attempted in an unexpected place? (Background on this error at: https://sqlalche.me/e/20/xd2s)"}}
  {'type': 'get_attribute_error', 'loc': ('response', 263, 'drug'), 'msg': "Error extracting attribute: MissingGreenlet: greenlet_spawn has not been called; can't call await_only() here. Was IO attempted in an unexpected place? (Background on this error at: https://sqlalche.me/e/20/xd2s)", 'input': <app.db.models.interaction.Interaction object at 0x6fff990afd10>, 'ctx': {'error': "MissingGreenlet: greenlet_spawn has not been called; can't call await_only() here. Was IO attempted in an unexpected place? (Background on this error at: https://sqlalche.me/e/20/xd2s)"}}
  {'type': 'value_error', 'loc': ('response', 264, 'risk_level'), 'msg': "Value error, risk_level must be one of ['Low', 'Moderate', 'High']", 'input': 'MODERATE', 'ctx': {'error': ValueError("risk_level must be one of ['Low', 'Moderate', 'High']")}}
  {'type': 'get_attribute_error', 'loc': ('response', 264, 'herb'), 'msg': "Error extracting attribute: MissingGreenlet: greenlet_spawn has not been called; can't call await_only() here. Was IO attempted in an unexpected place? (Background on this error at: https://sqlalche.me/e/20/xd2s)", 'input': <app.db.models.interaction.Interaction object at 0x6fff990afd70>, 'ctx': {'error': "MissingGreenlet: greenlet_spawn has not been called; can't call await_only() here. Was IO attempted in an unexpected place? (Background on this error at: https://sqlalche.me/e/20/xd2s)"}}
  {'type': 'get_attribute_error', 'loc': ('response', 264, 'drug'), 'msg': "Error extracting attribute: MissingGreenlet: greenlet_spawn has not been called; can't call await_only() here. Was IO attempted in an unexpected place? (Background on this error at: https://sqlalche.me/e/20/xd2s)", 'input': <app.db.models.interaction.Interaction object at 0x6fff990afd70>, 'ctx': {'error': "MissingGreenlet: greenlet_spawn has not been called; can't call await_only() here. Was IO attempted in an unexpected place? (Background on this error at: https://sqlalche.me/e/20/xd2s)"}}
  {'type': 'value_error', 'loc': ('response', 265, 'risk_level'), 'msg': "Value error, risk_level must be one of ['Low', 'Moderate', 'High']", 'input': 'LOW', 'ctx': {'error': ValueError("risk_level must be one of ['Low', 'Moderate', 'High']")}}
  {'type': 'get_attribute_error', 'loc': ('response', 265, 'herb'), 'msg': "Error extracting attribute: MissingGreenlet: greenlet_spawn has not been called; can't call await_only() here. Was IO attempted in an unexpected place? (Background on this error at: https://sqlalche.me/e/20/xd2s)", 'input': <app.db.models.interaction.Interaction object at 0x6fff990afdd0>, 'ctx': {'error': "MissingGreenlet: greenlet_spawn has not been called; can't call await_only() here. Was IO attempted in an unexpected place? (Background on this error at: https://sqlalche.me/e/20/xd2s)"}}
  {'type': 'get_attribute_error', 'loc': ('response', 265, 'drug'), 'msg': "Error extracting attribute: MissingGreenlet: greenlet_spawn has not been called; can't call await_only() here. Was IO attempted in an unexpected place? (Background on this error at: https://sqlalche.me/e/20/xd2s)", 'input': <app.db.models.interaction.Interaction object at 0x6fff990afdd0>, 'ctx': {'error': "MissingGreenlet: greenlet_spawn has not been called; can't call await_only() here. Was IO attempted in an unexpected place? (Background on this error at: https://sqlalche.me/e/20/xd2s)"}}
  {'type': 'value_error', 'loc': ('response', 266, 'risk_level'), 'msg': "Value error, risk_level must be one of ['Low', 'Moderate', 'High']", 'input': 'LOW', 'ctx': {'error': ValueError("risk_level must be one of ['Low', 'Moderate', 'High']")}}
  {'type': 'get_attribute_error', 'loc': ('response', 266, 'herb'), 'msg': "Error extracting attribute: MissingGreenlet: greenlet_spawn has not been called; can't call await_only() here. Was IO attempted in an unexpected place? (Background on this error at: https://sqlalche.me/e/20/xd2s)", 'input': <app.db.models.interaction.Interaction object at 0x6fff990afe30>, 'ctx': {'error': "MissingGreenlet: greenlet_spawn has not been called; can't call await_only() here. Was IO attempted in an unexpected place? (Background on this error at: https://sqlalche.me/e/20/xd2s)"}}
  {'type': 'get_attribute_error', 'loc': ('response', 266, 'drug'), 'msg': "Error extracting attribute: MissingGreenlet: greenlet_spawn has not been called; can't call await_only() here. Was IO attempted in an unexpected place? (Background on this error at: https://sqlalche.me/e/20/xd2s)", 'input': <app.db.models.interaction.Interaction object at 0x6fff990afe30>, 'ctx': {'error': "MissingGreenlet: greenlet_spawn has not been called; can't call await_only() here. Was IO attempted in an unexpected place? (Background on this error at: https://sqlalche.me/e/20/xd2s)"}}
  {'type': 'value_error', 'loc': ('response', 267, 'risk_level'), 'msg': "Value error, risk_level must be one of ['Low', 'Moderate', 'High']", 'input': 'MODERATE', 'ctx': {'error': ValueError("risk_level must be one of ['Low', 'Moderate', 'High']")}}
  {'type': 'get_attribute_error', 'loc': ('response', 267, 'herb'), 'msg': "Error extracting attribute: MissingGreenlet: greenlet_spawn has not been called; can't call await_only() here. Was IO attempted in an unexpected place? (Background on this error at: https://sqlalche.me/e/20/xd2s)", 'input': <app.db.models.interaction.Interaction object at 0x6fff990afe90>, 'ctx': {'error': "MissingGreenlet: greenlet_spawn has not been called; can't call await_only() here. Was IO attempted in an unexpected place? (Background on this error at: https://sqlalche.me/e/20/xd2s)"}}
  {'type': 'get_attribute_error', 'loc': ('response', 267, 'drug'), 'msg': "Error extracting attribute: MissingGreenlet: greenlet_spawn has not been called; can't call await_only() here. Was IO attempted in an unexpected place? (Background on this error at: https://sqlalche.me/e/20/xd2s)", 'input': <app.db.models.interaction.Interaction object at 0x6fff990afe90>, 'ctx': {'error': "MissingGreenlet: greenlet_spawn has not been called; can't call await_only() here. Was IO attempted in an unexpected place? (Background on this error at: https://sqlalche.me/e/20/xd2s)"}}
  {'type': 'value_error', 'loc': ('response', 268, 'risk_level'), 'msg': "Value error, risk_level must be one of ['Low', 'Moderate', 'High']", 'input': 'MODERATE', 'ctx': {'error': ValueError("risk_level must be one of ['Low', 'Moderate', 'High']")}}
  {'type': 'get_attribute_error', 'loc': ('response', 268, 'herb'), 'msg': "Error extracting attribute: MissingGreenlet: greenlet_spawn has not been called; can't call await_only() here. Was IO attempted in an unexpected place? (Background on this error at: https://sqlalche.me/e/20/xd2s)", 'input': <app.db.models.interaction.Interaction object at 0x6fff990afef0>, 'ctx': {'error': "MissingGreenlet: greenlet_spawn has not been called; can't call await_only() here. Was IO attempted in an unexpected place? (Background on this error at: https://sqlalche.me/e/20/xd2s)"}}
  {'type': 'get_attribute_error', 'loc': ('response', 268, 'drug'), 'msg': "Error extracting attribute: MissingGreenlet: greenlet_spawn has not been called; can't call await_only() here. Was IO attempted in an unexpected place? (Background on this error at: https://sqlalche.me/e/20/xd2s)", 'input': <app.db.models.interaction.Interaction object at 0x6fff990afef0>, 'ctx': {'error': "MissingGreenlet: greenlet_spawn has not been called; can't call await_only() here. Was IO attempted in an unexpected place? (Background on this error at: https://sqlalche.me/e/20/xd2s)"}}
  {'type': 'value_error', 'loc': ('response', 269, 'risk_level'), 'msg': "Value error, risk_level must be one of ['Low', 'Moderate', 'High']", 'input': 'LOW', 'ctx': {'error': ValueError("risk_level must be one of ['Low', 'Moderate', 'High']")}}
  {'type': 'get_attribute_error', 'loc': ('response', 269, 'herb'), 'msg': "Error extracting attribute: MissingGreenlet: greenlet_spawn has not been called; can't call await_only() here. Was IO attempted in an unexpected place? (Background on this error at: https://sqlalche.me/e/20/xd2s)", 'input': <app.db.models.interaction.Interaction object at 0x6fff990aff50>, 'ctx': {'error': "MissingGreenlet: greenlet_spawn has not been called; can't call await_only() here. Was IO attempted in an unexpected place? (Background on this error at: https://sqlalche.me/e/20/xd2s)"}}
  {'type': 'get_attribute_error', 'loc': ('response', 269, 'drug'), 'msg': "Error extracting attribute: MissingGreenlet: greenlet_spawn has not been called; can't call await_only() here. Was IO attempted in an unexpected place? (Background on this error at: https://sqlalche.me/e/20/xd2s)", 'input': <app.db.models.interaction.Interaction object at 0x6fff990aff50>, 'ctx': {'error': "MissingGreenlet: greenlet_spawn has not been called; can't call await_only() here. Was IO attempted in an unexpected place? (Background on this error at: https://sqlalche.me/e/20/xd2s)"}}
  {'type': 'value_error', 'loc': ('response', 270, 'risk_level'), 'msg': "Value error, risk_level must be one of ['Low', 'Moderate', 'High']", 'input': 'LOW', 'ctx': {'error': ValueError("risk_level must be one of ['Low', 'Moderate', 'High']")}}
  {'type': 'get_attribute_error', 'loc': ('response', 270, 'herb'), 'msg': "Error extracting attribute: MissingGreenlet: greenlet_spawn has not been called; can't call await_only() here. Was IO attempted in an unexpected place? (Background on this error at: https://sqlalche.me/e/20/xd2s)", 'input': <app.db.models.interaction.Interaction object at 0x6fff990affb0>, 'ctx': {'error': "MissingGreenlet: greenlet_spawn has not been called; can't call await_only() here. Was IO attempted in an unexpected place? (Background on this error at: https://sqlalche.me/e/20/xd2s)"}}
  {'type': 'get_attribute_error', 'loc': ('response', 270, 'drug'), 'msg': "Error extracting attribute: MissingGreenlet: greenlet_spawn has not been called; can't call await_only() here. Was IO attempted in an unexpected place? (Background on this error at: https://sqlalche.me/e/20/xd2s)", 'input': <app.db.models.interaction.Interaction object at 0x6fff990affb0>, 'ctx': {'error': "MissingGreenlet: greenlet_spawn has not been called; can't call await_only() here. Was IO attempted in an unexpected place? (Background on this error at: https://sqlalche.me/e/20/xd2s)"}}
  {'type': 'value_error', 'loc': ('response', 271, 'risk_level'), 'msg': "Value error, risk_level must be one of ['Low', 'Moderate', 'High']", 'input': 'LOW', 'ctx': {'error': ValueError("risk_level must be one of ['Low', 'Moderate', 'High']")}}
  {'type': 'get_attribute_error', 'loc': ('response', 271, 'herb'), 'msg': "Error extracting attribute: MissingGreenlet: greenlet_spawn has not been called; can't call await_only() here. Was IO attempted in an unexpected place? (Background on this error at: https://sqlalche.me/e/20/xd2s)", 'input': <app.db.models.interaction.Interaction object at 0x6fff990d4050>, 'ctx': {'error': "MissingGreenlet: greenlet_spawn has not been called; can't call await_only() here. Was IO attempted in an unexpected place? (Background on this error at: https://sqlalche.me/e/20/xd2s)"}}
  {'type': 'get_attribute_error', 'loc': ('response', 271, 'drug'), 'msg': "Error extracting attribute: MissingGreenlet: greenlet_spawn has not been called; can't call await_only() here. Was IO attempted in an unexpected place? (Background on this error at: https://sqlalche.me/e/20/xd2s)", 'input': <app.db.models.interaction.Interaction object at 0x6fff990d4050>, 'ctx': {'error': "MissingGreenlet: greenlet_spawn has not been called; can't call await_only() here. Was IO attempted in an unexpected place? (Background on this error at: https://sqlalche.me/e/20/xd2s)"}}
  {'type': 'value_error', 'loc': ('response', 272, 'risk_level'), 'msg': "Value error, risk_level must be one of ['Low', 'Moderate', 'High']", 'input': 'MODERATE', 'ctx': {'error': ValueError("risk_level must be one of ['Low', 'Moderate', 'High']")}}
  {'type': 'get_attribute_error', 'loc': ('response', 272, 'herb'), 'msg': "Error extracting attribute: MissingGreenlet: greenlet_spawn has not been called; can't call await_only() here. Was IO attempted in an unexpected place? (Background on this error at: https://sqlalche.me/e/20/xd2s)", 'input': <app.db.models.interaction.Interaction object at 0x6fff990d40b0>, 'ctx': {'error': "MissingGreenlet: greenlet_spawn has not been called; can't call await_only() here. Was IO attempted in an unexpected place? (Background on this error at: https://sqlalche.me/e/20/xd2s)"}}
  {'type': 'get_attribute_error', 'loc': ('response', 272, 'drug'), 'msg': "Error extracting attribute: MissingGreenlet: greenlet_spawn has not been called; can't call await_only() here. Was IO attempted in an unexpected place? (Background on this error at: https://sqlalche.me/e/20/xd2s)", 'input': <app.db.models.interaction.Interaction object at 0x6fff990d40b0>, 'ctx': {'error': "MissingGreenlet: greenlet_spawn has not been called; can't call await_only() here. Was IO attempted in an unexpected place? (Background on this error at: https://sqlalche.me/e/20/xd2s)"}}
  {'type': 'value_error', 'loc': ('response', 273, 'risk_level'), 'msg': "Value error, risk_level must be one of ['Low', 'Moderate', 'High']", 'input': 'MODERATE', 'ctx': {'error': ValueError("risk_level must be one of ['Low', 'Moderate', 'High']")}}
  {'type': 'get_attribute_error', 'loc': ('response', 273, 'herb'), 'msg': "Error extracting attribute: MissingGreenlet: greenlet_spawn has not been called; can't call await_only() here. Was IO attempted in an unexpected place? (Background on this error at: https://sqlalche.me/e/20/xd2s)", 'input': <app.db.models.interaction.Interaction object at 0x6fff990d4110>, 'ctx': {'error': "MissingGreenlet: greenlet_spawn has not been called; can't call await_only() here. Was IO attempted in an unexpected place? (Background on this error at: https://sqlalche.me/e/20/xd2s)"}}
  {'type': 'get_attribute_error', 'loc': ('response', 273, 'drug'), 'msg': "Error extracting attribute: MissingGreenlet: greenlet_spawn has not been called; can't call await_only() here. Was IO attempted in an unexpected place? (Background on this error at: https://sqlalche.me/e/20/xd2s)", 'input': <app.db.models.interaction.Interaction object at 0x6fff990d4110>, 'ctx': {'error': "MissingGreenlet: greenlet_spawn has not been called; can't call await_only() here. Was IO attempted in an unexpected place? (Background on this error at: https://sqlalche.me/e/20/xd2s)"}}
  {'type': 'value_error', 'loc': ('response', 274, 'risk_level'), 'msg': "Value error, risk_level must be one of ['Low', 'Moderate', 'High']", 'input': 'MODERATE', 'ctx': {'error': ValueError("risk_level must be one of ['Low', 'Moderate', 'High']")}}
  {'type': 'get_attribute_error', 'loc': ('response', 274, 'herb'), 'msg': "Error extracting attribute: MissingGreenlet: greenlet_spawn has not been called; can't call await_only() here. Was IO attempted in an unexpected place? (Background on this error at: https://sqlalche.me/e/20/xd2s)", 'input': <app.db.models.interaction.Interaction object at 0x6fff990d4170>, 'ctx': {'error': "MissingGreenlet: greenlet_spawn has not been called; can't call await_only() here. Was IO attempted in an unexpected place? (Background on this error at: https://sqlalche.me/e/20/xd2s)"}}
  {'type': 'get_attribute_error', 'loc': ('response', 274, 'drug'), 'msg': "Error extracting attribute: MissingGreenlet: greenlet_spawn has not been called; can't call await_only() here. Was IO attempted in an unexpected place? (Background on this error at: https://sqlalche.me/e/20/xd2s)", 'input': <app.db.models.interaction.Interaction object at 0x6fff990d4170>, 'ctx': {'error': "MissingGreenlet: greenlet_spawn has not been called; can't call await_only() here. Was IO attempted in an unexpected place? (Background on this error at: https://sqlalche.me/e/20/xd2s)"}}
  {'type': 'value_error', 'loc': ('response', 275, 'risk_level'), 'msg': "Value error, risk_level must be one of ['Low', 'Moderate', 'High']", 'input': 'MODERATE', 'ctx': {'error': ValueError("risk_level must be one of ['Low', 'Moderate', 'High']")}}
  {'type': 'get_attribute_error', 'loc': ('response', 275, 'herb'), 'msg': "Error extracting attribute: MissingGreenlet: greenlet_spawn has not been called; can't call await_only() here. Was IO attempted in an unexpected place? (Background on this error at: https://sqlalche.me/e/20/xd2s)", 'input': <app.db.models.interaction.Interaction object at 0x6fff990d41d0>, 'ctx': {'error': "MissingGreenlet: greenlet_spawn has not been called; can't call await_only() here. Was IO attempted in an unexpected place? (Background on this error at: https://sqlalche.me/e/20/xd2s)"}}
  {'type': 'get_attribute_error', 'loc': ('response', 275, 'drug'), 'msg': "Error extracting attribute: MissingGreenlet: greenlet_spawn has not been called; can't call await_only() here. Was IO attempted in an unexpected place? (Background on this error at: https://sqlalche.me/e/20/xd2s)", 'input': <app.db.models.interaction.Interaction object at 0x6fff990d41d0>, 'ctx': {'error': "MissingGreenlet: greenlet_spawn has not been called; can't call await_only() here. Was IO attempted in an unexpected place? (Background on this error at: https://sqlalche.me/e/20/xd2s)"}}
  {'type': 'value_error', 'loc': ('response', 276, 'risk_level'), 'msg': "Value error, risk_level must be one of ['Low', 'Moderate', 'High']", 'input': 'MODERATE', 'ctx': {'error': ValueError("risk_level must be one of ['Low', 'Moderate', 'High']")}}
  {'type': 'get_attribute_error', 'loc': ('response', 276, 'herb'), 'msg': "Error extracting attribute: MissingGreenlet: greenlet_spawn has not been called; can't call await_only() here. Was IO attempted in an unexpected place? (Background on this error at: https://sqlalche.me/e/20/xd2s)", 'input': <app.db.models.interaction.Interaction object at 0x6fff990d4230>, 'ctx': {'error': "MissingGreenlet: greenlet_spawn has not been called; can't call await_only() here. Was IO attempted in an unexpected place? (Background on this error at: https://sqlalche.me/e/20/xd2s)"}}
  {'type': 'get_attribute_error', 'loc': ('response', 276, 'drug'), 'msg': "Error extracting attribute: MissingGreenlet: greenlet_spawn has not been called; can't call await_only() here. Was IO attempted in an unexpected place? (Background on this error at: https://sqlalche.me/e/20/xd2s)", 'input': <app.db.models.interaction.Interaction object at 0x6fff990d4230>, 'ctx': {'error': "MissingGreenlet: greenlet_spawn has not been called; can't call await_only() here. Was IO attempted in an unexpected place? (Background on this error at: https://sqlalche.me/e/20/xd2s)"}}
  {'type': 'value_error', 'loc': ('response', 277, 'risk_level'), 'msg': "Value error, risk_level must be one of ['Low', 'Moderate', 'High']", 'input': 'MODERATE', 'ctx': {'error': ValueError("risk_level must be one of ['Low', 'Moderate', 'High']")}}
  {'type': 'get_attribute_error', 'loc': ('response', 277, 'herb'), 'msg': "Error extracting attribute: MissingGreenlet: greenlet_spawn has not been called; can't call await_only() here. Was IO attempted in an unexpected place? (Background on this error at: https://sqlalche.me/e/20/xd2s)", 'input': <app.db.models.interaction.Interaction object at 0x6fff990d4290>, 'ctx': {'error': "MissingGreenlet: greenlet_spawn has not been called; can't call await_only() here. Was IO attempted in an unexpected place? (Background on this error at: https://sqlalche.me/e/20/xd2s)"}}
  {'type': 'get_attribute_error', 'loc': ('response', 277, 'drug'), 'msg': "Error extracting attribute: MissingGreenlet: greenlet_spawn has not been called; can't call await_only() here. Was IO attempted in an unexpected place? (Background on this error at: https://sqlalche.me/e/20/xd2s)", 'input': <app.db.models.interaction.Interaction object at 0x6fff990d4290>, 'ctx': {'error': "MissingGreenlet: greenlet_spawn has not been called; can't call await_only() here. Was IO attempted in an unexpected place? (Background on this error at: https://sqlalche.me/e/20/xd2s)"}}
  {'type': 'value_error', 'loc': ('response', 278, 'risk_level'), 'msg': "Value error, risk_level must be one of ['Low', 'Moderate', 'High']", 'input': 'MODERATE', 'ctx': {'error': ValueError("risk_level must be one of ['Low', 'Moderate', 'High']")}}
  {'type': 'get_attribute_error', 'loc': ('response', 278, 'herb'), 'msg': "Error extracting attribute: MissingGreenlet: greenlet_spawn has not been called; can't call await_only() here. Was IO attempted in an unexpected place? (Background on this error at: https://sqlalche.me/e/20/xd2s)", 'input': <app.db.models.interaction.Interaction object at 0x6fff990d42f0>, 'ctx': {'error': "MissingGreenlet: greenlet_spawn has not been called; can't call await_only() here. Was IO attempted in an unexpected place? (Background on this error at: https://sqlalche.me/e/20/xd2s)"}}
  {'type': 'get_attribute_error', 'loc': ('response', 278, 'drug'), 'msg': "Error extracting attribute: MissingGreenlet: greenlet_spawn has not been called; can't call await_only() here. Was IO attempted in an unexpected place? (Background on this error at: https://sqlalche.me/e/20/xd2s)", 'input': <app.db.models.interaction.Interaction object at 0x6fff990d42f0>, 'ctx': {'error': "MissingGreenlet: greenlet_spawn has not been called; can't call await_only() here. Was IO attempted in an unexpected place? (Background on this error at: https://sqlalche.me/e/20/xd2s)"}}
  {'type': 'value_error', 'loc': ('response', 279, 'risk_level'), 'msg': "Value error, risk_level must be one of ['Low', 'Moderate', 'High']", 'input': 'MODERATE', 'ctx': {'error': ValueError("risk_level must be one of ['Low', 'Moderate', 'High']")}}
  {'type': 'get_attribute_error', 'loc': ('response', 279, 'herb'), 'msg': "Error extracting attribute: MissingGreenlet: greenlet_spawn has not been called; can't call await_only() here. Was IO attempted in an unexpected place? (Background on this error at: https://sqlalche.me/e/20/xd2s)", 'input': <app.db.models.interaction.Interaction object at 0x6fff990d4350>, 'ctx': {'error': "MissingGreenlet: greenlet_spawn has not been called; can't call await_only() here. Was IO attempted in an unexpected place? (Background on this error at: https://sqlalche.me/e/20/xd2s)"}}
  {'type': 'get_attribute_error', 'loc': ('response', 279, 'drug'), 'msg': "Error extracting attribute: MissingGreenlet: greenlet_spawn has not been called; can't call await_only() here. Was IO attempted in an unexpected place? (Background on this error at: https://sqlalche.me/e/20/xd2s)", 'input': <app.db.models.interaction.Interaction object at 0x6fff990d4350>, 'ctx': {'error': "MissingGreenlet: greenlet_spawn has not been called; can't call await_only() here. Was IO attempted in an unexpected place? (Background on this error at: https://sqlalche.me/e/20/xd2s)"}}
  {'type': 'value_error', 'loc': ('response', 280, 'risk_level'), 'msg': "Value error, risk_level must be one of ['Low', 'Moderate', 'High']", 'input': 'LOW', 'ctx': {'error': ValueError("risk_level must be one of ['Low', 'Moderate', 'High']")}}
  {'type': 'get_attribute_error', 'loc': ('response', 280, 'herb'), 'msg': "Error extracting attribute: MissingGreenlet: greenlet_spawn has not been called; can't call await_only() here. Was IO attempted in an unexpected place? (Background on this error at: https://sqlalche.me/e/20/xd2s)", 'input': <app.db.models.interaction.Interaction object at 0x6fff990d43b0>, 'ctx': {'error': "MissingGreenlet: greenlet_spawn has not been called; can't call await_only() here. Was IO attempted in an unexpected place? (Background on this error at: https://sqlalche.me/e/20/xd2s)"}}
  {'type': 'get_attribute_error', 'loc': ('response', 280, 'drug'), 'msg': "Error extracting attribute: MissingGreenlet: greenlet_spawn has not been called; can't call await_only() here. Was IO attempted in an unexpected place? (Background on this error at: https://sqlalche.me/e/20/xd2s)", 'input': <app.db.models.interaction.Interaction object at 0x6fff990d43b0>, 'ctx': {'error': "MissingGreenlet: greenlet_spawn has not been called; can't call await_only() here. Was IO attempted in an unexpected place? (Background on this error at: https://sqlalche.me/e/20/xd2s)"}}
  {'type': 'value_error', 'loc': ('response', 281, 'risk_level'), 'msg': "Value error, risk_level must be one of ['Low', 'Moderate', 'High']", 'input': 'MODERATE', 'ctx': {'error': ValueError("risk_level must be one of ['Low', 'Moderate', 'High']")}}
  {'type': 'get_attribute_error', 'loc': ('response', 281, 'herb'), 'msg': "Error extracting attribute: MissingGreenlet: greenlet_spawn has not been called; can't call await_only() here. Was IO attempted in an unexpected place? (Background on this error at: https://sqlalche.me/e/20/xd2s)", 'input': <app.db.models.interaction.Interaction object at 0x6fff990d4410>, 'ctx': {'error': "MissingGreenlet: greenlet_spawn has not been called; can't call await_only() here. Was IO attempted in an unexpected place? (Background on this error at: https://sqlalche.me/e/20/xd2s)"}}
  {'type': 'get_attribute_error', 'loc': ('response', 281, 'drug'), 'msg': "Error extracting attribute: MissingGreenlet: greenlet_spawn has not been called; can't call await_only() here. Was IO attempted in an unexpected place? (Background on this error at: https://sqlalche.me/e/20/xd2s)", 'input': <app.db.models.interaction.Interaction object at 0x6fff990d4410>, 'ctx': {'error': "MissingGreenlet: greenlet_spawn has not been called; can't call await_only() here. Was IO attempted in an unexpected place? (Background on this error at: https://sqlalche.me/e/20/xd2s)"}}
  {'type': 'value_error', 'loc': ('response', 282, 'risk_level'), 'msg': "Value error, risk_level must be one of ['Low', 'Moderate', 'High']", 'input': 'MODERATE', 'ctx': {'error': ValueError("risk_level must be one of ['Low', 'Moderate', 'High']")}}
  {'type': 'get_attribute_error', 'loc': ('response', 282, 'herb'), 'msg': "Error extracting attribute: MissingGreenlet: greenlet_spawn has not been called; can't call await_only() here. Was IO attempted in an unexpected place? (Background on this error at: https://sqlalche.me/e/20/xd2s)", 'input': <app.db.models.interaction.Interaction object at 0x6fff990d4470>, 'ctx': {'error': "MissingGreenlet: greenlet_spawn has not been called; can't call await_only() here. Was IO attempted in an unexpected place? (Background on this error at: https://sqlalche.me/e/20/xd2s)"}}
  {'type': 'get_attribute_error', 'loc': ('response', 282, 'drug'), 'msg': "Error extracting attribute: MissingGreenlet: greenlet_spawn has not been called; can't call await_only() here. Was IO attempted in an unexpected place? (Background on this error at: https://sqlalche.me/e/20/xd2s)", 'input': <app.db.models.interaction.Interaction object at 0x6fff990d4470>, 'ctx': {'error': "MissingGreenlet: greenlet_spawn has not been called; can't call await_only() here. Was IO attempted in an unexpected place? (Background on this error at: https://sqlalche.me/e/20/xd2s)"}}
  {'type': 'value_error', 'loc': ('response', 283, 'risk_level'), 'msg': "Value error, risk_level must be one of ['Low', 'Moderate', 'High']", 'input': 'MODERATE', 'ctx': {'error': ValueError("risk_level must be one of ['Low', 'Moderate', 'High']")}}
  {'type': 'get_attribute_error', 'loc': ('response', 283, 'herb'), 'msg': "Error extracting attribute: MissingGreenlet: greenlet_spawn has not been called; can't call await_only() here. Was IO attempted in an unexpected place? (Background on this error at: https://sqlalche.me/e/20/xd2s)", 'input': <app.db.models.interaction.Interaction object at 0x6fff990d44d0>, 'ctx': {'error': "MissingGreenlet: greenlet_spawn has not been called; can't call await_only() here. Was IO attempted in an unexpected place? (Background on this error at: https://sqlalche.me/e/20/xd2s)"}}
  {'type': 'get_attribute_error', 'loc': ('response', 283, 'drug'), 'msg': "Error extracting attribute: MissingGreenlet: greenlet_spawn has not been called; can't call await_only() here. Was IO attempted in an unexpected place? (Background on this error at: https://sqlalche.me/e/20/xd2s)", 'input': <app.db.models.interaction.Interaction object at 0x6fff990d44d0>, 'ctx': {'error': "MissingGreenlet: greenlet_spawn has not been called; can't call await_only() here. Was IO attempted in an unexpected place? (Background on this error at: https://sqlalche.me/e/20/xd2s)"}}
  {'type': 'value_error', 'loc': ('response', 284, 'risk_level'), 'msg': "Value error, risk_level must be one of ['Low', 'Moderate', 'High']", 'input': 'MODERATE', 'ctx': {'error': ValueError("risk_level must be one of ['Low', 'Moderate', 'High']")}}
  {'type': 'get_attribute_error', 'loc': ('response', 284, 'herb'), 'msg': "Error extracting attribute: MissingGreenlet: greenlet_spawn has not been called; can't call await_only() here. Was IO attempted in an unexpected place? (Background on this error at: https://sqlalche.me/e/20/xd2s)", 'input': <app.db.models.interaction.Interaction object at 0x6fff990d4530>, 'ctx': {'error': "MissingGreenlet: greenlet_spawn has not been called; can't call await_only() here. Was IO attempted in an unexpected place? (Background on this error at: https://sqlalche.me/e/20/xd2s)"}}
  {'type': 'get_attribute_error', 'loc': ('response', 284, 'drug'), 'msg': "Error extracting attribute: MissingGreenlet: greenlet_spawn has not been called; can't call await_only() here. Was IO attempted in an unexpected place? (Background on this error at: https://sqlalche.me/e/20/xd2s)", 'input': <app.db.models.interaction.Interaction object at 0x6fff990d4530>, 'ctx': {'error': "MissingGreenlet: greenlet_spawn has not been called; can't call await_only() here. Was IO attempted in an unexpected place? (Background on this error at: https://sqlalche.me/e/20/xd2s)"}}
  {'type': 'value_error', 'loc': ('response', 285, 'risk_level'), 'msg': "Value error, risk_level must be one of ['Low', 'Moderate', 'High']", 'input': 'MODERATE', 'ctx': {'error': ValueError("risk_level must be one of ['Low', 'Moderate', 'High']")}}
  {'type': 'get_attribute_error', 'loc': ('response', 285, 'herb'), 'msg': "Error extracting attribute: MissingGreenlet: greenlet_spawn has not been called; can't call await_only() here. Was IO attempted in an unexpected place? (Background on this error at: https://sqlalche.me/e/20/xd2s)", 'input': <app.db.models.interaction.Interaction object at 0x6fff990d4590>, 'ctx': {'error': "MissingGreenlet: greenlet_spawn has not been called; can't call await_only() here. Was IO attempted in an unexpected place? (Background on this error at: https://sqlalche.me/e/20/xd2s)"}}
  {'type': 'get_attribute_error', 'loc': ('response', 285, 'drug'), 'msg': "Error extracting attribute: MissingGreenlet: greenlet_spawn has not been called; can't call await_only() here. Was IO attempted in an unexpected place? (Background on this error at: https://sqlalche.me/e/20/xd2s)", 'input': <app.db.models.interaction.Interaction object at 0x6fff990d4590>, 'ctx': {'error': "MissingGreenlet: greenlet_spawn has not been called; can't call await_only() here. Was IO attempted in an unexpected place? (Background on this error at: https://sqlalche.me/e/20/xd2s)"}}
  {'type': 'value_error', 'loc': ('response', 286, 'risk_level'), 'msg': "Value error, risk_level must be one of ['Low', 'Moderate', 'High']", 'input': 'HIGH', 'ctx': {'error': ValueError("risk_level must be one of ['Low', 'Moderate', 'High']")}}
  {'type': 'get_attribute_error', 'loc': ('response', 286, 'herb'), 'msg': "Error extracting attribute: MissingGreenlet: greenlet_spawn has not been called; can't call await_only() here. Was IO attempted in an unexpected place? (Background on this error at: https://sqlalche.me/e/20/xd2s)", 'input': <app.db.models.interaction.Interaction object at 0x6fff990d45f0>, 'ctx': {'error': "MissingGreenlet: greenlet_spawn has not been called; can't call await_only() here. Was IO attempted in an unexpected place? (Background on this error at: https://sqlalche.me/e/20/xd2s)"}}
  {'type': 'get_attribute_error', 'loc': ('response', 286, 'drug'), 'msg': "Error extracting attribute: MissingGreenlet: greenlet_spawn has not been called; can't call await_only() here. Was IO attempted in an unexpected place? (Background on this error at: https://sqlalche.me/e/20/xd2s)", 'input': <app.db.models.interaction.Interaction object at 0x6fff990d45f0>, 'ctx': {'error': "MissingGreenlet: greenlet_spawn has not been called; can't call await_only() here. Was IO attempted in an unexpected place? (Background on this error at: https://sqlalche.me/e/20/xd2s)"}}
  {'type': 'value_error', 'loc': ('response', 287, 'risk_level'), 'msg': "Value error, risk_level must be one of ['Low', 'Moderate', 'High']", 'input': 'LOW', 'ctx': {'error': ValueError("risk_level must be one of ['Low', 'Moderate', 'High']")}}
  {'type': 'get_attribute_error', 'loc': ('response', 287, 'herb'), 'msg': "Error extracting attribute: MissingGreenlet: greenlet_spawn has not been called; can't call await_only() here. Was IO attempted in an unexpected place? (Background on this error at: https://sqlalche.me/e/20/xd2s)", 'input': <app.db.models.interaction.Interaction object at 0x6fff990d4650>, 'ctx': {'error': "MissingGreenlet: greenlet_spawn has not been called; can't call await_only() here. Was IO attempted in an unexpected place? (Background on this error at: https://sqlalche.me/e/20/xd2s)"}}
  {'type': 'get_attribute_error', 'loc': ('response', 287, 'drug'), 'msg': "Error extracting attribute: MissingGreenlet: greenlet_spawn has not been called; can't call await_only() here. Was IO attempted in an unexpected place? (Background on this error at: https://sqlalche.me/e/20/xd2s)", 'input': <app.db.models.interaction.Interaction object at 0x6fff990d4650>, 'ctx': {'error': "MissingGreenlet: greenlet_spawn has not been called; can't call await_only() here. Was IO attempted in an unexpected place? (Background on this error at: https://sqlalche.me/e/20/xd2s)"}}
  {'type': 'value_error', 'loc': ('response', 288, 'risk_level'), 'msg': "Value error, risk_level must be one of ['Low', 'Moderate', 'High']", 'input': 'MODERATE', 'ctx': {'error': ValueError("risk_level must be one of ['Low', 'Moderate', 'High']")}}
  {'type': 'get_attribute_error', 'loc': ('response', 288, 'herb'), 'msg': "Error extracting attribute: MissingGreenlet: greenlet_spawn has not been called; can't call await_only() here. Was IO attempted in an unexpected place? (Background on this error at: https://sqlalche.me/e/20/xd2s)", 'input': <app.db.models.interaction.Interaction object at 0x6fff990d46b0>, 'ctx': {'error': "MissingGreenlet: greenlet_spawn has not been called; can't call await_only() here. Was IO attempted in an unexpected place? (Background on this error at: https://sqlalche.me/e/20/xd2s)"}}
  {'type': 'get_attribute_error', 'loc': ('response', 288, 'drug'), 'msg': "Error extracting attribute: MissingGreenlet: greenlet_spawn has not been called; can't call await_only() here. Was IO attempted in an unexpected place? (Background on this error at: https://sqlalche.me/e/20/xd2s)", 'input': <app.db.models.interaction.Interaction object at 0x6fff990d46b0>, 'ctx': {'error': "MissingGreenlet: greenlet_spawn has not been called; can't call await_only() here. Was IO attempted in an unexpected place? (Background on this error at: https://sqlalche.me/e/20/xd2s)"}}
  {'type': 'value_error', 'loc': ('response', 289, 'risk_level'), 'msg': "Value error, risk_level must be one of ['Low', 'Moderate', 'High']", 'input': 'MODERATE', 'ctx': {'error': ValueError("risk_level must be one of ['Low', 'Moderate', 'High']")}}
  {'type': 'get_attribute_error', 'loc': ('response', 289, 'herb'), 'msg': "Error extracting attribute: MissingGreenlet: greenlet_spawn has not been called; can't call await_only() here. Was IO attempted in an unexpected place? (Background on this error at: https://sqlalche.me/e/20/xd2s)", 'input': <app.db.models.interaction.Interaction object at 0x6fff990d4710>, 'ctx': {'error': "MissingGreenlet: greenlet_spawn has not been called; can't call await_only() here. Was IO attempted in an unexpected place? (Background on this error at: https://sqlalche.me/e/20/xd2s)"}}
  {'type': 'get_attribute_error', 'loc': ('response', 289, 'drug'), 'msg': "Error extracting attribute: MissingGreenlet: greenlet_spawn has not been called; can't call await_only() here. Was IO attempted in an unexpected place? (Background on this error at: https://sqlalche.me/e/20/xd2s)", 'input': <app.db.models.interaction.Interaction object at 0x6fff990d4710>, 'ctx': {'error': "MissingGreenlet: greenlet_spawn has not been called; can't call await_only() here. Was IO attempted in an unexpected place? (Background on this error at: https://sqlalche.me/e/20/xd2s)"}}
  {'type': 'value_error', 'loc': ('response', 290, 'risk_level'), 'msg': "Value error, risk_level must be one of ['Low', 'Moderate', 'High']", 'input': 'LOW', 'ctx': {'error': ValueError("risk_level must be one of ['Low', 'Moderate', 'High']")}}
  {'type': 'get_attribute_error', 'loc': ('response', 290, 'herb'), 'msg': "Error extracting attribute: MissingGreenlet: greenlet_spawn has not been called; can't call await_only() here. Was IO attempted in an unexpected place? (Background on this error at: https://sqlalche.me/e/20/xd2s)", 'input': <app.db.models.interaction.Interaction object at 0x6fff990d4770>, 'ctx': {'error': "MissingGreenlet: greenlet_spawn has not been called; can't call await_only() here. Was IO attempted in an unexpected place? (Background on this error at: https://sqlalche.me/e/20/xd2s)"}}
  {'type': 'get_attribute_error', 'loc': ('response', 290, 'drug'), 'msg': "Error extracting attribute: MissingGreenlet: greenlet_spawn has not been called; can't call await_only() here. Was IO attempted in an unexpected place? (Background on this error at: https://sqlalche.me/e/20/xd2s)", 'input': <app.db.models.interaction.Interaction object at 0x6fff990d4770>, 'ctx': {'error': "MissingGreenlet: greenlet_spawn has not been called; can't call await_only() here. Was IO attempted in an unexpected place? (Background on this error at: https://sqlalche.me/e/20/xd2s)"}}
  {'type': 'value_error', 'loc': ('response', 291, 'risk_level'), 'msg': "Value error, risk_level must be one of ['Low', 'Moderate', 'High']", 'input': 'LOW', 'ctx': {'error': ValueError("risk_level must be one of ['Low', 'Moderate', 'High']")}}
  {'type': 'get_attribute_error', 'loc': ('response', 291, 'herb'), 'msg': "Error extracting attribute: MissingGreenlet: greenlet_spawn has not been called; can't call await_only() here. Was IO attempted in an unexpected place? (Background on this error at: https://sqlalche.me/e/20/xd2s)", 'input': <app.db.models.interaction.Interaction object at 0x6fff990d47d0>, 'ctx': {'error': "MissingGreenlet: greenlet_spawn has not been called; can't call await_only() here. Was IO attempted in an unexpected place? (Background on this error at: https://sqlalche.me/e/20/xd2s)"}}
  {'type': 'get_attribute_error', 'loc': ('response', 291, 'drug'), 'msg': "Error extracting attribute: MissingGreenlet: greenlet_spawn has not been called; can't call await_only() here. Was IO attempted in an unexpected place? (Background on this error at: https://sqlalche.me/e/20/xd2s)", 'input': <app.db.models.interaction.Interaction object at 0x6fff990d47d0>, 'ctx': {'error': "MissingGreenlet: greenlet_spawn has not been called; can't call await_only() here. Was IO attempted in an unexpected place? (Background on this error at: https://sqlalche.me/e/20/xd2s)"}}
  {'type': 'value_error', 'loc': ('response', 292, 'risk_level'), 'msg': "Value error, risk_level must be one of ['Low', 'Moderate', 'High']", 'input': 'LOW', 'ctx': {'error': ValueError("risk_level must be one of ['Low', 'Moderate', 'High']")}}
  {'type': 'get_attribute_error', 'loc': ('response', 292, 'herb'), 'msg': "Error extracting attribute: MissingGreenlet: greenlet_spawn has not been called; can't call await_only() here. Was IO attempted in an unexpected place? (Background on this error at: https://sqlalche.me/e/20/xd2s)", 'input': <app.db.models.interaction.Interaction object at 0x6fff990d4830>, 'ctx': {'error': "MissingGreenlet: greenlet_spawn has not been called; can't call await_only() here. Was IO attempted in an unexpected place? (Background on this error at: https://sqlalche.me/e/20/xd2s)"}}
  {'type': 'get_attribute_error', 'loc': ('response', 292, 'drug'), 'msg': "Error extracting attribute: MissingGreenlet: greenlet_spawn has not been called; can't call await_only() here. Was IO attempted in an unexpected place? (Background on this error at: https://sqlalche.me/e/20/xd2s)", 'input': <app.db.models.interaction.Interaction object at 0x6fff990d4830>, 'ctx': {'error': "MissingGreenlet: greenlet_spawn has not been called; can't call await_only() here. Was IO attempted in an unexpected place? (Background on this error at: https://sqlalche.me/e/20/xd2s)"}}
  {'type': 'value_error', 'loc': ('response', 293, 'risk_level'), 'msg': "Value error, risk_level must be one of ['Low', 'Moderate', 'High']", 'input': 'MODERATE', 'ctx': {'error': ValueError("risk_level must be one of ['Low', 'Moderate', 'High']")}}
  {'type': 'get_attribute_error', 'loc': ('response', 293, 'herb'), 'msg': "Error extracting attribute: MissingGreenlet: greenlet_spawn has not been called; can't call await_only() here. Was IO attempted in an unexpected place? (Background on this error at: https://sqlalche.me/e/20/xd2s)", 'input': <app.db.models.interaction.Interaction object at 0x6fff990d4890>, 'ctx': {'error': "MissingGreenlet: greenlet_spawn has not been called; can't call await_only() here. Was IO attempted in an unexpected place? (Background on this error at: https://sqlalche.me/e/20/xd2s)"}}
  {'type': 'get_attribute_error', 'loc': ('response', 293, 'drug'), 'msg': "Error extracting attribute: MissingGreenlet: greenlet_spawn has not been called; can't call await_only() here. Was IO attempted in an unexpected place? (Background on this error at: https://sqlalche.me/e/20/xd2s)", 'input': <app.db.models.interaction.Interaction object at 0x6fff990d4890>, 'ctx': {'error': "MissingGreenlet: greenlet_spawn has not been called; can't call await_only() here. Was IO attempted in an unexpected place? (Background on this error at: https://sqlalche.me/e/20/xd2s)"}}
  {'type': 'value_error', 'loc': ('response', 294, 'risk_level'), 'msg': "Value error, risk_level must be one of ['Low', 'Moderate', 'High']", 'input': 'MODERATE', 'ctx': {'error': ValueError("risk_level must be one of ['Low', 'Moderate', 'High']")}}
  {'type': 'get_attribute_error', 'loc': ('response', 294, 'herb'), 'msg': "Error extracting attribute: MissingGreenlet: greenlet_spawn has not been called; can't call await_only() here. Was IO attempted in an unexpected place? (Background on this error at: https://sqlalche.me/e/20/xd2s)", 'input': <app.db.models.interaction.Interaction object at 0x6fff990d48f0>, 'ctx': {'error': "MissingGreenlet: greenlet_spawn has not been called; can't call await_only() here. Was IO attempted in an unexpected place? (Background on this error at: https://sqlalche.me/e/20/xd2s)"}}
  {'type': 'get_attribute_error', 'loc': ('response', 294, 'drug'), 'msg': "Error extracting attribute: MissingGreenlet: greenlet_spawn has not been called; can't call await_only() here. Was IO attempted in an unexpected place? (Background on this error at: https://sqlalche.me/e/20/xd2s)", 'input': <app.db.models.interaction.Interaction object at 0x6fff990d48f0>, 'ctx': {'error': "MissingGreenlet: greenlet_spawn has not been called; can't call await_only() here. Was IO attempted in an unexpected place? (Background on this error at: https://sqlalche.me/e/20/xd2s)"}}
  {'type': 'value_error', 'loc': ('response', 295, 'risk_level'), 'msg': "Value error, risk_level must be one of ['Low', 'Moderate', 'High']", 'input': 'MODERATE', 'ctx': {'error': ValueError("risk_level must be one of ['Low', 'Moderate', 'High']")}}
  {'type': 'get_attribute_error', 'loc': ('response', 295, 'herb'), 'msg': "Error extracting attribute: MissingGreenlet: greenlet_spawn has not been called; can't call await_only() here. Was IO attempted in an unexpected place? (Background on this error at: https://sqlalche.me/e/20/xd2s)", 'input': <app.db.models.interaction.Interaction object at 0x6fff990d4950>, 'ctx': {'error': "MissingGreenlet: greenlet_spawn has not been called; can't call await_only() here. Was IO attempted in an unexpected place? (Background on this error at: https://sqlalche.me/e/20/xd2s)"}}
  {'type': 'get_attribute_error', 'loc': ('response', 295, 'drug'), 'msg': "Error extracting attribute: MissingGreenlet: greenlet_spawn has not been called; can't call await_only() here. Was IO attempted in an unexpected place? (Background on this error at: https://sqlalche.me/e/20/xd2s)", 'input': <app.db.models.interaction.Interaction object at 0x6fff990d4950>, 'ctx': {'error': "MissingGreenlet: greenlet_spawn has not been called; can't call await_only() here. Was IO attempted in an unexpected place? (Background on this error at: https://sqlalche.me/e/20/xd2s)"}}
  {'type': 'value_error', 'loc': ('response', 296, 'risk_level'), 'msg': "Value error, risk_level must be one of ['Low', 'Moderate', 'High']", 'input': 'MODERATE', 'ctx': {'error': ValueError("risk_level must be one of ['Low', 'Moderate', 'High']")}}
  {'type': 'get_attribute_error', 'loc': ('response', 296, 'herb'), 'msg': "Error extracting attribute: MissingGreenlet: greenlet_spawn has not been called; can't call await_only() here. Was IO attempted in an unexpected place? (Background on this error at: https://sqlalche.me/e/20/xd2s)", 'input': <app.db.models.interaction.Interaction object at 0x6fff990d49b0>, 'ctx': {'error': "MissingGreenlet: greenlet_spawn has not been called; can't call await_only() here. Was IO attempted in an unexpected place? (Background on this error at: https://sqlalche.me/e/20/xd2s)"}}
  {'type': 'get_attribute_error', 'loc': ('response', 296, 'drug'), 'msg': "Error extracting attribute: MissingGreenlet: greenlet_spawn has not been called; can't call await_only() here. Was IO attempted in an unexpected place? (Background on this error at: https://sqlalche.me/e/20/xd2s)", 'input': <app.db.models.interaction.Interaction object at 0x6fff990d49b0>, 'ctx': {'error': "MissingGreenlet: greenlet_spawn has not been called; can't call await_only() here. Was IO attempted in an unexpected place? (Background on this error at: https://sqlalche.me/e/20/xd2s)"}}
  {'type': 'value_error', 'loc': ('response', 297, 'risk_level'), 'msg': "Value error, risk_level must be one of ['Low', 'Moderate', 'High']", 'input': 'MODERATE', 'ctx': {'error': ValueError("risk_level must be one of ['Low', 'Moderate', 'High']")}}
  {'type': 'get_attribute_error', 'loc': ('response', 297, 'herb'), 'msg': "Error extracting attribute: MissingGreenlet: greenlet_spawn has not been called; can't call await_only() here. Was IO attempted in an unexpected place? (Background on this error at: https://sqlalche.me/e/20/xd2s)", 'input': <app.db.models.interaction.Interaction object at 0x6fff990d4a10>, 'ctx': {'error': "MissingGreenlet: greenlet_spawn has not been called; can't call await_only() here. Was IO attempted in an unexpected place? (Background on this error at: https://sqlalche.me/e/20/xd2s)"}}
  {'type': 'get_attribute_error', 'loc': ('response', 297, 'drug'), 'msg': "Error extracting attribute: MissingGreenlet: greenlet_spawn has not been called; can't call await_only() here. Was IO attempted in an unexpected place? (Background on this error at: https://sqlalche.me/e/20/xd2s)", 'input': <app.db.models.interaction.Interaction object at 0x6fff990d4a10>, 'ctx': {'error': "MissingGreenlet: greenlet_spawn has not been called; can't call await_only() here. Was IO attempted in an unexpected place? (Background on this error at: https://sqlalche.me/e/20/xd2s)"}}
  {'type': 'value_error', 'loc': ('response', 298, 'risk_level'), 'msg': "Value error, risk_level must be one of ['Low', 'Moderate', 'High']", 'input': 'MODERATE', 'ctx': {'error': ValueError("risk_level must be one of ['Low', 'Moderate', 'High']")}}
  {'type': 'get_attribute_error', 'loc': ('response', 298, 'herb'), 'msg': "Error extracting attribute: MissingGreenlet: greenlet_spawn has not been called; can't call await_only() here. Was IO attempted in an unexpected place? (Background on this error at: https://sqlalche.me/e/20/xd2s)", 'input': <app.db.models.interaction.Interaction object at 0x6fff990d4a70>, 'ctx': {'error': "MissingGreenlet: greenlet_spawn has not been called; can't call await_only() here. Was IO attempted in an unexpected place? (Background on this error at: https://sqlalche.me/e/20/xd2s)"}}
  {'type': 'get_attribute_error', 'loc': ('response', 298, 'drug'), 'msg': "Error extracting attribute: MissingGreenlet: greenlet_spawn has not been called; can't call await_only() here. Was IO attempted in an unexpected place? (Background on this error at: https://sqlalche.me/e/20/xd2s)", 'input': <app.db.models.interaction.Interaction object at 0x6fff990d4a70>, 'ctx': {'error': "MissingGreenlet: greenlet_spawn has not been called; can't call await_only() here. Was IO attempted in an unexpected place? (Background on this error at: https://sqlalche.me/e/20/xd2s)"}}
  {'type': 'value_error', 'loc': ('response', 299, 'risk_level'), 'msg': "Value error, risk_level must be one of ['Low', 'Moderate', 'High']", 'input': 'MODERATE', 'ctx': {'error': ValueError("risk_level must be one of ['Low', 'Moderate', 'High']")}}
  {'type': 'get_attribute_error', 'loc': ('response', 299, 'herb'), 'msg': "Error extracting attribute: MissingGreenlet: greenlet_spawn has not been called; can't call await_only() here. Was IO attempted in an unexpected place? (Background on this error at: https://sqlalche.me/e/20/xd2s)", 'input': <app.db.models.interaction.Interaction object at 0x6fff990d4ad0>, 'ctx': {'error': "MissingGreenlet: greenlet_spawn has not been called; can't call await_only() here. Was IO attempted in an unexpected place? (Background on this error at: https://sqlalche.me/e/20/xd2s)"}}
  {'type': 'get_attribute_error', 'loc': ('response', 299, 'drug'), 'msg': "Error extracting attribute: MissingGreenlet: greenlet_spawn has not been called; can't call await_only() here. Was IO attempted in an unexpected place? (Background on this error at: https://sqlalche.me/e/20/xd2s)", 'input': <app.db.models.interaction.Interaction object at 0x6fff990d4ad0>, 'ctx': {'error': "MissingGreenlet: greenlet_spawn has not been called; can't call await_only() here. Was IO attempted in an unexpected place? (Background on this error at: https://sqlalche.me/e/20/xd2s)"}}
  {'type': 'value_error', 'loc': ('response', 300, 'risk_level'), 'msg': "Value error, risk_level must be one of ['Low', 'Moderate', 'High']", 'input': 'MODERATE', 'ctx': {'error': ValueError("risk_level must be one of ['Low', 'Moderate', 'High']")}}
  {'type': 'get_attribute_error', 'loc': ('response', 300, 'herb'), 'msg': "Error extracting attribute: MissingGreenlet: greenlet_spawn has not been called; can't call await_only() here. Was IO attempted in an unexpected place? (Background on this error at: https://sqlalche.me/e/20/xd2s)", 'input': <app.db.models.interaction.Interaction object at 0x6fff990d4b30>, 'ctx': {'error': "MissingGreenlet: greenlet_spawn has not been called; can't call await_only() here. Was IO attempted in an unexpected place? (Background on this error at: https://sqlalche.me/e/20/xd2s)"}}
  {'type': 'get_attribute_error', 'loc': ('response', 300, 'drug'), 'msg': "Error extracting attribute: MissingGreenlet: greenlet_spawn has not been called; can't call await_only() here. Was IO attempted in an unexpected place? (Background on this error at: https://sqlalche.me/e/20/xd2s)", 'input': <app.db.models.interaction.Interaction object at 0x6fff990d4b30>, 'ctx': {'error': "MissingGreenlet: greenlet_spawn has not been called; can't call await_only() here. Was IO attempted in an unexpected place? (Background on this error at: https://sqlalche.me/e/20/xd2s)"}}
  {'type': 'value_error', 'loc': ('response', 301, 'risk_level'), 'msg': "Value error, risk_level must be one of ['Low', 'Moderate', 'High']", 'input': 'LOW', 'ctx': {'error': ValueError("risk_level must be one of ['Low', 'Moderate', 'High']")}}
  {'type': 'get_attribute_error', 'loc': ('response', 301, 'herb'), 'msg': "Error extracting attribute: MissingGreenlet: greenlet_spawn has not been called; can't call await_only() here. Was IO attempted in an unexpected place? (Background on this error at: https://sqlalche.me/e/20/xd2s)", 'input': <app.db.models.interaction.Interaction object at 0x6fff990d4b90>, 'ctx': {'error': "MissingGreenlet: greenlet_spawn has not been called; can't call await_only() here. Was IO attempted in an unexpected place? (Background on this error at: https://sqlalche.me/e/20/xd2s)"}}
  {'type': 'get_attribute_error', 'loc': ('response', 301, 'drug'), 'msg': "Error extracting attribute: MissingGreenlet: greenlet_spawn has not been called; can't call await_only() here. Was IO attempted in an unexpected place? (Background on this error at: https://sqlalche.me/e/20/xd2s)", 'input': <app.db.models.interaction.Interaction object at 0x6fff990d4b90>, 'ctx': {'error': "MissingGreenlet: greenlet_spawn has not been called; can't call await_only() here. Was IO attempted in an unexpected place? (Background on this error at: https://sqlalche.me/e/20/xd2s)"}}
  {'type': 'value_error', 'loc': ('response', 302, 'risk_level'), 'msg': "Value error, risk_level must be one of ['Low', 'Moderate', 'High']", 'input': 'MODERATE', 'ctx': {'error': ValueError("risk_level must be one of ['Low', 'Moderate', 'High']")}}
  {'type': 'get_attribute_error', 'loc': ('response', 302, 'herb'), 'msg': "Error extracting attribute: MissingGreenlet: greenlet_spawn has not been called; can't call await_only() here. Was IO attempted in an unexpected place? (Background on this error at: https://sqlalche.me/e/20/xd2s)", 'input': <app.db.models.interaction.Interaction object at 0x6fff990d4bf0>, 'ctx': {'error': "MissingGreenlet: greenlet_spawn has not been called; can't call await_only() here. Was IO attempted in an unexpected place? (Background on this error at: https://sqlalche.me/e/20/xd2s)"}}
  {'type': 'get_attribute_error', 'loc': ('response', 302, 'drug'), 'msg': "Error extracting attribute: MissingGreenlet: greenlet_spawn has not been called; can't call await_only() here. Was IO attempted in an unexpected place? (Background on this error at: https://sqlalche.me/e/20/xd2s)", 'input': <app.db.models.interaction.Interaction object at 0x6fff990d4bf0>, 'ctx': {'error': "MissingGreenlet: greenlet_spawn has not been called; can't call await_only() here. Was IO attempted in an unexpected place? (Background on this error at: https://sqlalche.me/e/20/xd2s)"}}
  {'type': 'value_error', 'loc': ('response', 303, 'risk_level'), 'msg': "Value error, risk_level must be one of ['Low', 'Moderate', 'High']", 'input': 'MODERATE', 'ctx': {'error': ValueError("risk_level must be one of ['Low', 'Moderate', 'High']")}}
  {'type': 'get_attribute_error', 'loc': ('response', 303, 'herb'), 'msg': "Error extracting attribute: MissingGreenlet: greenlet_spawn has not been called; can't call await_only() here. Was IO attempted in an unexpected place? (Background on this error at: https://sqlalche.me/e/20/xd2s)", 'input': <app.db.models.interaction.Interaction object at 0x6fff990d4c50>, 'ctx': {'error': "MissingGreenlet: greenlet_spawn has not been called; can't call await_only() here. Was IO attempted in an unexpected place? (Background on this error at: https://sqlalche.me/e/20/xd2s)"}}
  {'type': 'get_attribute_error', 'loc': ('response', 303, 'drug'), 'msg': "Error extracting attribute: MissingGreenlet: greenlet_spawn has not been called; can't call await_only() here. Was IO attempted in an unexpected place? (Background on this error at: https://sqlalche.me/e/20/xd2s)", 'input': <app.db.models.interaction.Interaction object at 0x6fff990d4c50>, 'ctx': {'error': "MissingGreenlet: greenlet_spawn has not been called; can't call await_only() here. Was IO attempted in an unexpected place? (Background on this error at: https://sqlalche.me/e/20/xd2s)"}}
  {'type': 'value_error', 'loc': ('response', 304, 'risk_level'), 'msg': "Value error, risk_level must be one of ['Low', 'Moderate', 'High']", 'input': 'MODERATE', 'ctx': {'error': ValueError("risk_level must be one of ['Low', 'Moderate', 'High']")}}
  {'type': 'get_attribute_error', 'loc': ('response', 304, 'herb'), 'msg': "Error extracting attribute: MissingGreenlet: greenlet_spawn has not been called; can't call await_only() here. Was IO attempted in an unexpected place? (Background on this error at: https://sqlalche.me/e/20/xd2s)", 'input': <app.db.models.interaction.Interaction object at 0x6fff990d4cb0>, 'ctx': {'error': "MissingGreenlet: greenlet_spawn has not been called; can't call await_only() here. Was IO attempted in an unexpected place? (Background on this error at: https://sqlalche.me/e/20/xd2s)"}}
  {'type': 'get_attribute_error', 'loc': ('response', 304, 'drug'), 'msg': "Error extracting attribute: MissingGreenlet: greenlet_spawn has not been called; can't call await_only() here. Was IO attempted in an unexpected place? (Background on this error at: https://sqlalche.me/e/20/xd2s)", 'input': <app.db.models.interaction.Interaction object at 0x6fff990d4cb0>, 'ctx': {'error': "MissingGreenlet: greenlet_spawn has not been called; can't call await_only() here. Was IO attempted in an unexpected place? (Background on this error at: https://sqlalche.me/e/20/xd2s)"}}
  {'type': 'value_error', 'loc': ('response', 305, 'risk_level'), 'msg': "Value error, risk_level must be one of ['Low', 'Moderate', 'High']", 'input': 'MODERATE', 'ctx': {'error': ValueError("risk_level must be one of ['Low', 'Moderate', 'High']")}}
  {'type': 'get_attribute_error', 'loc': ('response', 305, 'herb'), 'msg': "Error extracting attribute: MissingGreenlet: greenlet_spawn has not been called; can't call await_only() here. Was IO attempted in an unexpected place? (Background on this error at: https://sqlalche.me/e/20/xd2s)", 'input': <app.db.models.interaction.Interaction object at 0x6fff990d4d10>, 'ctx': {'error': "MissingGreenlet: greenlet_spawn has not been called; can't call await_only() here. Was IO attempted in an unexpected place? (Background on this error at: https://sqlalche.me/e/20/xd2s)"}}
  {'type': 'get_attribute_error', 'loc': ('response', 305, 'drug'), 'msg': "Error extracting attribute: MissingGreenlet: greenlet_spawn has not been called; can't call await_only() here. Was IO attempted in an unexpected place? (Background on this error at: https://sqlalche.me/e/20/xd2s)", 'input': <app.db.models.interaction.Interaction object at 0x6fff990d4d10>, 'ctx': {'error': "MissingGreenlet: greenlet_spawn has not been called; can't call await_only() here. Was IO attempted in an unexpected place? (Background on this error at: https://sqlalche.me/e/20/xd2s)"}}
  {'type': 'value_error', 'loc': ('response', 306, 'risk_level'), 'msg': "Value error, risk_level must be one of ['Low', 'Moderate', 'High']", 'input': 'MODERATE', 'ctx': {'error': ValueError("risk_level must be one of ['Low', 'Moderate', 'High']")}}
  {'type': 'get_attribute_error', 'loc': ('response', 306, 'herb'), 'msg': "Error extracting attribute: MissingGreenlet: greenlet_spawn has not been called; can't call await_only() here. Was IO attempted in an unexpected place? (Background on this error at: https://sqlalche.me/e/20/xd2s)", 'input': <app.db.models.interaction.Interaction object at 0x6fff990d4d70>, 'ctx': {'error': "MissingGreenlet: greenlet_spawn has not been called; can't call await_only() here. Was IO attempted in an unexpected place? (Background on this error at: https://sqlalche.me/e/20/xd2s)"}}
  {'type': 'get_attribute_error', 'loc': ('response', 306, 'drug'), 'msg': "Error extracting attribute: MissingGreenlet: greenlet_spawn has not been called; can't call await_only() here. Was IO attempted in an unexpected place? (Background on this error at: https://sqlalche.me/e/20/xd2s)", 'input': <app.db.models.interaction.Interaction object at 0x6fff990d4d70>, 'ctx': {'error': "MissingGreenlet: greenlet_spawn has not been called; can't call await_only() here. Was IO attempted in an unexpected place? (Background on this error at: https://sqlalche.me/e/20/xd2s)"}}
  {'type': 'value_error', 'loc': ('response', 307, 'risk_level'), 'msg': "Value error, risk_level must be one of ['Low', 'Moderate', 'High']", 'input': 'LOW', 'ctx': {'error': ValueError("risk_level must be one of ['Low', 'Moderate', 'High']")}}
  {'type': 'get_attribute_error', 'loc': ('response', 307, 'herb'), 'msg': "Error extracting attribute: MissingGreenlet: greenlet_spawn has not been called; can't call await_only() here. Was IO attempted in an unexpected place? (Background on this error at: https://sqlalche.me/e/20/xd2s)", 'input': <app.db.models.interaction.Interaction object at 0x6fff990d4dd0>, 'ctx': {'error': "MissingGreenlet: greenlet_spawn has not been called; can't call await_only() here. Was IO attempted in an unexpected place? (Background on this error at: https://sqlalche.me/e/20/xd2s)"}}
  {'type': 'get_attribute_error', 'loc': ('response', 307, 'drug'), 'msg': "Error extracting attribute: MissingGreenlet: greenlet_spawn has not been called; can't call await_only() here. Was IO attempted in an unexpected place? (Background on this error at: https://sqlalche.me/e/20/xd2s)", 'input': <app.db.models.interaction.Interaction object at 0x6fff990d4dd0>, 'ctx': {'error': "MissingGreenlet: greenlet_spawn has not been called; can't call await_only() here. Was IO attempted in an unexpected place? (Background on this error at: https://sqlalche.me/e/20/xd2s)"}}
  {'type': 'value_error', 'loc': ('response', 308, 'risk_level'), 'msg': "Value error, risk_level must be one of ['Low', 'Moderate', 'High']", 'input': 'LOW', 'ctx': {'error': ValueError("risk_level must be one of ['Low', 'Moderate', 'High']")}}
  {'type': 'get_attribute_error', 'loc': ('response', 308, 'herb'), 'msg': "Error extracting attribute: MissingGreenlet: greenlet_spawn has not been called; can't call await_only() here. Was IO attempted in an unexpected place? (Background on this error at: https://sqlalche.me/e/20/xd2s)", 'input': <app.db.models.interaction.Interaction object at 0x6fff990d4e30>, 'ctx': {'error': "MissingGreenlet: greenlet_spawn has not been called; can't call await_only() here. Was IO attempted in an unexpected place? (Background on this error at: https://sqlalche.me/e/20/xd2s)"}}
  {'type': 'get_attribute_error', 'loc': ('response', 308, 'drug'), 'msg': "Error extracting attribute: MissingGreenlet: greenlet_spawn has not been called; can't call await_only() here. Was IO attempted in an unexpected place? (Background on this error at: https://sqlalche.me/e/20/xd2s)", 'input': <app.db.models.interaction.Interaction object at 0x6fff990d4e30>, 'ctx': {'error': "MissingGreenlet: greenlet_spawn has not been called; can't call await_only() here. Was IO attempted in an unexpected place? (Background on this error at: https://sqlalche.me/e/20/xd2s)"}}
  {'type': 'value_error', 'loc': ('response', 309, 'risk_level'), 'msg': "Value error, risk_level must be one of ['Low', 'Moderate', 'High']", 'input': 'MODERATE', 'ctx': {'error': ValueError("risk_level must be one of ['Low', 'Moderate', 'High']")}}
  {'type': 'get_attribute_error', 'loc': ('response', 309, 'herb'), 'msg': "Error extracting attribute: MissingGreenlet: greenlet_spawn has not been called; can't call await_only() here. Was IO attempted in an unexpected place? (Background on this error at: https://sqlalche.me/e/20/xd2s)", 'input': <app.db.models.interaction.Interaction object at 0x6fff990d4e90>, 'ctx': {'error': "MissingGreenlet: greenlet_spawn has not been called; can't call await_only() here. Was IO attempted in an unexpected place? (Background on this error at: https://sqlalche.me/e/20/xd2s)"}}
  {'type': 'get_attribute_error', 'loc': ('response', 309, 'drug'), 'msg': "Error extracting attribute: MissingGreenlet: greenlet_spawn has not been called; can't call await_only() here. Was IO attempted in an unexpected place? (Background on this error at: https://sqlalche.me/e/20/xd2s)", 'input': <app.db.models.interaction.Interaction object at 0x6fff990d4e90>, 'ctx': {'error': "MissingGreenlet: greenlet_spawn has not been called; can't call await_only() here. Was IO attempted in an unexpected place? (Background on this error at: https://sqlalche.me/e/20/xd2s)"}}
  {'type': 'value_error', 'loc': ('response', 310, 'risk_level'), 'msg': "Value error, risk_level must be one of ['Low', 'Moderate', 'High']", 'input': 'MODERATE', 'ctx': {'error': ValueError("risk_level must be one of ['Low', 'Moderate', 'High']")}}
  {'type': 'get_attribute_error', 'loc': ('response', 310, 'herb'), 'msg': "Error extracting attribute: MissingGreenlet: greenlet_spawn has not been called; can't call await_only() here. Was IO attempted in an unexpected place? (Background on this error at: https://sqlalche.me/e/20/xd2s)", 'input': <app.db.models.interaction.Interaction object at 0x6fff990d4ef0>, 'ctx': {'error': "MissingGreenlet: greenlet_spawn has not been called; can't call await_only() here. Was IO attempted in an unexpected place? (Background on this error at: https://sqlalche.me/e/20/xd2s)"}}
  {'type': 'get_attribute_error', 'loc': ('response', 310, 'drug'), 'msg': "Error extracting attribute: MissingGreenlet: greenlet_spawn has not been called; can't call await_only() here. Was IO attempted in an unexpected place? (Background on this error at: https://sqlalche.me/e/20/xd2s)", 'input': <app.db.models.interaction.Interaction object at 0x6fff990d4ef0>, 'ctx': {'error': "MissingGreenlet: greenlet_spawn has not been called; can't call await_only() here. Was IO attempted in an unexpected place? (Background on this error at: https://sqlalche.me/e/20/xd2s)"}}
  {'type': 'value_error', 'loc': ('response', 311, 'risk_level'), 'msg': "Value error, risk_level must be one of ['Low', 'Moderate', 'High']", 'input': 'LOW', 'ctx': {'error': ValueError("risk_level must be one of ['Low', 'Moderate', 'High']")}}
  {'type': 'get_attribute_error', 'loc': ('response', 311, 'herb'), 'msg': "Error extracting attribute: MissingGreenlet: greenlet_spawn has not been called; can't call await_only() here. Was IO attempted in an unexpected place? (Background on this error at: https://sqlalche.me/e/20/xd2s)", 'input': <app.db.models.interaction.Interaction object at 0x6fff990d4f50>, 'ctx': {'error': "MissingGreenlet: greenlet_spawn has not been called; can't call await_only() here. Was IO attempted in an unexpected place? (Background on this error at: https://sqlalche.me/e/20/xd2s)"}}
  {'type': 'get_attribute_error', 'loc': ('response', 311, 'drug'), 'msg': "Error extracting attribute: MissingGreenlet: greenlet_spawn has not been called; can't call await_only() here. Was IO attempted in an unexpected place? (Background on this error at: https://sqlalche.me/e/20/xd2s)", 'input': <app.db.models.interaction.Interaction object at 0x6fff990d4f50>, 'ctx': {'error': "MissingGreenlet: greenlet_spawn has not been called; can't call await_only() here. Was IO attempted in an unexpected place? (Background on this error at: https://sqlalche.me/e/20/xd2s)"}}
  {'type': 'value_error', 'loc': ('response', 312, 'risk_level'), 'msg': "Value error, risk_level must be one of ['Low', 'Moderate', 'High']", 'input': 'LOW', 'ctx': {'error': ValueError("risk_level must be one of ['Low', 'Moderate', 'High']")}}
  {'type': 'get_attribute_error', 'loc': ('response', 312, 'herb'), 'msg': "Error extracting attribute: MissingGreenlet: greenlet_spawn has not been called; can't call await_only() here. Was IO attempted in an unexpected place? (Background on this error at: https://sqlalche.me/e/20/xd2s)", 'input': <app.db.models.interaction.Interaction object at 0x6fff990d4fb0>, 'ctx': {'error': "MissingGreenlet: greenlet_spawn has not been called; can't call await_only() here. Was IO attempted in an unexpected place? (Background on this error at: https://sqlalche.me/e/20/xd2s)"}}
  {'type': 'get_attribute_error', 'loc': ('response', 312, 'drug'), 'msg': "Error extracting attribute: MissingGreenlet: greenlet_spawn has not been called; can't call await_only() here. Was IO attempted in an unexpected place? (Background on this error at: https://sqlalche.me/e/20/xd2s)", 'input': <app.db.models.interaction.Interaction object at 0x6fff990d4fb0>, 'ctx': {'error': "MissingGreenlet: greenlet_spawn has not been called; can't call await_only() here. Was IO attempted in an unexpected place? (Background on this error at: https://sqlalche.me/e/20/xd2s)"}}
  {'type': 'value_error', 'loc': ('response', 313, 'risk_level'), 'msg': "Value error, risk_level must be one of ['Low', 'Moderate', 'High']", 'input': 'LOW', 'ctx': {'error': ValueError("risk_level must be one of ['Low', 'Moderate', 'High']")}}
  {'type': 'get_attribute_error', 'loc': ('response', 313, 'herb'), 'msg': "Error extracting attribute: MissingGreenlet: greenlet_spawn has not been called; can't call await_only() here. Was IO attempted in an unexpected place? (Background on this error at: https://sqlalche.me/e/20/xd2s)", 'input': <app.db.models.interaction.Interaction object at 0x6fff990d5010>, 'ctx': {'error': "MissingGreenlet: greenlet_spawn has not been called; can't call await_only() here. Was IO attempted in an unexpected place? (Background on this error at: https://sqlalche.me/e/20/xd2s)"}}
  {'type': 'get_attribute_error', 'loc': ('response', 313, 'drug'), 'msg': "Error extracting attribute: MissingGreenlet: greenlet_spawn has not been called; can't call await_only() here. Was IO attempted in an unexpected place? (Background on this error at: https://sqlalche.me/e/20/xd2s)", 'input': <app.db.models.interaction.Interaction object at 0x6fff990d5010>, 'ctx': {'error': "MissingGreenlet: greenlet_spawn has not been called; can't call await_only() here. Was IO attempted in an unexpected place? (Background on this error at: https://sqlalche.me/e/20/xd2s)"}}
  {'type': 'value_error', 'loc': ('response', 314, 'risk_level'), 'msg': "Value error, risk_level must be one of ['Low', 'Moderate', 'High']", 'input': 'MODERATE', 'ctx': {'error': ValueError("risk_level must be one of ['Low', 'Moderate', 'High']")}}
  {'type': 'get_attribute_error', 'loc': ('response', 314, 'herb'), 'msg': "Error extracting attribute: MissingGreenlet: greenlet_spawn has not been called; can't call await_only() here. Was IO attempted in an unexpected place? (Background on this error at: https://sqlalche.me/e/20/xd2s)", 'input': <app.db.models.interaction.Interaction object at 0x6fff990d5070>, 'ctx': {'error': "MissingGreenlet: greenlet_spawn has not been called; can't call await_only() here. Was IO attempted in an unexpected place? (Background on this error at: https://sqlalche.me/e/20/xd2s)"}}
  {'type': 'get_attribute_error', 'loc': ('response', 314, 'drug'), 'msg': "Error extracting attribute: MissingGreenlet: greenlet_spawn has not been called; can't call await_only() here. Was IO attempted in an unexpected place? (Background on this error at: https://sqlalche.me/e/20/xd2s)", 'input': <app.db.models.interaction.Interaction object at 0x6fff990d5070>, 'ctx': {'error': "MissingGreenlet: greenlet_spawn has not been called; can't call await_only() here. Was IO attempted in an unexpected place? (Background on this error at: https://sqlalche.me/e/20/xd2s)"}}
  {'type': 'value_error', 'loc': ('response', 315, 'risk_level'), 'msg': "Value error, risk_level must be one of ['Low', 'Moderate', 'High']", 'input': 'MODERATE', 'ctx': {'error': ValueError("risk_level must be one of ['Low', 'Moderate', 'High']")}}
  {'type': 'get_attribute_error', 'loc': ('response', 315, 'herb'), 'msg': "Error extracting attribute: MissingGreenlet: greenlet_spawn has not been called; can't call await_only() here. Was IO attempted in an unexpected place? (Background on this error at: https://sqlalche.me/e/20/xd2s)", 'input': <app.db.models.interaction.Interaction object at 0x6fff990d50d0>, 'ctx': {'error': "MissingGreenlet: greenlet_spawn has not been called; can't call await_only() here. Was IO attempted in an unexpected place? (Background on this error at: https://sqlalche.me/e/20/xd2s)"}}
  {'type': 'get_attribute_error', 'loc': ('response', 315, 'drug'), 'msg': "Error extracting attribute: MissingGreenlet: greenlet_spawn has not been called; can't call await_only() here. Was IO attempted in an unexpected place? (Background on this error at: https://sqlalche.me/e/20/xd2s)", 'input': <app.db.models.interaction.Interaction object at 0x6fff990d50d0>, 'ctx': {'error': "MissingGreenlet: greenlet_spawn has not been called; can't call await_only() here. Was IO attempted in an unexpected place? (Background on this error at: https://sqlalche.me/e/20/xd2s)"}}
  {'type': 'value_error', 'loc': ('response', 316, 'risk_level'), 'msg': "Value error, risk_level must be one of ['Low', 'Moderate', 'High']", 'input': 'MODERATE', 'ctx': {'error': ValueError("risk_level must be one of ['Low', 'Moderate', 'High']")}}
  {'type': 'get_attribute_error', 'loc': ('response', 316, 'herb'), 'msg': "Error extracting attribute: MissingGreenlet: greenlet_spawn has not been called; can't call await_only() here. Was IO attempted in an unexpected place? (Background on this error at: https://sqlalche.me/e/20/xd2s)", 'input': <app.db.models.interaction.Interaction object at 0x6fff990d5130>, 'ctx': {'error': "MissingGreenlet: greenlet_spawn has not been called; can't call await_only() here. Was IO attempted in an unexpected place? (Background on this error at: https://sqlalche.me/e/20/xd2s)"}}
  {'type': 'get_attribute_error', 'loc': ('response', 316, 'drug'), 'msg': "Error extracting attribute: MissingGreenlet: greenlet_spawn has not been called; can't call await_only() here. Was IO attempted in an unexpected place? (Background on this error at: https://sqlalche.me/e/20/xd2s)", 'input': <app.db.models.interaction.Interaction object at 0x6fff990d5130>, 'ctx': {'error': "MissingGreenlet: greenlet_spawn has not been called; can't call await_only() here. Was IO attempted in an unexpected place? (Background on this error at: https://sqlalche.me/e/20/xd2s)"}}
  {'type': 'value_error', 'loc': ('response', 317, 'risk_level'), 'msg': "Value error, risk_level must be one of ['Low', 'Moderate', 'High']", 'input': 'MODERATE', 'ctx': {'error': ValueError("risk_level must be one of ['Low', 'Moderate', 'High']")}}
  {'type': 'get_attribute_error', 'loc': ('response', 317, 'herb'), 'msg': "Error extracting attribute: MissingGreenlet: greenlet_spawn has not been called; can't call await_only() here. Was IO attempted in an unexpected place? (Background on this error at: https://sqlalche.me/e/20/xd2s)", 'input': <app.db.models.interaction.Interaction object at 0x6fff990d5190>, 'ctx': {'error': "MissingGreenlet: greenlet_spawn has not been called; can't call await_only() here. Was IO attempted in an unexpected place? (Background on this error at: https://sqlalche.me/e/20/xd2s)"}}
  {'type': 'get_attribute_error', 'loc': ('response', 317, 'drug'), 'msg': "Error extracting attribute: MissingGreenlet: greenlet_spawn has not been called; can't call await_only() here. Was IO attempted in an unexpected place? (Background on this error at: https://sqlalche.me/e/20/xd2s)", 'input': <app.db.models.interaction.Interaction object at 0x6fff990d5190>, 'ctx': {'error': "MissingGreenlet: greenlet_spawn has not been called; can't call await_only() here. Was IO attempted in an unexpected place? (Background on this error at: https://sqlalche.me/e/20/xd2s)"}}
  {'type': 'value_error', 'loc': ('response', 318, 'risk_level'), 'msg': "Value error, risk_level must be one of ['Low', 'Moderate', 'High']", 'input': 'MODERATE', 'ctx': {'error': ValueError("risk_level must be one of ['Low', 'Moderate', 'High']")}}
  {'type': 'get_attribute_error', 'loc': ('response', 318, 'herb'), 'msg': "Error extracting attribute: MissingGreenlet: greenlet_spawn has not been called; can't call await_only() here. Was IO attempted in an unexpected place? (Background on this error at: https://sqlalche.me/e/20/xd2s)", 'input': <app.db.models.interaction.Interaction object at 0x6fff990d51f0>, 'ctx': {'error': "MissingGreenlet: greenlet_spawn has not been called; can't call await_only() here. Was IO attempted in an unexpected place? (Background on this error at: https://sqlalche.me/e/20/xd2s)"}}
  {'type': 'get_attribute_error', 'loc': ('response', 318, 'drug'), 'msg': "Error extracting attribute: MissingGreenlet: greenlet_spawn has not been called; can't call await_only() here. Was IO attempted in an unexpected place? (Background on this error at: https://sqlalche.me/e/20/xd2s)", 'input': <app.db.models.interaction.Interaction object at 0x6fff990d51f0>, 'ctx': {'error': "MissingGreenlet: greenlet_spawn has not been called; can't call await_only() here. Was IO attempted in an unexpected place? (Background on this error at: https://sqlalche.me/e/20/xd2s)"}}
  {'type': 'value_error', 'loc': ('response', 319, 'risk_level'), 'msg': "Value error, risk_level must be one of ['Low', 'Moderate', 'High']", 'input': 'MODERATE', 'ctx': {'error': ValueError("risk_level must be one of ['Low', 'Moderate', 'High']")}}
  {'type': 'get_attribute_error', 'loc': ('response', 319, 'herb'), 'msg': "Error extracting attribute: MissingGreenlet: greenlet_spawn has not been called; can't call await_only() here. Was IO attempted in an unexpected place? (Background on this error at: https://sqlalche.me/e/20/xd2s)", 'input': <app.db.models.interaction.Interaction object at 0x6fff990d5250>, 'ctx': {'error': "MissingGreenlet: greenlet_spawn has not been called; can't call await_only() here. Was IO attempted in an unexpected place? (Background on this error at: https://sqlalche.me/e/20/xd2s)"}}
  {'type': 'get_attribute_error', 'loc': ('response', 319, 'drug'), 'msg': "Error extracting attribute: MissingGreenlet: greenlet_spawn has not been called; can't call await_only() here. Was IO attempted in an unexpected place? (Background on this error at: https://sqlalche.me/e/20/xd2s)", 'input': <app.db.models.interaction.Interaction object at 0x6fff990d5250>, 'ctx': {'error': "MissingGreenlet: greenlet_spawn has not been called; can't call await_only() here. Was IO attempted in an unexpected place? (Background on this error at: https://sqlalche.me/e/20/xd2s)"}}
  {'type': 'value_error', 'loc': ('response', 320, 'risk_level'), 'msg': "Value error, risk_level must be one of ['Low', 'Moderate', 'High']", 'input': 'MODERATE', 'ctx': {'error': ValueError("risk_level must be one of ['Low', 'Moderate', 'High']")}}
  {'type': 'get_attribute_error', 'loc': ('response', 320, 'herb'), 'msg': "Error extracting attribute: MissingGreenlet: greenlet_spawn has not been called; can't call await_only() here. Was IO attempted in an unexpected place? (Background on this error at: https://sqlalche.me/e/20/xd2s)", 'input': <app.db.models.interaction.Interaction object at 0x6fff990d52b0>, 'ctx': {'error': "MissingGreenlet: greenlet_spawn has not been called; can't call await_only() here. Was IO attempted in an unexpected place? (Background on this error at: https://sqlalche.me/e/20/xd2s)"}}
  {'type': 'get_attribute_error', 'loc': ('response', 320, 'drug'), 'msg': "Error extracting attribute: MissingGreenlet: greenlet_spawn has not been called; can't call await_only() here. Was IO attempted in an unexpected place? (Background on this error at: https://sqlalche.me/e/20/xd2s)", 'input': <app.db.models.interaction.Interaction object at 0x6fff990d52b0>, 'ctx': {'error': "MissingGreenlet: greenlet_spawn has not been called; can't call await_only() here. Was IO attempted in an unexpected place? (Background on this error at: https://sqlalche.me/e/20/xd2s)"}}
  {'type': 'value_error', 'loc': ('response', 321, 'risk_level'), 'msg': "Value error, risk_level must be one of ['Low', 'Moderate', 'High']", 'input': 'HIGH', 'ctx': {'error': ValueError("risk_level must be one of ['Low', 'Moderate', 'High']")}}
  {'type': 'get_attribute_error', 'loc': ('response', 321, 'herb'), 'msg': "Error extracting attribute: MissingGreenlet: greenlet_spawn has not been called; can't call await_only() here. Was IO attempted in an unexpected place? (Background on this error at: https://sqlalche.me/e/20/xd2s)", 'input': <app.db.models.interaction.Interaction object at 0x6fff990d5310>, 'ctx': {'error': "MissingGreenlet: greenlet_spawn has not been called; can't call await_only() here. Was IO attempted in an unexpected place? (Background on this error at: https://sqlalche.me/e/20/xd2s)"}}
  {'type': 'get_attribute_error', 'loc': ('response', 321, 'drug'), 'msg': "Error extracting attribute: MissingGreenlet: greenlet_spawn has not been called; can't call await_only() here. Was IO attempted in an unexpected place? (Background on this error at: https://sqlalche.me/e/20/xd2s)", 'input': <app.db.models.interaction.Interaction object at 0x6fff990d5310>, 'ctx': {'error': "MissingGreenlet: greenlet_spawn has not been called; can't call await_only() here. Was IO attempted in an unexpected place? (Background on this error at: https://sqlalche.me/e/20/xd2s)"}}
  {'type': 'value_error', 'loc': ('response', 322, 'risk_level'), 'msg': "Value error, risk_level must be one of ['Low', 'Moderate', 'High']", 'input': 'LOW', 'ctx': {'error': ValueError("risk_level must be one of ['Low', 'Moderate', 'High']")}}
  {'type': 'get_attribute_error', 'loc': ('response', 322, 'herb'), 'msg': "Error extracting attribute: MissingGreenlet: greenlet_spawn has not been called; can't call await_only() here. Was IO attempted in an unexpected place? (Background on this error at: https://sqlalche.me/e/20/xd2s)", 'input': <app.db.models.interaction.Interaction object at 0x6fff990d5370>, 'ctx': {'error': "MissingGreenlet: greenlet_spawn has not been called; can't call await_only() here. Was IO attempted in an unexpected place? (Background on this error at: https://sqlalche.me/e/20/xd2s)"}}
  {'type': 'get_attribute_error', 'loc': ('response', 322, 'drug'), 'msg': "Error extracting attribute: MissingGreenlet: greenlet_spawn has not been called; can't call await_only() here. Was IO attempted in an unexpected place? (Background on this error at: https://sqlalche.me/e/20/xd2s)", 'input': <app.db.models.interaction.Interaction object at 0x6fff990d5370>, 'ctx': {'error': "MissingGreenlet: greenlet_spawn has not been called; can't call await_only() here. Was IO attempted in an unexpected place? (Background on this error at: https://sqlalche.me/e/20/xd2s)"}}
  {'type': 'value_error', 'loc': ('response', 323, 'risk_level'), 'msg': "Value error, risk_level must be one of ['Low', 'Moderate', 'High']", 'input': 'MODERATE', 'ctx': {'error': ValueError("risk_level must be one of ['Low', 'Moderate', 'High']")}}
  {'type': 'get_attribute_error', 'loc': ('response', 323, 'herb'), 'msg': "Error extracting attribute: MissingGreenlet: greenlet_spawn has not been called; can't call await_only() here. Was IO attempted in an unexpected place? (Background on this error at: https://sqlalche.me/e/20/xd2s)", 'input': <app.db.models.interaction.Interaction object at 0x6fff990d53d0>, 'ctx': {'error': "MissingGreenlet: greenlet_spawn has not been called; can't call await_only() here. Was IO attempted in an unexpected place? (Background on this error at: https://sqlalche.me/e/20/xd2s)"}}
  {'type': 'get_attribute_error', 'loc': ('response', 323, 'drug'), 'msg': "Error extracting attribute: MissingGreenlet: greenlet_spawn has not been called; can't call await_only() here. Was IO attempted in an unexpected place? (Background on this error at: https://sqlalche.me/e/20/xd2s)", 'input': <app.db.models.interaction.Interaction object at 0x6fff990d53d0>, 'ctx': {'error': "MissingGreenlet: greenlet_spawn has not been called; can't call await_only() here. Was IO attempted in an unexpected place? (Background on this error at: https://sqlalche.me/e/20/xd2s)"}}
  {'type': 'value_error', 'loc': ('response', 324, 'risk_level'), 'msg': "Value error, risk_level must be one of ['Low', 'Moderate', 'High']", 'input': 'MODERATE', 'ctx': {'error': ValueError("risk_level must be one of ['Low', 'Moderate', 'High']")}}
  {'type': 'get_attribute_error', 'loc': ('response', 324, 'herb'), 'msg': "Error extracting attribute: MissingGreenlet: greenlet_spawn has not been called; can't call await_only() here. Was IO attempted in an unexpected place? (Background on this error at: https://sqlalche.me/e/20/xd2s)", 'input': <app.db.models.interaction.Interaction object at 0x6fff990d5430>, 'ctx': {'error': "MissingGreenlet: greenlet_spawn has not been called; can't call await_only() here. Was IO attempted in an unexpected place? (Background on this error at: https://sqlalche.me/e/20/xd2s)"}}
  {'type': 'get_attribute_error', 'loc': ('response', 324, 'drug'), 'msg': "Error extracting attribute: MissingGreenlet: greenlet_spawn has not been called; can't call await_only() here. Was IO attempted in an unexpected place? (Background on this error at: https://sqlalche.me/e/20/xd2s)", 'input': <app.db.models.interaction.Interaction object at 0x6fff990d5430>, 'ctx': {'error': "MissingGreenlet: greenlet_spawn has not been called; can't call await_only() here. Was IO attempted in an unexpected place? (Background on this error at: https://sqlalche.me/e/20/xd2s)"}}
  {'type': 'value_error', 'loc': ('response', 325, 'risk_level'), 'msg': "Value error, risk_level must be one of ['Low', 'Moderate', 'High']", 'input': 'MODERATE', 'ctx': {'error': ValueError("risk_level must be one of ['Low', 'Moderate', 'High']")}}
  {'type': 'get_attribute_error', 'loc': ('response', 325, 'herb'), 'msg': "Error extracting attribute: MissingGreenlet: greenlet_spawn has not been called; can't call await_only() here. Was IO attempted in an unexpected place? (Background on this error at: https://sqlalche.me/e/20/xd2s)", 'input': <app.db.models.interaction.Interaction object at 0x6fff990d5490>, 'ctx': {'error': "MissingGreenlet: greenlet_spawn has not been called; can't call await_only() here. Was IO attempted in an unexpected place? (Background on this error at: https://sqlalche.me/e/20/xd2s)"}}
  {'type': 'get_attribute_error', 'loc': ('response', 325, 'drug'), 'msg': "Error extracting attribute: MissingGreenlet: greenlet_spawn has not been called; can't call await_only() here. Was IO attempted in an unexpected place? (Background on this error at: https://sqlalche.me/e/20/xd2s)", 'input': <app.db.models.interaction.Interaction object at 0x6fff990d5490>, 'ctx': {'error': "MissingGreenlet: greenlet_spawn has not been called; can't call await_only() here. Was IO attempted in an unexpected place? (Background on this error at: https://sqlalche.me/e/20/xd2s)"}}
  {'type': 'value_error', 'loc': ('response', 326, 'risk_level'), 'msg': "Value error, risk_level must be one of ['Low', 'Moderate', 'High']", 'input': 'MODERATE', 'ctx': {'error': ValueError("risk_level must be one of ['Low', 'Moderate', 'High']")}}
  {'type': 'get_attribute_error', 'loc': ('response', 326, 'herb'), 'msg': "Error extracting attribute: MissingGreenlet: greenlet_spawn has not been called; can't call await_only() here. Was IO attempted in an unexpected place? (Background on this error at: https://sqlalche.me/e/20/xd2s)", 'input': <app.db.models.interaction.Interaction object at 0x6fff990d54f0>, 'ctx': {'error': "MissingGreenlet: greenlet_spawn has not been called; can't call await_only() here. Was IO attempted in an unexpected place? (Background on this error at: https://sqlalche.me/e/20/xd2s)"}}
  {'type': 'get_attribute_error', 'loc': ('response', 326, 'drug'), 'msg': "Error extracting attribute: MissingGreenlet: greenlet_spawn has not been called; can't call await_only() here. Was IO attempted in an unexpected place? (Background on this error at: https://sqlalche.me/e/20/xd2s)", 'input': <app.db.models.interaction.Interaction object at 0x6fff990d54f0>, 'ctx': {'error': "MissingGreenlet: greenlet_spawn has not been called; can't call await_only() here. Was IO attempted in an unexpected place? (Background on this error at: https://sqlalche.me/e/20/xd2s)"}}
  {'type': 'value_error', 'loc': ('response', 327, 'risk_level'), 'msg': "Value error, risk_level must be one of ['Low', 'Moderate', 'High']", 'input': 'MODERATE', 'ctx': {'error': ValueError("risk_level must be one of ['Low', 'Moderate', 'High']")}}
  {'type': 'get_attribute_error', 'loc': ('response', 327, 'herb'), 'msg': "Error extracting attribute: MissingGreenlet: greenlet_spawn has not been called; can't call await_only() here. Was IO attempted in an unexpected place? (Background on this error at: https://sqlalche.me/e/20/xd2s)", 'input': <app.db.models.interaction.Interaction object at 0x6fff990d5550>, 'ctx': {'error': "MissingGreenlet: greenlet_spawn has not been called; can't call await_only() here. Was IO attempted in an unexpected place? (Background on this error at: https://sqlalche.me/e/20/xd2s)"}}
  {'type': 'get_attribute_error', 'loc': ('response', 327, 'drug'), 'msg': "Error extracting attribute: MissingGreenlet: greenlet_spawn has not been called; can't call await_only() here. Was IO attempted in an unexpected place? (Background on this error at: https://sqlalche.me/e/20/xd2s)", 'input': <app.db.models.interaction.Interaction object at 0x6fff990d5550>, 'ctx': {'error': "MissingGreenlet: greenlet_spawn has not been called; can't call await_only() here. Was IO attempted in an unexpected place? (Background on this error at: https://sqlalche.me/e/20/xd2s)"}}
  {'type': 'value_error', 'loc': ('response', 328, 'risk_level'), 'msg': "Value error, risk_level must be one of ['Low', 'Moderate', 'High']", 'input': 'LOW', 'ctx': {'error': ValueError("risk_level must be one of ['Low', 'Moderate', 'High']")}}
  {'type': 'get_attribute_error', 'loc': ('response', 328, 'herb'), 'msg': "Error extracting attribute: MissingGreenlet: greenlet_spawn has not been called; can't call await_only() here. Was IO attempted in an unexpected place? (Background on this error at: https://sqlalche.me/e/20/xd2s)", 'input': <app.db.models.interaction.Interaction object at 0x6fff990d55b0>, 'ctx': {'error': "MissingGreenlet: greenlet_spawn has not been called; can't call await_only() here. Was IO attempted in an unexpected place? (Background on this error at: https://sqlalche.me/e/20/xd2s)"}}
  {'type': 'get_attribute_error', 'loc': ('response', 328, 'drug'), 'msg': "Error extracting attribute: MissingGreenlet: greenlet_spawn has not been called; can't call await_only() here. Was IO attempted in an unexpected place? (Background on this error at: https://sqlalche.me/e/20/xd2s)", 'input': <app.db.models.interaction.Interaction object at 0x6fff990d55b0>, 'ctx': {'error': "MissingGreenlet: greenlet_spawn has not been called; can't call await_only() here. Was IO attempted in an unexpected place? (Background on this error at: https://sqlalche.me/e/20/xd2s)"}}
  {'type': 'value_error', 'loc': ('response', 329, 'risk_level'), 'msg': "Value error, risk_level must be one of ['Low', 'Moderate', 'High']", 'input': 'LOW', 'ctx': {'error': ValueError("risk_level must be one of ['Low', 'Moderate', 'High']")}}
  {'type': 'get_attribute_error', 'loc': ('response', 329, 'herb'), 'msg': "Error extracting attribute: MissingGreenlet: greenlet_spawn has not been called; can't call await_only() here. Was IO attempted in an unexpected place? (Background on this error at: https://sqlalche.me/e/20/xd2s)", 'input': <app.db.models.interaction.Interaction object at 0x6fff990d5610>, 'ctx': {'error': "MissingGreenlet: greenlet_spawn has not been called; can't call await_only() here. Was IO attempted in an unexpected place? (Background on this error at: https://sqlalche.me/e/20/xd2s)"}}
  {'type': 'get_attribute_error', 'loc': ('response', 329, 'drug'), 'msg': "Error extracting attribute: MissingGreenlet: greenlet_spawn has not been called; can't call await_only() here. Was IO attempted in an unexpected place? (Background on this error at: https://sqlalche.me/e/20/xd2s)", 'input': <app.db.models.interaction.Interaction object at 0x6fff990d5610>, 'ctx': {'error': "MissingGreenlet: greenlet_spawn has not been called; can't call await_only() here. Was IO attempted in an unexpected place? (Background on this error at: https://sqlalche.me/e/20/xd2s)"}}
  {'type': 'value_error', 'loc': ('response', 330, 'risk_level'), 'msg': "Value error, risk_level must be one of ['Low', 'Moderate', 'High']", 'input': 'MODERATE', 'ctx': {'error': ValueError("risk_level must be one of ['Low', 'Moderate', 'High']")}}
  {'type': 'get_attribute_error', 'loc': ('response', 330, 'herb'), 'msg': "Error extracting attribute: MissingGreenlet: greenlet_spawn has not been called; can't call await_only() here. Was IO attempted in an unexpected place? (Background on this error at: https://sqlalche.me/e/20/xd2s)", 'input': <app.db.models.interaction.Interaction object at 0x6fff990d5670>, 'ctx': {'error': "MissingGreenlet: greenlet_spawn has not been called; can't call await_only() here. Was IO attempted in an unexpected place? (Background on this error at: https://sqlalche.me/e/20/xd2s)"}}
  {'type': 'get_attribute_error', 'loc': ('response', 330, 'drug'), 'msg': "Error extracting attribute: MissingGreenlet: greenlet_spawn has not been called; can't call await_only() here. Was IO attempted in an unexpected place? (Background on this error at: https://sqlalche.me/e/20/xd2s)", 'input': <app.db.models.interaction.Interaction object at 0x6fff990d5670>, 'ctx': {'error': "MissingGreenlet: greenlet_spawn has not been called; can't call await_only() here. Was IO attempted in an unexpected place? (Background on this error at: https://sqlalche.me/e/20/xd2s)"}}
  {'type': 'value_error', 'loc': ('response', 331, 'risk_level'), 'msg': "Value error, risk_level must be one of ['Low', 'Moderate', 'High']", 'input': 'MODERATE', 'ctx': {'error': ValueError("risk_level must be one of ['Low', 'Moderate', 'High']")}}
  {'type': 'get_attribute_error', 'loc': ('response', 331, 'herb'), 'msg': "Error extracting attribute: MissingGreenlet: greenlet_spawn has not been called; can't call await_only() here. Was IO attempted in an unexpected place? (Background on this error at: https://sqlalche.me/e/20/xd2s)", 'input': <app.db.models.interaction.Interaction object at 0x6fff990d56d0>, 'ctx': {'error': "MissingGreenlet: greenlet_spawn has not been called; can't call await_only() here. Was IO attempted in an unexpected place? (Background on this error at: https://sqlalche.me/e/20/xd2s)"}}
  {'type': 'get_attribute_error', 'loc': ('response', 331, 'drug'), 'msg': "Error extracting attribute: MissingGreenlet: greenlet_spawn has not been called; can't call await_only() here. Was IO attempted in an unexpected place? (Background on this error at: https://sqlalche.me/e/20/xd2s)", 'input': <app.db.models.interaction.Interaction object at 0x6fff990d56d0>, 'ctx': {'error': "MissingGreenlet: greenlet_spawn has not been called; can't call await_only() here. Was IO attempted in an unexpected place? (Background on this error at: https://sqlalche.me/e/20/xd2s)"}}
  {'type': 'value_error', 'loc': ('response', 332, 'risk_level'), 'msg': "Value error, risk_level must be one of ['Low', 'Moderate', 'High']", 'input': 'LOW', 'ctx': {'error': ValueError("risk_level must be one of ['Low', 'Moderate', 'High']")}}
  {'type': 'get_attribute_error', 'loc': ('response', 332, 'herb'), 'msg': "Error extracting attribute: MissingGreenlet: greenlet_spawn has not been called; can't call await_only() here. Was IO attempted in an unexpected place? (Background on this error at: https://sqlalche.me/e/20/xd2s)", 'input': <app.db.models.interaction.Interaction object at 0x6fff990d5730>, 'ctx': {'error': "MissingGreenlet: greenlet_spawn has not been called; can't call await_only() here. Was IO attempted in an unexpected place? (Background on this error at: https://sqlalche.me/e/20/xd2s)"}}
  {'type': 'get_attribute_error', 'loc': ('response', 332, 'drug'), 'msg': "Error extracting attribute: MissingGreenlet: greenlet_spawn has not been called; can't call await_only() here. Was IO attempted in an unexpected place? (Background on this error at: https://sqlalche.me/e/20/xd2s)", 'input': <app.db.models.interaction.Interaction object at 0x6fff990d5730>, 'ctx': {'error': "MissingGreenlet: greenlet_spawn has not been called; can't call await_only() here. Was IO attempted in an unexpected place? (Background on this error at: https://sqlalche.me/e/20/xd2s)"}}
  {'type': 'value_error', 'loc': ('response', 333, 'risk_level'), 'msg': "Value error, risk_level must be one of ['Low', 'Moderate', 'High']", 'input': 'LOW', 'ctx': {'error': ValueError("risk_level must be one of ['Low', 'Moderate', 'High']")}}
  {'type': 'get_attribute_error', 'loc': ('response', 333, 'herb'), 'msg': "Error extracting attribute: MissingGreenlet: greenlet_spawn has not been called; can't call await_only() here. Was IO attempted in an unexpected place? (Background on this error at: https://sqlalche.me/e/20/xd2s)", 'input': <app.db.models.interaction.Interaction object at 0x6fff990d5790>, 'ctx': {'error': "MissingGreenlet: greenlet_spawn has not been called; can't call await_only() here. Was IO attempted in an unexpected place? (Background on this error at: https://sqlalche.me/e/20/xd2s)"}}
  {'type': 'get_attribute_error', 'loc': ('response', 333, 'drug'), 'msg': "Error extracting attribute: MissingGreenlet: greenlet_spawn has not been called; can't call await_only() here. Was IO attempted in an unexpected place? (Background on this error at: https://sqlalche.me/e/20/xd2s)", 'input': <app.db.models.interaction.Interaction object at 0x6fff990d5790>, 'ctx': {'error': "MissingGreenlet: greenlet_spawn has not been called; can't call await_only() here. Was IO attempted in an unexpected place? (Background on this error at: https://sqlalche.me/e/20/xd2s)"}}
  {'type': 'value_error', 'loc': ('response', 334, 'risk_level'), 'msg': "Value error, risk_level must be one of ['Low', 'Moderate', 'High']", 'input': 'LOW', 'ctx': {'error': ValueError("risk_level must be one of ['Low', 'Moderate', 'High']")}}
  {'type': 'get_attribute_error', 'loc': ('response', 334, 'herb'), 'msg': "Error extracting attribute: MissingGreenlet: greenlet_spawn has not been called; can't call await_only() here. Was IO attempted in an unexpected place? (Background on this error at: https://sqlalche.me/e/20/xd2s)", 'input': <app.db.models.interaction.Interaction object at 0x6fff990d57f0>, 'ctx': {'error': "MissingGreenlet: greenlet_spawn has not been called; can't call await_only() here. Was IO attempted in an unexpected place? (Background on this error at: https://sqlalche.me/e/20/xd2s)"}}
  {'type': 'get_attribute_error', 'loc': ('response', 334, 'drug'), 'msg': "Error extracting attribute: MissingGreenlet: greenlet_spawn has not been called; can't call await_only() here. Was IO attempted in an unexpected place? (Background on this error at: https://sqlalche.me/e/20/xd2s)", 'input': <app.db.models.interaction.Interaction object at 0x6fff990d57f0>, 'ctx': {'error': "MissingGreenlet: greenlet_spawn has not been called; can't call await_only() here. Was IO attempted in an unexpected place? (Background on this error at: https://sqlalche.me/e/20/xd2s)"}}
  {'type': 'value_error', 'loc': ('response', 335, 'risk_level'), 'msg': "Value error, risk_level must be one of ['Low', 'Moderate', 'High']", 'input': 'MODERATE', 'ctx': {'error': ValueError("risk_level must be one of ['Low', 'Moderate', 'High']")}}
  {'type': 'get_attribute_error', 'loc': ('response', 335, 'herb'), 'msg': "Error extracting attribute: MissingGreenlet: greenlet_spawn has not been called; can't call await_only() here. Was IO attempted in an unexpected place? (Background on this error at: https://sqlalche.me/e/20/xd2s)", 'input': <app.db.models.interaction.Interaction object at 0x6fff990d5850>, 'ctx': {'error': "MissingGreenlet: greenlet_spawn has not been called; can't call await_only() here. Was IO attempted in an unexpected place? (Background on this error at: https://sqlalche.me/e/20/xd2s)"}}
  {'type': 'get_attribute_error', 'loc': ('response', 335, 'drug'), 'msg': "Error extracting attribute: MissingGreenlet: greenlet_spawn has not been called; can't call await_only() here. Was IO attempted in an unexpected place? (Background on this error at: https://sqlalche.me/e/20/xd2s)", 'input': <app.db.models.interaction.Interaction object at 0x6fff990d5850>, 'ctx': {'error': "MissingGreenlet: greenlet_spawn has not been called; can't call await_only() here. Was IO attempted in an unexpected place? (Background on this error at: https://sqlalche.me/e/20/xd2s)"}}
  {'type': 'value_error', 'loc': ('response', 336, 'risk_level'), 'msg': "Value error, risk_level must be one of ['Low', 'Moderate', 'High']", 'input': 'HIGH', 'ctx': {'error': ValueError("risk_level must be one of ['Low', 'Moderate', 'High']")}}
  {'type': 'get_attribute_error', 'loc': ('response', 336, 'herb'), 'msg': "Error extracting attribute: MissingGreenlet: greenlet_spawn has not been called; can't call await_only() here. Was IO attempted in an unexpected place? (Background on this error at: https://sqlalche.me/e/20/xd2s)", 'input': <app.db.models.interaction.Interaction object at 0x6fff990d58b0>, 'ctx': {'error': "MissingGreenlet: greenlet_spawn has not been called; can't call await_only() here. Was IO attempted in an unexpected place? (Background on this error at: https://sqlalche.me/e/20/xd2s)"}}
  {'type': 'get_attribute_error', 'loc': ('response', 336, 'drug'), 'msg': "Error extracting attribute: MissingGreenlet: greenlet_spawn has not been called; can't call await_only() here. Was IO attempted in an unexpected place? (Background on this error at: https://sqlalche.me/e/20/xd2s)", 'input': <app.db.models.interaction.Interaction object at 0x6fff990d58b0>, 'ctx': {'error': "MissingGreenlet: greenlet_spawn has not been called; can't call await_only() here. Was IO attempted in an unexpected place? (Background on this error at: https://sqlalche.me/e/20/xd2s)"}}
  {'type': 'value_error', 'loc': ('response', 337, 'risk_level'), 'msg': "Value error, risk_level must be one of ['Low', 'Moderate', 'High']", 'input': 'MODERATE', 'ctx': {'error': ValueError("risk_level must be one of ['Low', 'Moderate', 'High']")}}
  {'type': 'get_attribute_error', 'loc': ('response', 337, 'herb'), 'msg': "Error extracting attribute: MissingGreenlet: greenlet_spawn has not been called; can't call await_only() here. Was IO attempted in an unexpected place? (Background on this error at: https://sqlalche.me/e/20/xd2s)", 'input': <app.db.models.interaction.Interaction object at 0x6fff990d5910>, 'ctx': {'error': "MissingGreenlet: greenlet_spawn has not been called; can't call await_only() here. Was IO attempted in an unexpected place? (Background on this error at: https://sqlalche.me/e/20/xd2s)"}}
  {'type': 'get_attribute_error', 'loc': ('response', 337, 'drug'), 'msg': "Error extracting attribute: MissingGreenlet: greenlet_spawn has not been called; can't call await_only() here. Was IO attempted in an unexpected place? (Background on this error at: https://sqlalche.me/e/20/xd2s)", 'input': <app.db.models.interaction.Interaction object at 0x6fff990d5910>, 'ctx': {'error': "MissingGreenlet: greenlet_spawn has not been called; can't call await_only() here. Was IO attempted in an unexpected place? (Background on this error at: https://sqlalche.me/e/20/xd2s)"}}
  {'type': 'value_error', 'loc': ('response', 338, 'risk_level'), 'msg': "Value error, risk_level must be one of ['Low', 'Moderate', 'High']", 'input': 'MODERATE', 'ctx': {'error': ValueError("risk_level must be one of ['Low', 'Moderate', 'High']")}}
  {'type': 'get_attribute_error', 'loc': ('response', 338, 'herb'), 'msg': "Error extracting attribute: MissingGreenlet: greenlet_spawn has not been called; can't call await_only() here. Was IO attempted in an unexpected place? (Background on this error at: https://sqlalche.me/e/20/xd2s)", 'input': <app.db.models.interaction.Interaction object at 0x6fff990d5970>, 'ctx': {'error': "MissingGreenlet: greenlet_spawn has not been called; can't call await_only() here. Was IO attempted in an unexpected place? (Background on this error at: https://sqlalche.me/e/20/xd2s)"}}
  {'type': 'get_attribute_error', 'loc': ('response', 338, 'drug'), 'msg': "Error extracting attribute: MissingGreenlet: greenlet_spawn has not been called; can't call await_only() here. Was IO attempted in an unexpected place? (Background on this error at: https://sqlalche.me/e/20/xd2s)", 'input': <app.db.models.interaction.Interaction object at 0x6fff990d5970>, 'ctx': {'error': "MissingGreenlet: greenlet_spawn has not been called; can't call await_only() here. Was IO attempted in an unexpected place? (Background on this error at: https://sqlalche.me/e/20/xd2s)"}}
  {'type': 'value_error', 'loc': ('response', 339, 'risk_level'), 'msg': "Value error, risk_level must be one of ['Low', 'Moderate', 'High']", 'input': 'MODERATE', 'ctx': {'error': ValueError("risk_level must be one of ['Low', 'Moderate', 'High']")}}
  {'type': 'get_attribute_error', 'loc': ('response', 339, 'herb'), 'msg': "Error extracting attribute: MissingGreenlet: greenlet_spawn has not been called; can't call await_only() here. Was IO attempted in an unexpected place? (Background on this error at: https://sqlalche.me/e/20/xd2s)", 'input': <app.db.models.interaction.Interaction object at 0x6fff990d59d0>, 'ctx': {'error': "MissingGreenlet: greenlet_spawn has not been called; can't call await_only() here. Was IO attempted in an unexpected place? (Background on this error at: https://sqlalche.me/e/20/xd2s)"}}
  {'type': 'get_attribute_error', 'loc': ('response', 339, 'drug'), 'msg': "Error extracting attribute: MissingGreenlet: greenlet_spawn has not been called; can't call await_only() here. Was IO attempted in an unexpected place? (Background on this error at: https://sqlalche.me/e/20/xd2s)", 'input': <app.db.models.interaction.Interaction object at 0x6fff990d59d0>, 'ctx': {'error': "MissingGreenlet: greenlet_spawn has not been called; can't call await_only() here. Was IO attempted in an unexpected place? (Background on this error at: https://sqlalche.me/e/20/xd2s)"}}
  {'type': 'value_error', 'loc': ('response', 340, 'risk_level'), 'msg': "Value error, risk_level must be one of ['Low', 'Moderate', 'High']", 'input': 'MODERATE', 'ctx': {'error': ValueError("risk_level must be one of ['Low', 'Moderate', 'High']")}}
  {'type': 'get_attribute_error', 'loc': ('response', 340, 'herb'), 'msg': "Error extracting attribute: MissingGreenlet: greenlet_spawn has not been called; can't call await_only() here. Was IO attempted in an unexpected place? (Background on this error at: https://sqlalche.me/e/20/xd2s)", 'input': <app.db.models.interaction.Interaction object at 0x6fff990d5a30>, 'ctx': {'error': "MissingGreenlet: greenlet_spawn has not been called; can't call await_only() here. Was IO attempted in an unexpected place? (Background on this error at: https://sqlalche.me/e/20/xd2s)"}}
  {'type': 'get_attribute_error', 'loc': ('response', 340, 'drug'), 'msg': "Error extracting attribute: MissingGreenlet: greenlet_spawn has not been called; can't call await_only() here. Was IO attempted in an unexpected place? (Background on this error at: https://sqlalche.me/e/20/xd2s)", 'input': <app.db.models.interaction.Interaction object at 0x6fff990d5a30>, 'ctx': {'error': "MissingGreenlet: greenlet_spawn has not been called; can't call await_only() here. Was IO attempted in an unexpected place? (Background on this error at: https://sqlalche.me/e/20/xd2s)"}}
  {'type': 'value_error', 'loc': ('response', 341, 'risk_level'), 'msg': "Value error, risk_level must be one of ['Low', 'Moderate', 'High']", 'input': 'MODERATE', 'ctx': {'error': ValueError("risk_level must be one of ['Low', 'Moderate', 'High']")}}
  {'type': 'get_attribute_error', 'loc': ('response', 341, 'herb'), 'msg': "Error extracting attribute: MissingGreenlet: greenlet_spawn has not been called; can't call await_only() here. Was IO attempted in an unexpected place? (Background on this error at: https://sqlalche.me/e/20/xd2s)", 'input': <app.db.models.interaction.Interaction object at 0x6fff990d5a90>, 'ctx': {'error': "MissingGreenlet: greenlet_spawn has not been called; can't call await_only() here. Was IO attempted in an unexpected place? (Background on this error at: https://sqlalche.me/e/20/xd2s)"}}
  {'type': 'get_attribute_error', 'loc': ('response', 341, 'drug'), 'msg': "Error extracting attribute: MissingGreenlet: greenlet_spawn has not been called; can't call await_only() here. Was IO attempted in an unexpected place? (Background on this error at: https://sqlalche.me/e/20/xd2s)", 'input': <app.db.models.interaction.Interaction object at 0x6fff990d5a90>, 'ctx': {'error': "MissingGreenlet: greenlet_spawn has not been called; can't call await_only() here. Was IO attempted in an unexpected place? (Background on this error at: https://sqlalche.me/e/20/xd2s)"}}
  {'type': 'value_error', 'loc': ('response', 342, 'risk_level'), 'msg': "Value error, risk_level must be one of ['Low', 'Moderate', 'High']", 'input': 'HIGH', 'ctx': {'error': ValueError("risk_level must be one of ['Low', 'Moderate', 'High']")}}
  {'type': 'get_attribute_error', 'loc': ('response', 342, 'herb'), 'msg': "Error extracting attribute: MissingGreenlet: greenlet_spawn has not been called; can't call await_only() here. Was IO attempted in an unexpected place? (Background on this error at: https://sqlalche.me/e/20/xd2s)", 'input': <app.db.models.interaction.Interaction object at 0x6fff990d5af0>, 'ctx': {'error': "MissingGreenlet: greenlet_spawn has not been called; can't call await_only() here. Was IO attempted in an unexpected place? (Background on this error at: https://sqlalche.me/e/20/xd2s)"}}
  {'type': 'get_attribute_error', 'loc': ('response', 342, 'drug'), 'msg': "Error extracting attribute: MissingGreenlet: greenlet_spawn has not been called; can't call await_only() here. Was IO attempted in an unexpected place? (Background on this error at: https://sqlalche.me/e/20/xd2s)", 'input': <app.db.models.interaction.Interaction object at 0x6fff990d5af0>, 'ctx': {'error': "MissingGreenlet: greenlet_spawn has not been called; can't call await_only() here. Was IO attempted in an unexpected place? (Background on this error at: https://sqlalche.me/e/20/xd2s)"}}
  {'type': 'value_error', 'loc': ('response', 343, 'risk_level'), 'msg': "Value error, risk_level must be one of ['Low', 'Moderate', 'High']", 'input': 'LOW', 'ctx': {'error': ValueError("risk_level must be one of ['Low', 'Moderate', 'High']")}}
  {'type': 'get_attribute_error', 'loc': ('response', 343, 'herb'), 'msg': "Error extracting attribute: MissingGreenlet: greenlet_spawn has not been called; can't call await_only() here. Was IO attempted in an unexpected place? (Background on this error at: https://sqlalche.me/e/20/xd2s)", 'input': <app.db.models.interaction.Interaction object at 0x6fff990d5b50>, 'ctx': {'error': "MissingGreenlet: greenlet_spawn has not been called; can't call await_only() here. Was IO attempted in an unexpected place? (Background on this error at: https://sqlalche.me/e/20/xd2s)"}}
  {'type': 'get_attribute_error', 'loc': ('response', 343, 'drug'), 'msg': "Error extracting attribute: MissingGreenlet: greenlet_spawn has not been called; can't call await_only() here. Was IO attempted in an unexpected place? (Background on this error at: https://sqlalche.me/e/20/xd2s)", 'input': <app.db.models.interaction.Interaction object at 0x6fff990d5b50>, 'ctx': {'error': "MissingGreenlet: greenlet_spawn has not been called; can't call await_only() here. Was IO attempted in an unexpected place? (Background on this error at: https://sqlalche.me/e/20/xd2s)"}}
  {'type': 'value_error', 'loc': ('response', 344, 'risk_level'), 'msg': "Value error, risk_level must be one of ['Low', 'Moderate', 'High']", 'input': 'MODERATE', 'ctx': {'error': ValueError("risk_level must be one of ['Low', 'Moderate', 'High']")}}
  {'type': 'get_attribute_error', 'loc': ('response', 344, 'herb'), 'msg': "Error extracting attribute: MissingGreenlet: greenlet_spawn has not been called; can't call await_only() here. Was IO attempted in an unexpected place? (Background on this error at: https://sqlalche.me/e/20/xd2s)", 'input': <app.db.models.interaction.Interaction object at 0x6fff990d5bb0>, 'ctx': {'error': "MissingGreenlet: greenlet_spawn has not been called; can't call await_only() here. Was IO attempted in an unexpected place? (Background on this error at: https://sqlalche.me/e/20/xd2s)"}}
  {'type': 'get_attribute_error', 'loc': ('response', 344, 'drug'), 'msg': "Error extracting attribute: MissingGreenlet: greenlet_spawn has not been called; can't call await_only() here. Was IO attempted in an unexpected place? (Background on this error at: https://sqlalche.me/e/20/xd2s)", 'input': <app.db.models.interaction.Interaction object at 0x6fff990d5bb0>, 'ctx': {'error': "MissingGreenlet: greenlet_spawn has not been called; can't call await_only() here. Was IO attempted in an unexpected place? (Background on this error at: https://sqlalche.me/e/20/xd2s)"}}
  {'type': 'value_error', 'loc': ('response', 345, 'risk_level'), 'msg': "Value error, risk_level must be one of ['Low', 'Moderate', 'High']", 'input': 'MODERATE', 'ctx': {'error': ValueError("risk_level must be one of ['Low', 'Moderate', 'High']")}}
  {'type': 'get_attribute_error', 'loc': ('response', 345, 'herb'), 'msg': "Error extracting attribute: MissingGreenlet: greenlet_spawn has not been called; can't call await_only() here. Was IO attempted in an unexpected place? (Background on this error at: https://sqlalche.me/e/20/xd2s)", 'input': <app.db.models.interaction.Interaction object at 0x6fff990d5c10>, 'ctx': {'error': "MissingGreenlet: greenlet_spawn has not been called; can't call await_only() here. Was IO attempted in an unexpected place? (Background on this error at: https://sqlalche.me/e/20/xd2s)"}}
  {'type': 'get_attribute_error', 'loc': ('response', 345, 'drug'), 'msg': "Error extracting attribute: MissingGreenlet: greenlet_spawn has not been called; can't call await_only() here. Was IO attempted in an unexpected place? (Background on this error at: https://sqlalche.me/e/20/xd2s)", 'input': <app.db.models.interaction.Interaction object at 0x6fff990d5c10>, 'ctx': {'error': "MissingGreenlet: greenlet_spawn has not been called; can't call await_only() here. Was IO attempted in an unexpected place? (Background on this error at: https://sqlalche.me/e/20/xd2s)"}}
  {'type': 'value_error', 'loc': ('response', 346, 'risk_level'), 'msg': "Value error, risk_level must be one of ['Low', 'Moderate', 'High']", 'input': 'MODERATE', 'ctx': {'error': ValueError("risk_level must be one of ['Low', 'Moderate', 'High']")}}
  {'type': 'get_attribute_error', 'loc': ('response', 346, 'herb'), 'msg': "Error extracting attribute: MissingGreenlet: greenlet_spawn has not been called; can't call await_only() here. Was IO attempted in an unexpected place? (Background on this error at: https://sqlalche.me/e/20/xd2s)", 'input': <app.db.models.interaction.Interaction object at 0x6fff990d5c70>, 'ctx': {'error': "MissingGreenlet: greenlet_spawn has not been called; can't call await_only() here. Was IO attempted in an unexpected place? (Background on this error at: https://sqlalche.me/e/20/xd2s)"}}
  {'type': 'get_attribute_error', 'loc': ('response', 346, 'drug'), 'msg': "Error extracting attribute: MissingGreenlet: greenlet_spawn has not been called; can't call await_only() here. Was IO attempted in an unexpected place? (Background on this error at: https://sqlalche.me/e/20/xd2s)", 'input': <app.db.models.interaction.Interaction object at 0x6fff990d5c70>, 'ctx': {'error': "MissingGreenlet: greenlet_spawn has not been called; can't call await_only() here. Was IO attempted in an unexpected place? (Background on this error at: https://sqlalche.me/e/20/xd2s)"}}
  {'type': 'value_error', 'loc': ('response', 347, 'risk_level'), 'msg': "Value error, risk_level must be one of ['Low', 'Moderate', 'High']", 'input': 'MODERATE', 'ctx': {'error': ValueError("risk_level must be one of ['Low', 'Moderate', 'High']")}}
  {'type': 'get_attribute_error', 'loc': ('response', 347, 'herb'), 'msg': "Error extracting attribute: MissingGreenlet: greenlet_spawn has not been called; can't call await_only() here. Was IO attempted in an unexpected place? (Background on this error at: https://sqlalche.me/e/20/xd2s)", 'input': <app.db.models.interaction.Interaction object at 0x6fff990d5cd0>, 'ctx': {'error': "MissingGreenlet: greenlet_spawn has not been called; can't call await_only() here. Was IO attempted in an unexpected place? (Background on this error at: https://sqlalche.me/e/20/xd2s)"}}
  {'type': 'get_attribute_error', 'loc': ('response', 347, 'drug'), 'msg': "Error extracting attribute: MissingGreenlet: greenlet_spawn has not been called; can't call await_only() here. Was IO attempted in an unexpected place? (Background on this error at: https://sqlalche.me/e/20/xd2s)", 'input': <app.db.models.interaction.Interaction object at 0x6fff990d5cd0>, 'ctx': {'error': "MissingGreenlet: greenlet_spawn has not been called; can't call await_only() here. Was IO attempted in an unexpected place? (Background on this error at: https://sqlalche.me/e/20/xd2s)"}}
  {'type': 'value_error', 'loc': ('response', 348, 'risk_level'), 'msg': "Value error, risk_level must be one of ['Low', 'Moderate', 'High']", 'input': 'MODERATE', 'ctx': {'error': ValueError("risk_level must be one of ['Low', 'Moderate', 'High']")}}
  {'type': 'get_attribute_error', 'loc': ('response', 348, 'herb'), 'msg': "Error extracting attribute: MissingGreenlet: greenlet_spawn has not been called; can't call await_only() here. Was IO attempted in an unexpected place? (Background on this error at: https://sqlalche.me/e/20/xd2s)", 'input': <app.db.models.interaction.Interaction object at 0x6fff990d5d30>, 'ctx': {'error': "MissingGreenlet: greenlet_spawn has not been called; can't call await_only() here. Was IO attempted in an unexpected place? (Background on this error at: https://sqlalche.me/e/20/xd2s)"}}
  {'type': 'get_attribute_error', 'loc': ('response', 348, 'drug'), 'msg': "Error extracting attribute: MissingGreenlet: greenlet_spawn has not been called; can't call await_only() here. Was IO attempted in an unexpected place? (Background on this error at: https://sqlalche.me/e/20/xd2s)", 'input': <app.db.models.interaction.Interaction object at 0x6fff990d5d30>, 'ctx': {'error': "MissingGreenlet: greenlet_spawn has not been called; can't call await_only() here. Was IO attempted in an unexpected place? (Background on this error at: https://sqlalche.me/e/20/xd2s)"}}
  {'type': 'value_error', 'loc': ('response', 349, 'risk_level'), 'msg': "Value error, risk_level must be one of ['Low', 'Moderate', 'High']", 'input': 'LOW', 'ctx': {'error': ValueError("risk_level must be one of ['Low', 'Moderate', 'High']")}}
  {'type': 'get_attribute_error', 'loc': ('response', 349, 'herb'), 'msg': "Error extracting attribute: MissingGreenlet: greenlet_spawn has not been called; can't call await_only() here. Was IO attempted in an unexpected place? (Background on this error at: https://sqlalche.me/e/20/xd2s)", 'input': <app.db.models.interaction.Interaction object at 0x6fff990d5d90>, 'ctx': {'error': "MissingGreenlet: greenlet_spawn has not been called; can't call await_only() here. Was IO attempted in an unexpected place? (Background on this error at: https://sqlalche.me/e/20/xd2s)"}}
  {'type': 'get_attribute_error', 'loc': ('response', 349, 'drug'), 'msg': "Error extracting attribute: MissingGreenlet: greenlet_spawn has not been called; can't call await_only() here. Was IO attempted in an unexpected place? (Background on this error at: https://sqlalche.me/e/20/xd2s)", 'input': <app.db.models.interaction.Interaction object at 0x6fff990d5d90>, 'ctx': {'error': "MissingGreenlet: greenlet_spawn has not been called; can't call await_only() here. Was IO attempted in an unexpected place? (Background on this error at: https://sqlalche.me/e/20/xd2s)"}}
  {'type': 'value_error', 'loc': ('response', 350, 'risk_level'), 'msg': "Value error, risk_level must be one of ['Low', 'Moderate', 'High']", 'input': 'LOW', 'ctx': {'error': ValueError("risk_level must be one of ['Low', 'Moderate', 'High']")}}
  {'type': 'get_attribute_error', 'loc': ('response', 350, 'herb'), 'msg': "Error extracting attribute: MissingGreenlet: greenlet_spawn has not been called; can't call await_only() here. Was IO attempted in an unexpected place? (Background on this error at: https://sqlalche.me/e/20/xd2s)", 'input': <app.db.models.interaction.Interaction object at 0x6fff990d5df0>, 'ctx': {'error': "MissingGreenlet: greenlet_spawn has not been called; can't call await_only() here. Was IO attempted in an unexpected place? (Background on this error at: https://sqlalche.me/e/20/xd2s)"}}
  {'type': 'get_attribute_error', 'loc': ('response', 350, 'drug'), 'msg': "Error extracting attribute: MissingGreenlet: greenlet_spawn has not been called; can't call await_only() here. Was IO attempted in an unexpected place? (Background on this error at: https://sqlalche.me/e/20/xd2s)", 'input': <app.db.models.interaction.Interaction object at 0x6fff990d5df0>, 'ctx': {'error': "MissingGreenlet: greenlet_spawn has not been called; can't call await_only() here. Was IO attempted in an unexpected place? (Background on this error at: https://sqlalche.me/e/20/xd2s)"}}
  {'type': 'value_error', 'loc': ('response', 351, 'risk_level'), 'msg': "Value error, risk_level must be one of ['Low', 'Moderate', 'High']", 'input': 'MODERATE', 'ctx': {'error': ValueError("risk_level must be one of ['Low', 'Moderate', 'High']")}}
  {'type': 'get_attribute_error', 'loc': ('response', 351, 'herb'), 'msg': "Error extracting attribute: MissingGreenlet: greenlet_spawn has not been called; can't call await_only() here. Was IO attempted in an unexpected place? (Background on this error at: https://sqlalche.me/e/20/xd2s)", 'input': <app.db.models.interaction.Interaction object at 0x6fff990d5e50>, 'ctx': {'error': "MissingGreenlet: greenlet_spawn has not been called; can't call await_only() here. Was IO attempted in an unexpected place? (Background on this error at: https://sqlalche.me/e/20/xd2s)"}}
  {'type': 'get_attribute_error', 'loc': ('response', 351, 'drug'), 'msg': "Error extracting attribute: MissingGreenlet: greenlet_spawn has not been called; can't call await_only() here. Was IO attempted in an unexpected place? (Background on this error at: https://sqlalche.me/e/20/xd2s)", 'input': <app.db.models.interaction.Interaction object at 0x6fff990d5e50>, 'ctx': {'error': "MissingGreenlet: greenlet_spawn has not been called; can't call await_only() here. Was IO attempted in an unexpected place? (Background on this error at: https://sqlalche.me/e/20/xd2s)"}}
  {'type': 'value_error', 'loc': ('response', 352, 'risk_level'), 'msg': "Value error, risk_level must be one of ['Low', 'Moderate', 'High']", 'input': 'MODERATE', 'ctx': {'error': ValueError("risk_level must be one of ['Low', 'Moderate', 'High']")}}
  {'type': 'get_attribute_error', 'loc': ('response', 352, 'herb'), 'msg': "Error extracting attribute: MissingGreenlet: greenlet_spawn has not been called; can't call await_only() here. Was IO attempted in an unexpected place? (Background on this error at: https://sqlalche.me/e/20/xd2s)", 'input': <app.db.models.interaction.Interaction object at 0x6fff990d5eb0>, 'ctx': {'error': "MissingGreenlet: greenlet_spawn has not been called; can't call await_only() here. Was IO attempted in an unexpected place? (Background on this error at: https://sqlalche.me/e/20/xd2s)"}}
  {'type': 'get_attribute_error', 'loc': ('response', 352, 'drug'), 'msg': "Error extracting attribute: MissingGreenlet: greenlet_spawn has not been called; can't call await_only() here. Was IO attempted in an unexpected place? (Background on this error at: https://sqlalche.me/e/20/xd2s)", 'input': <app.db.models.interaction.Interaction object at 0x6fff990d5eb0>, 'ctx': {'error': "MissingGreenlet: greenlet_spawn has not been called; can't call await_only() here. Was IO attempted in an unexpected place? (Background on this error at: https://sqlalche.me/e/20/xd2s)"}}
  {'type': 'value_error', 'loc': ('response', 353, 'risk_level'), 'msg': "Value error, risk_level must be one of ['Low', 'Moderate', 'High']", 'input': 'MODERATE', 'ctx': {'error': ValueError("risk_level must be one of ['Low', 'Moderate', 'High']")}}
  {'type': 'get_attribute_error', 'loc': ('response', 353, 'herb'), 'msg': "Error extracting attribute: MissingGreenlet: greenlet_spawn has not been called; can't call await_only() here. Was IO attempted in an unexpected place? (Background on this error at: https://sqlalche.me/e/20/xd2s)", 'input': <app.db.models.interaction.Interaction object at 0x6fff990d5f10>, 'ctx': {'error': "MissingGreenlet: greenlet_spawn has not been called; can't call await_only() here. Was IO attempted in an unexpected place? (Background on this error at: https://sqlalche.me/e/20/xd2s)"}}
  {'type': 'get_attribute_error', 'loc': ('response', 353, 'drug'), 'msg': "Error extracting attribute: MissingGreenlet: greenlet_spawn has not been called; can't call await_only() here. Was IO attempted in an unexpected place? (Background on this error at: https://sqlalche.me/e/20/xd2s)", 'input': <app.db.models.interaction.Interaction object at 0x6fff990d5f10>, 'ctx': {'error': "MissingGreenlet: greenlet_spawn has not been called; can't call await_only() here. Was IO attempted in an unexpected place? (Background on this error at: https://sqlalche.me/e/20/xd2s)"}}
  {'type': 'value_error', 'loc': ('response', 354, 'risk_level'), 'msg': "Value error, risk_level must be one of ['Low', 'Moderate', 'High']", 'input': 'LOW', 'ctx': {'error': ValueError("risk_level must be one of ['Low', 'Moderate', 'High']")}}
  {'type': 'get_attribute_error', 'loc': ('response', 354, 'herb'), 'msg': "Error extracting attribute: MissingGreenlet: greenlet_spawn has not been called; can't call await_only() here. Was IO attempted in an unexpected place? (Background on this error at: https://sqlalche.me/e/20/xd2s)", 'input': <app.db.models.interaction.Interaction object at 0x6fff990d5f70>, 'ctx': {'error': "MissingGreenlet: greenlet_spawn has not been called; can't call await_only() here. Was IO attempted in an unexpected place? (Background on this error at: https://sqlalche.me/e/20/xd2s)"}}
  {'type': 'get_attribute_error', 'loc': ('response', 354, 'drug'), 'msg': "Error extracting attribute: MissingGreenlet: greenlet_spawn has not been called; can't call await_only() here. Was IO attempted in an unexpected place? (Background on this error at: https://sqlalche.me/e/20/xd2s)", 'input': <app.db.models.interaction.Interaction object at 0x6fff990d5f70>, 'ctx': {'error': "MissingGreenlet: greenlet_spawn has not been called; can't call await_only() here. Was IO attempted in an unexpected place? (Background on this error at: https://sqlalche.me/e/20/xd2s)"}}
  {'type': 'value_error', 'loc': ('response', 355, 'risk_level'), 'msg': "Value error, risk_level must be one of ['Low', 'Moderate', 'High']", 'input': 'LOW', 'ctx': {'error': ValueError("risk_level must be one of ['Low', 'Moderate', 'High']")}}
  {'type': 'get_attribute_error', 'loc': ('response', 355, 'herb'), 'msg': "Error extracting attribute: MissingGreenlet: greenlet_spawn has not been called; can't call await_only() here. Was IO attempted in an unexpected place? (Background on this error at: https://sqlalche.me/e/20/xd2s)", 'input': <app.db.models.interaction.Interaction object at 0x6fff990d5fd0>, 'ctx': {'error': "MissingGreenlet: greenlet_spawn has not been called; can't call await_only() here. Was IO attempted in an unexpected place? (Background on this error at: https://sqlalche.me/e/20/xd2s)"}}
  {'type': 'get_attribute_error', 'loc': ('response', 355, 'drug'), 'msg': "Error extracting attribute: MissingGreenlet: greenlet_spawn has not been called; can't call await_only() here. Was IO attempted in an unexpected place? (Background on this error at: https://sqlalche.me/e/20/xd2s)", 'input': <app.db.models.interaction.Interaction object at 0x6fff990d5fd0>, 'ctx': {'error': "MissingGreenlet: greenlet_spawn has not been called; can't call await_only() here. Was IO attempted in an unexpected place? (Background on this error at: https://sqlalche.me/e/20/xd2s)"}}
  {'type': 'value_error', 'loc': ('response', 356, 'risk_level'), 'msg': "Value error, risk_level must be one of ['Low', 'Moderate', 'High']", 'input': 'MODERATE', 'ctx': {'error': ValueError("risk_level must be one of ['Low', 'Moderate', 'High']")}}
  {'type': 'get_attribute_error', 'loc': ('response', 356, 'herb'), 'msg': "Error extracting attribute: MissingGreenlet: greenlet_spawn has not been called; can't call await_only() here. Was IO attempted in an unexpected place? (Background on this error at: https://sqlalche.me/e/20/xd2s)", 'input': <app.db.models.interaction.Interaction object at 0x6fff990d6030>, 'ctx': {'error': "MissingGreenlet: greenlet_spawn has not been called; can't call await_only() here. Was IO attempted in an unexpected place? (Background on this error at: https://sqlalche.me/e/20/xd2s)"}}
  {'type': 'get_attribute_error', 'loc': ('response', 356, 'drug'), 'msg': "Error extracting attribute: MissingGreenlet: greenlet_spawn has not been called; can't call await_only() here. Was IO attempted in an unexpected place? (Background on this error at: https://sqlalche.me/e/20/xd2s)", 'input': <app.db.models.interaction.Interaction object at 0x6fff990d6030>, 'ctx': {'error': "MissingGreenlet: greenlet_spawn has not been called; can't call await_only() here. Was IO attempted in an unexpected place? (Background on this error at: https://sqlalche.me/e/20/xd2s)"}}
  {'type': 'value_error', 'loc': ('response', 357, 'risk_level'), 'msg': "Value error, risk_level must be one of ['Low', 'Moderate', 'High']", 'input': 'MODERATE', 'ctx': {'error': ValueError("risk_level must be one of ['Low', 'Moderate', 'High']")}}
  {'type': 'get_attribute_error', 'loc': ('response', 357, 'herb'), 'msg': "Error extracting attribute: MissingGreenlet: greenlet_spawn has not been called; can't call await_only() here. Was IO attempted in an unexpected place? (Background on this error at: https://sqlalche.me/e/20/xd2s)", 'input': <app.db.models.interaction.Interaction object at 0x6fff990d6090>, 'ctx': {'error': "MissingGreenlet: greenlet_spawn has not been called; can't call await_only() here. Was IO attempted in an unexpected place? (Background on this error at: https://sqlalche.me/e/20/xd2s)"}}
  {'type': 'get_attribute_error', 'loc': ('response', 357, 'drug'), 'msg': "Error extracting attribute: MissingGreenlet: greenlet_spawn has not been called; can't call await_only() here. Was IO attempted in an unexpected place? (Background on this error at: https://sqlalche.me/e/20/xd2s)", 'input': <app.db.models.interaction.Interaction object at 0x6fff990d6090>, 'ctx': {'error': "MissingGreenlet: greenlet_spawn has not been called; can't call await_only() here. Was IO attempted in an unexpected place? (Background on this error at: https://sqlalche.me/e/20/xd2s)"}}
  {'type': 'value_error', 'loc': ('response', 358, 'risk_level'), 'msg': "Value error, risk_level must be one of ['Low', 'Moderate', 'High']", 'input': 'MODERATE', 'ctx': {'error': ValueError("risk_level must be one of ['Low', 'Moderate', 'High']")}}
  {'type': 'get_attribute_error', 'loc': ('response', 358, 'herb'), 'msg': "Error extracting attribute: MissingGreenlet: greenlet_spawn has not been called; can't call await_only() here. Was IO attempted in an unexpected place? (Background on this error at: https://sqlalche.me/e/20/xd2s)", 'input': <app.db.models.interaction.Interaction object at 0x6fff990d60f0>, 'ctx': {'error': "MissingGreenlet: greenlet_spawn has not been called; can't call await_only() here. Was IO attempted in an unexpected place? (Background on this error at: https://sqlalche.me/e/20/xd2s)"}}
  {'type': 'get_attribute_error', 'loc': ('response', 358, 'drug'), 'msg': "Error extracting attribute: MissingGreenlet: greenlet_spawn has not been called; can't call await_only() here. Was IO attempted in an unexpected place? (Background on this error at: https://sqlalche.me/e/20/xd2s)", 'input': <app.db.models.interaction.Interaction object at 0x6fff990d60f0>, 'ctx': {'error': "MissingGreenlet: greenlet_spawn has not been called; can't call await_only() here. Was IO attempted in an unexpected place? (Background on this error at: https://sqlalche.me/e/20/xd2s)"}}
  {'type': 'value_error', 'loc': ('response', 359, 'risk_level'), 'msg': "Value error, risk_level must be one of ['Low', 'Moderate', 'High']", 'input': 'MODERATE', 'ctx': {'error': ValueError("risk_level must be one of ['Low', 'Moderate', 'High']")}}
  {'type': 'get_attribute_error', 'loc': ('response', 359, 'herb'), 'msg': "Error extracting attribute: MissingGreenlet: greenlet_spawn has not been called; can't call await_only() here. Was IO attempted in an unexpected place? (Background on this error at: https://sqlalche.me/e/20/xd2s)", 'input': <app.db.models.interaction.Interaction object at 0x6fff990d6150>, 'ctx': {'error': "MissingGreenlet: greenlet_spawn has not been called; can't call await_only() here. Was IO attempted in an unexpected place? (Background on this error at: https://sqlalche.me/e/20/xd2s)"}}
  {'type': 'get_attribute_error', 'loc': ('response', 359, 'drug'), 'msg': "Error extracting attribute: MissingGreenlet: greenlet_spawn has not been called; can't call await_only() here. Was IO attempted in an unexpected place? (Background on this error at: https://sqlalche.me/e/20/xd2s)", 'input': <app.db.models.interaction.Interaction object at 0x6fff990d6150>, 'ctx': {'error': "MissingGreenlet: greenlet_spawn has not been called; can't call await_only() here. Was IO attempted in an unexpected place? (Background on this error at: https://sqlalche.me/e/20/xd2s)"}}
  {'type': 'value_error', 'loc': ('response', 360, 'risk_level'), 'msg': "Value error, risk_level must be one of ['Low', 'Moderate', 'High']", 'input': 'MODERATE', 'ctx': {'error': ValueError("risk_level must be one of ['Low', 'Moderate', 'High']")}}
  {'type': 'get_attribute_error', 'loc': ('response', 360, 'herb'), 'msg': "Error extracting attribute: MissingGreenlet: greenlet_spawn has not been called; can't call await_only() here. Was IO attempted in an unexpected place? (Background on this error at: https://sqlalche.me/e/20/xd2s)", 'input': <app.db.models.interaction.Interaction object at 0x6fff990d61b0>, 'ctx': {'error': "MissingGreenlet: greenlet_spawn has not been called; can't call await_only() here. Was IO attempted in an unexpected place? (Background on this error at: https://sqlalche.me/e/20/xd2s)"}}
  {'type': 'get_attribute_error', 'loc': ('response', 360, 'drug'), 'msg': "Error extracting attribute: MissingGreenlet: greenlet_spawn has not been called; can't call await_only() here. Was IO attempted in an unexpected place? (Background on this error at: https://sqlalche.me/e/20/xd2s)", 'input': <app.db.models.interaction.Interaction object at 0x6fff990d61b0>, 'ctx': {'error': "MissingGreenlet: greenlet_spawn has not been called; can't call await_only() here. Was IO attempted in an unexpected place? (Background on this error at: https://sqlalche.me/e/20/xd2s)"}}
  {'type': 'value_error', 'loc': ('response', 361, 'risk_level'), 'msg': "Value error, risk_level must be one of ['Low', 'Moderate', 'High']", 'input': 'MODERATE', 'ctx': {'error': ValueError("risk_level must be one of ['Low', 'Moderate', 'High']")}}
  {'type': 'get_attribute_error', 'loc': ('response', 361, 'herb'), 'msg': "Error extracting attribute: MissingGreenlet: greenlet_spawn has not been called; can't call await_only() here. Was IO attempted in an unexpected place? (Background on this error at: https://sqlalche.me/e/20/xd2s)", 'input': <app.db.models.interaction.Interaction object at 0x6fff990d6210>, 'ctx': {'error': "MissingGreenlet: greenlet_spawn has not been called; can't call await_only() here. Was IO attempted in an unexpected place? (Background on this error at: https://sqlalche.me/e/20/xd2s)"}}
  {'type': 'get_attribute_error', 'loc': ('response', 361, 'drug'), 'msg': "Error extracting attribute: MissingGreenlet: greenlet_spawn has not been called; can't call await_only() here. Was IO attempted in an unexpected place? (Background on this error at: https://sqlalche.me/e/20/xd2s)", 'input': <app.db.models.interaction.Interaction object at 0x6fff990d6210>, 'ctx': {'error': "MissingGreenlet: greenlet_spawn has not been called; can't call await_only() here. Was IO attempted in an unexpected place? (Background on this error at: https://sqlalche.me/e/20/xd2s)"}}
  {'type': 'value_error', 'loc': ('response', 362, 'risk_level'), 'msg': "Value error, risk_level must be one of ['Low', 'Moderate', 'High']", 'input': 'MODERATE', 'ctx': {'error': ValueError("risk_level must be one of ['Low', 'Moderate', 'High']")}}
  {'type': 'get_attribute_error', 'loc': ('response', 362, 'herb'), 'msg': "Error extracting attribute: MissingGreenlet: greenlet_spawn has not been called; can't call await_only() here. Was IO attempted in an unexpected place? (Background on this error at: https://sqlalche.me/e/20/xd2s)", 'input': <app.db.models.interaction.Interaction object at 0x6fff990d6270>, 'ctx': {'error': "MissingGreenlet: greenlet_spawn has not been called; can't call await_only() here. Was IO attempted in an unexpected place? (Background on this error at: https://sqlalche.me/e/20/xd2s)"}}
  {'type': 'get_attribute_error', 'loc': ('response', 362, 'drug'), 'msg': "Error extracting attribute: MissingGreenlet: greenlet_spawn has not been called; can't call await_only() here. Was IO attempted in an unexpected place? (Background on this error at: https://sqlalche.me/e/20/xd2s)", 'input': <app.db.models.interaction.Interaction object at 0x6fff990d6270>, 'ctx': {'error': "MissingGreenlet: greenlet_spawn has not been called; can't call await_only() here. Was IO attempted in an unexpected place? (Background on this error at: https://sqlalche.me/e/20/xd2s)"}}
  {'type': 'value_error', 'loc': ('response', 363, 'risk_level'), 'msg': "Value error, risk_level must be one of ['Low', 'Moderate', 'High']", 'input': 'HIGH', 'ctx': {'error': ValueError("risk_level must be one of ['Low', 'Moderate', 'High']")}}
  {'type': 'get_attribute_error', 'loc': ('response', 363, 'herb'), 'msg': "Error extracting attribute: MissingGreenlet: greenlet_spawn has not been called; can't call await_only() here. Was IO attempted in an unexpected place? (Background on this error at: https://sqlalche.me/e/20/xd2s)", 'input': <app.db.models.interaction.Interaction object at 0x6fff990d62d0>, 'ctx': {'error': "MissingGreenlet: greenlet_spawn has not been called; can't call await_only() here. Was IO attempted in an unexpected place? (Background on this error at: https://sqlalche.me/e/20/xd2s)"}}
  {'type': 'get_attribute_error', 'loc': ('response', 363, 'drug'), 'msg': "Error extracting attribute: MissingGreenlet: greenlet_spawn has not been called; can't call await_only() here. Was IO attempted in an unexpected place? (Background on this error at: https://sqlalche.me/e/20/xd2s)", 'input': <app.db.models.interaction.Interaction object at 0x6fff990d62d0>, 'ctx': {'error': "MissingGreenlet: greenlet_spawn has not been called; can't call await_only() here. Was IO attempted in an unexpected place? (Background on this error at: https://sqlalche.me/e/20/xd2s)"}}
  {'type': 'value_error', 'loc': ('response', 364, 'risk_level'), 'msg': "Value error, risk_level must be one of ['Low', 'Moderate', 'High']", 'input': 'LOW', 'ctx': {'error': ValueError("risk_level must be one of ['Low', 'Moderate', 'High']")}}
  {'type': 'get_attribute_error', 'loc': ('response', 364, 'herb'), 'msg': "Error extracting attribute: MissingGreenlet: greenlet_spawn has not been called; can't call await_only() here. Was IO attempted in an unexpected place? (Background on this error at: https://sqlalche.me/e/20/xd2s)", 'input': <app.db.models.interaction.Interaction object at 0x6fff990d6330>, 'ctx': {'error': "MissingGreenlet: greenlet_spawn has not been called; can't call await_only() here. Was IO attempted in an unexpected place? (Background on this error at: https://sqlalche.me/e/20/xd2s)"}}
  {'type': 'get_attribute_error', 'loc': ('response', 364, 'drug'), 'msg': "Error extracting attribute: MissingGreenlet: greenlet_spawn has not been called; can't call await_only() here. Was IO attempted in an unexpected place? (Background on this error at: https://sqlalche.me/e/20/xd2s)", 'input': <app.db.models.interaction.Interaction object at 0x6fff990d6330>, 'ctx': {'error': "MissingGreenlet: greenlet_spawn has not been called; can't call await_only() here. Was IO attempted in an unexpected place? (Background on this error at: https://sqlalche.me/e/20/xd2s)"}}
  {'type': 'value_error', 'loc': ('response', 365, 'risk_level'), 'msg': "Value error, risk_level must be one of ['Low', 'Moderate', 'High']", 'input': 'MODERATE', 'ctx': {'error': ValueError("risk_level must be one of ['Low', 'Moderate', 'High']")}}
  {'type': 'get_attribute_error', 'loc': ('response', 365, 'herb'), 'msg': "Error extracting attribute: MissingGreenlet: greenlet_spawn has not been called; can't call await_only() here. Was IO attempted in an unexpected place? (Background on this error at: https://sqlalche.me/e/20/xd2s)", 'input': <app.db.models.interaction.Interaction object at 0x6fff990d6390>, 'ctx': {'error': "MissingGreenlet: greenlet_spawn has not been called; can't call await_only() here. Was IO attempted in an unexpected place? (Background on this error at: https://sqlalche.me/e/20/xd2s)"}}
  {'type': 'get_attribute_error', 'loc': ('response', 365, 'drug'), 'msg': "Error extracting attribute: MissingGreenlet: greenlet_spawn has not been called; can't call await_only() here. Was IO attempted in an unexpected place? (Background on this error at: https://sqlalche.me/e/20/xd2s)", 'input': <app.db.models.interaction.Interaction object at 0x6fff990d6390>, 'ctx': {'error': "MissingGreenlet: greenlet_spawn has not been called; can't call await_only() here. Was IO attempted in an unexpected place? (Background on this error at: https://sqlalche.me/e/20/xd2s)"}}
  {'type': 'value_error', 'loc': ('response', 366, 'risk_level'), 'msg': "Value error, risk_level must be one of ['Low', 'Moderate', 'High']", 'input': 'MODERATE', 'ctx': {'error': ValueError("risk_level must be one of ['Low', 'Moderate', 'High']")}}
  {'type': 'get_attribute_error', 'loc': ('response', 366, 'herb'), 'msg': "Error extracting attribute: MissingGreenlet: greenlet_spawn has not been called; can't call await_only() here. Was IO attempted in an unexpected place? (Background on this error at: https://sqlalche.me/e/20/xd2s)", 'input': <app.db.models.interaction.Interaction object at 0x6fff990d63f0>, 'ctx': {'error': "MissingGreenlet: greenlet_spawn has not been called; can't call await_only() here. Was IO attempted in an unexpected place? (Background on this error at: https://sqlalche.me/e/20/xd2s)"}}
  {'type': 'get_attribute_error', 'loc': ('response', 366, 'drug'), 'msg': "Error extracting attribute: MissingGreenlet: greenlet_spawn has not been called; can't call await_only() here. Was IO attempted in an unexpected place? (Background on this error at: https://sqlalche.me/e/20/xd2s)", 'input': <app.db.models.interaction.Interaction object at 0x6fff990d63f0>, 'ctx': {'error': "MissingGreenlet: greenlet_spawn has not been called; can't call await_only() here. Was IO attempted in an unexpected place? (Background on this error at: https://sqlalche.me/e/20/xd2s)"}}
  {'type': 'value_error', 'loc': ('response', 367, 'risk_level'), 'msg': "Value error, risk_level must be one of ['Low', 'Moderate', 'High']", 'input': 'MODERATE', 'ctx': {'error': ValueError("risk_level must be one of ['Low', 'Moderate', 'High']")}}
  {'type': 'get_attribute_error', 'loc': ('response', 367, 'herb'), 'msg': "Error extracting attribute: MissingGreenlet: greenlet_spawn has not been called; can't call await_only() here. Was IO attempted in an unexpected place? (Background on this error at: https://sqlalche.me/e/20/xd2s)", 'input': <app.db.models.interaction.Interaction object at 0x6fff990d6450>, 'ctx': {'error': "MissingGreenlet: greenlet_spawn has not been called; can't call await_only() here. Was IO attempted in an unexpected place? (Background on this error at: https://sqlalche.me/e/20/xd2s)"}}
  {'type': 'get_attribute_error', 'loc': ('response', 367, 'drug'), 'msg': "Error extracting attribute: MissingGreenlet: greenlet_spawn has not been called; can't call await_only() here. Was IO attempted in an unexpected place? (Background on this error at: https://sqlalche.me/e/20/xd2s)", 'input': <app.db.models.interaction.Interaction object at 0x6fff990d6450>, 'ctx': {'error': "MissingGreenlet: greenlet_spawn has not been called; can't call await_only() here. Was IO attempted in an unexpected place? (Background on this error at: https://sqlalche.me/e/20/xd2s)"}}
  {'type': 'value_error', 'loc': ('response', 368, 'risk_level'), 'msg': "Value error, risk_level must be one of ['Low', 'Moderate', 'High']", 'input': 'MODERATE', 'ctx': {'error': ValueError("risk_level must be one of ['Low', 'Moderate', 'High']")}}
  {'type': 'get_attribute_error', 'loc': ('response', 368, 'herb'), 'msg': "Error extracting attribute: MissingGreenlet: greenlet_spawn has not been called; can't call await_only() here. Was IO attempted in an unexpected place? (Background on this error at: https://sqlalche.me/e/20/xd2s)", 'input': <app.db.models.interaction.Interaction object at 0x6fff990d64b0>, 'ctx': {'error': "MissingGreenlet: greenlet_spawn has not been called; can't call await_only() here. Was IO attempted in an unexpected place? (Background on this error at: https://sqlalche.me/e/20/xd2s)"}}
  {'type': 'get_attribute_error', 'loc': ('response', 368, 'drug'), 'msg': "Error extracting attribute: MissingGreenlet: greenlet_spawn has not been called; can't call await_only() here. Was IO attempted in an unexpected place? (Background on this error at: https://sqlalche.me/e/20/xd2s)", 'input': <app.db.models.interaction.Interaction object at 0x6fff990d64b0>, 'ctx': {'error': "MissingGreenlet: greenlet_spawn has not been called; can't call await_only() here. Was IO attempted in an unexpected place? (Background on this error at: https://sqlalche.me/e/20/xd2s)"}}
  {'type': 'value_error', 'loc': ('response', 369, 'risk_level'), 'msg': "Value error, risk_level must be one of ['Low', 'Moderate', 'High']", 'input': 'MODERATE', 'ctx': {'error': ValueError("risk_level must be one of ['Low', 'Moderate', 'High']")}}
  {'type': 'get_attribute_error', 'loc': ('response', 369, 'herb'), 'msg': "Error extracting attribute: MissingGreenlet: greenlet_spawn has not been called; can't call await_only() here. Was IO attempted in an unexpected place? (Background on this error at: https://sqlalche.me/e/20/xd2s)", 'input': <app.db.models.interaction.Interaction object at 0x6fff990d6510>, 'ctx': {'error': "MissingGreenlet: greenlet_spawn has not been called; can't call await_only() here. Was IO attempted in an unexpected place? (Background on this error at: https://sqlalche.me/e/20/xd2s)"}}
  {'type': 'get_attribute_error', 'loc': ('response', 369, 'drug'), 'msg': "Error extracting attribute: MissingGreenlet: greenlet_spawn has not been called; can't call await_only() here. Was IO attempted in an unexpected place? (Background on this error at: https://sqlalche.me/e/20/xd2s)", 'input': <app.db.models.interaction.Interaction object at 0x6fff990d6510>, 'ctx': {'error': "MissingGreenlet: greenlet_spawn has not been called; can't call await_only() here. Was IO attempted in an unexpected place? (Background on this error at: https://sqlalche.me/e/20/xd2s)"}}
  {'type': 'value_error', 'loc': ('response', 370, 'risk_level'), 'msg': "Value error, risk_level must be one of ['Low', 'Moderate', 'High']", 'input': 'LOW', 'ctx': {'error': ValueError("risk_level must be one of ['Low', 'Moderate', 'High']")}}
  {'type': 'get_attribute_error', 'loc': ('response', 370, 'herb'), 'msg': "Error extracting attribute: MissingGreenlet: greenlet_spawn has not been called; can't call await_only() here. Was IO attempted in an unexpected place? (Background on this error at: https://sqlalche.me/e/20/xd2s)", 'input': <app.db.models.interaction.Interaction object at 0x6fff990d6570>, 'ctx': {'error': "MissingGreenlet: greenlet_spawn has not been called; can't call await_only() here. Was IO attempted in an unexpected place? (Background on this error at: https://sqlalche.me/e/20/xd2s)"}}
  {'type': 'get_attribute_error', 'loc': ('response', 370, 'drug'), 'msg': "Error extracting attribute: MissingGreenlet: greenlet_spawn has not been called; can't call await_only() here. Was IO attempted in an unexpected place? (Background on this error at: https://sqlalche.me/e/20/xd2s)", 'input': <app.db.models.interaction.Interaction object at 0x6fff990d6570>, 'ctx': {'error': "MissingGreenlet: greenlet_spawn has not been called; can't call await_only() here. Was IO attempted in an unexpected place? (Background on this error at: https://sqlalche.me/e/20/xd2s)"}}
  {'type': 'value_error', 'loc': ('response', 371, 'risk_level'), 'msg': "Value error, risk_level must be one of ['Low', 'Moderate', 'High']", 'input': 'LOW', 'ctx': {'error': ValueError("risk_level must be one of ['Low', 'Moderate', 'High']")}}
  {'type': 'get_attribute_error', 'loc': ('response', 371, 'herb'), 'msg': "Error extracting attribute: MissingGreenlet: greenlet_spawn has not been called; can't call await_only() here. Was IO attempted in an unexpected place? (Background on this error at: https://sqlalche.me/e/20/xd2s)", 'input': <app.db.models.interaction.Interaction object at 0x6fff990d65d0>, 'ctx': {'error': "MissingGreenlet: greenlet_spawn has not been called; can't call await_only() here. Was IO attempted in an unexpected place? (Background on this error at: https://sqlalche.me/e/20/xd2s)"}}
  {'type': 'get_attribute_error', 'loc': ('response', 371, 'drug'), 'msg': "Error extracting attribute: MissingGreenlet: greenlet_spawn has not been called; can't call await_only() here. Was IO attempted in an unexpected place? (Background on this error at: https://sqlalche.me/e/20/xd2s)", 'input': <app.db.models.interaction.Interaction object at 0x6fff990d65d0>, 'ctx': {'error': "MissingGreenlet: greenlet_spawn has not been called; can't call await_only() here. Was IO attempted in an unexpected place? (Background on this error at: https://sqlalche.me/e/20/xd2s)"}}
  {'type': 'value_error', 'loc': ('response', 372, 'risk_level'), 'msg': "Value error, risk_level must be one of ['Low', 'Moderate', 'High']", 'input': 'MODERATE', 'ctx': {'error': ValueError("risk_level must be one of ['Low', 'Moderate', 'High']")}}
  {'type': 'get_attribute_error', 'loc': ('response', 372, 'herb'), 'msg': "Error extracting attribute: MissingGreenlet: greenlet_spawn has not been called; can't call await_only() here. Was IO attempted in an unexpected place? (Background on this error at: https://sqlalche.me/e/20/xd2s)", 'input': <app.db.models.interaction.Interaction object at 0x6fff990d6630>, 'ctx': {'error': "MissingGreenlet: greenlet_spawn has not been called; can't call await_only() here. Was IO attempted in an unexpected place? (Background on this error at: https://sqlalche.me/e/20/xd2s)"}}
  {'type': 'get_attribute_error', 'loc': ('response', 372, 'drug'), 'msg': "Error extracting attribute: MissingGreenlet: greenlet_spawn has not been called; can't call await_only() here. Was IO attempted in an unexpected place? (Background on this error at: https://sqlalche.me/e/20/xd2s)", 'input': <app.db.models.interaction.Interaction object at 0x6fff990d6630>, 'ctx': {'error': "MissingGreenlet: greenlet_spawn has not been called; can't call await_only() here. Was IO attempted in an unexpected place? (Background on this error at: https://sqlalche.me/e/20/xd2s)"}}
  {'type': 'value_error', 'loc': ('response', 373, 'risk_level'), 'msg': "Value error, risk_level must be one of ['Low', 'Moderate', 'High']", 'input': 'MODERATE', 'ctx': {'error': ValueError("risk_level must be one of ['Low', 'Moderate', 'High']")}}
  {'type': 'get_attribute_error', 'loc': ('response', 373, 'herb'), 'msg': "Error extracting attribute: MissingGreenlet: greenlet_spawn has not been called; can't call await_only() here. Was IO attempted in an unexpected place? (Background on this error at: https://sqlalche.me/e/20/xd2s)", 'input': <app.db.models.interaction.Interaction object at 0x6fff990d6690>, 'ctx': {'error': "MissingGreenlet: greenlet_spawn has not been called; can't call await_only() here. Was IO attempted in an unexpected place? (Background on this error at: https://sqlalche.me/e/20/xd2s)"}}
  {'type': 'get_attribute_error', 'loc': ('response', 373, 'drug'), 'msg': "Error extracting attribute: MissingGreenlet: greenlet_spawn has not been called; can't call await_only() here. Was IO attempted in an unexpected place? (Background on this error at: https://sqlalche.me/e/20/xd2s)", 'input': <app.db.models.interaction.Interaction object at 0x6fff990d6690>, 'ctx': {'error': "MissingGreenlet: greenlet_spawn has not been called; can't call await_only() here. Was IO attempted in an unexpected place? (Background on this error at: https://sqlalche.me/e/20/xd2s)"}}
  {'type': 'value_error', 'loc': ('response', 374, 'risk_level'), 'msg': "Value error, risk_level must be one of ['Low', 'Moderate', 'High']", 'input': 'LOW', 'ctx': {'error': ValueError("risk_level must be one of ['Low', 'Moderate', 'High']")}}
  {'type': 'get_attribute_error', 'loc': ('response', 374, 'herb'), 'msg': "Error extracting attribute: MissingGreenlet: greenlet_spawn has not been called; can't call await_only() here. Was IO attempted in an unexpected place? (Background on this error at: https://sqlalche.me/e/20/xd2s)", 'input': <app.db.models.interaction.Interaction object at 0x6fff990d66f0>, 'ctx': {'error': "MissingGreenlet: greenlet_spawn has not been called; can't call await_only() here. Was IO attempted in an unexpected place? (Background on this error at: https://sqlalche.me/e/20/xd2s)"}}
  {'type': 'get_attribute_error', 'loc': ('response', 374, 'drug'), 'msg': "Error extracting attribute: MissingGreenlet: greenlet_spawn has not been called; can't call await_only() here. Was IO attempted in an unexpected place? (Background on this error at: https://sqlalche.me/e/20/xd2s)", 'input': <app.db.models.interaction.Interaction object at 0x6fff990d66f0>, 'ctx': {'error': "MissingGreenlet: greenlet_spawn has not been called; can't call await_only() here. Was IO attempted in an unexpected place? (Background on this error at: https://sqlalche.me/e/20/xd2s)"}}
  {'type': 'value_error', 'loc': ('response', 375, 'risk_level'), 'msg': "Value error, risk_level must be one of ['Low', 'Moderate', 'High']", 'input': 'LOW', 'ctx': {'error': ValueError("risk_level must be one of ['Low', 'Moderate', 'High']")}}
  {'type': 'get_attribute_error', 'loc': ('response', 375, 'herb'), 'msg': "Error extracting attribute: MissingGreenlet: greenlet_spawn has not been called; can't call await_only() here. Was IO attempted in an unexpected place? (Background on this error at: https://sqlalche.me/e/20/xd2s)", 'input': <app.db.models.interaction.Interaction object at 0x6fff990d6750>, 'ctx': {'error': "MissingGreenlet: greenlet_spawn has not been called; can't call await_only() here. Was IO attempted in an unexpected place? (Background on this error at: https://sqlalche.me/e/20/xd2s)"}}
  {'type': 'get_attribute_error', 'loc': ('response', 375, 'drug'), 'msg': "Error extracting attribute: MissingGreenlet: greenlet_spawn has not been called; can't call await_only() here. Was IO attempted in an unexpected place? (Background on this error at: https://sqlalche.me/e/20/xd2s)", 'input': <app.db.models.interaction.Interaction object at 0x6fff990d6750>, 'ctx': {'error': "MissingGreenlet: greenlet_spawn has not been called; can't call await_only() here. Was IO attempted in an unexpected place? (Background on this error at: https://sqlalche.me/e/20/xd2s)"}}
  {'type': 'value_error', 'loc': ('response', 376, 'risk_level'), 'msg': "Value error, risk_level must be one of ['Low', 'Moderate', 'High']", 'input': 'LOW', 'ctx': {'error': ValueError("risk_level must be one of ['Low', 'Moderate', 'High']")}}
  {'type': 'get_attribute_error', 'loc': ('response', 376, 'herb'), 'msg': "Error extracting attribute: MissingGreenlet: greenlet_spawn has not been called; can't call await_only() here. Was IO attempted in an unexpected place? (Background on this error at: https://sqlalche.me/e/20/xd2s)", 'input': <app.db.models.interaction.Interaction object at 0x6fff990d67b0>, 'ctx': {'error': "MissingGreenlet: greenlet_spawn has not been called; can't call await_only() here. Was IO attempted in an unexpected place? (Background on this error at: https://sqlalche.me/e/20/xd2s)"}}
  {'type': 'get_attribute_error', 'loc': ('response', 376, 'drug'), 'msg': "Error extracting attribute: MissingGreenlet: greenlet_spawn has not been called; can't call await_only() here. Was IO attempted in an unexpected place? (Background on this error at: https://sqlalche.me/e/20/xd2s)", 'input': <app.db.models.interaction.Interaction object at 0x6fff990d67b0>, 'ctx': {'error': "MissingGreenlet: greenlet_spawn has not been called; can't call await_only() here. Was IO attempted in an unexpected place? (Background on this error at: https://sqlalche.me/e/20/xd2s)"}}
  {'type': 'value_error', 'loc': ('response', 377, 'risk_level'), 'msg': "Value error, risk_level must be one of ['Low', 'Moderate', 'High']", 'input': 'MODERATE', 'ctx': {'error': ValueError("risk_level must be one of ['Low', 'Moderate', 'High']")}}
  {'type': 'get_attribute_error', 'loc': ('response', 377, 'herb'), 'msg': "Error extracting attribute: MissingGreenlet: greenlet_spawn has not been called; can't call await_only() here. Was IO attempted in an unexpected place? (Background on this error at: https://sqlalche.me/e/20/xd2s)", 'input': <app.db.models.interaction.Interaction object at 0x6fff990d6810>, 'ctx': {'error': "MissingGreenlet: greenlet_spawn has not been called; can't call await_only() here. Was IO attempted in an unexpected place? (Background on this error at: https://sqlalche.me/e/20/xd2s)"}}
  {'type': 'get_attribute_error', 'loc': ('response', 377, 'drug'), 'msg': "Error extracting attribute: MissingGreenlet: greenlet_spawn has not been called; can't call await_only() here. Was IO attempted in an unexpected place? (Background on this error at: https://sqlalche.me/e/20/xd2s)", 'input': <app.db.models.interaction.Interaction object at 0x6fff990d6810>, 'ctx': {'error': "MissingGreenlet: greenlet_spawn has not been called; can't call await_only() here. Was IO attempted in an unexpected place? (Background on this error at: https://sqlalche.me/e/20/xd2s)"}}
  {'type': 'value_error', 'loc': ('response', 378, 'risk_level'), 'msg': "Value error, risk_level must be one of ['Low', 'Moderate', 'High']", 'input': 'MODERATE', 'ctx': {'error': ValueError("risk_level must be one of ['Low', 'Moderate', 'High']")}}
  {'type': 'get_attribute_error', 'loc': ('response', 378, 'herb'), 'msg': "Error extracting attribute: MissingGreenlet: greenlet_spawn has not been called; can't call await_only() here. Was IO attempted in an unexpected place? (Background on this error at: https://sqlalche.me/e/20/xd2s)", 'input': <app.db.models.interaction.Interaction object at 0x6fff990d6870>, 'ctx': {'error': "MissingGreenlet: greenlet_spawn has not been called; can't call await_only() here. Was IO attempted in an unexpected place? (Background on this error at: https://sqlalche.me/e/20/xd2s)"}}
  {'type': 'get_attribute_error', 'loc': ('response', 378, 'drug'), 'msg': "Error extracting attribute: MissingGreenlet: greenlet_spawn has not been called; can't call await_only() here. Was IO attempted in an unexpected place? (Background on this error at: https://sqlalche.me/e/20/xd2s)", 'input': <app.db.models.interaction.Interaction object at 0x6fff990d6870>, 'ctx': {'error': "MissingGreenlet: greenlet_spawn has not been called; can't call await_only() here. Was IO attempted in an unexpected place? (Background on this error at: https://sqlalche.me/e/20/xd2s)"}}
  {'type': 'value_error', 'loc': ('response', 379, 'risk_level'), 'msg': "Value error, risk_level must be one of ['Low', 'Moderate', 'High']", 'input': 'MODERATE', 'ctx': {'error': ValueError("risk_level must be one of ['Low', 'Moderate', 'High']")}}
  {'type': 'get_attribute_error', 'loc': ('response', 379, 'herb'), 'msg': "Error extracting attribute: MissingGreenlet: greenlet_spawn has not been called; can't call await_only() here. Was IO attempted in an unexpected place? (Background on this error at: https://sqlalche.me/e/20/xd2s)", 'input': <app.db.models.interaction.Interaction object at 0x6fff990d68d0>, 'ctx': {'error': "MissingGreenlet: greenlet_spawn has not been called; can't call await_only() here. Was IO attempted in an unexpected place? (Background on this error at: https://sqlalche.me/e/20/xd2s)"}}
  {'type': 'get_attribute_error', 'loc': ('response', 379, 'drug'), 'msg': "Error extracting attribute: MissingGreenlet: greenlet_spawn has not been called; can't call await_only() here. Was IO attempted in an unexpected place? (Background on this error at: https://sqlalche.me/e/20/xd2s)", 'input': <app.db.models.interaction.Interaction object at 0x6fff990d68d0>, 'ctx': {'error': "MissingGreenlet: greenlet_spawn has not been called; can't call await_only() here. Was IO attempted in an unexpected place? (Background on this error at: https://sqlalche.me/e/20/xd2s)"}}
  {'type': 'value_error', 'loc': ('response', 380, 'risk_level'), 'msg': "Value error, risk_level must be one of ['Low', 'Moderate', 'High']", 'input': 'MODERATE', 'ctx': {'error': ValueError("risk_level must be one of ['Low', 'Moderate', 'High']")}}
  {'type': 'get_attribute_error', 'loc': ('response', 380, 'herb'), 'msg': "Error extracting attribute: MissingGreenlet: greenlet_spawn has not been called; can't call await_only() here. Was IO attempted in an unexpected place? (Background on this error at: https://sqlalche.me/e/20/xd2s)", 'input': <app.db.models.interaction.Interaction object at 0x6fff990d6930>, 'ctx': {'error': "MissingGreenlet: greenlet_spawn has not been called; can't call await_only() here. Was IO attempted in an unexpected place? (Background on this error at: https://sqlalche.me/e/20/xd2s)"}}
  {'type': 'get_attribute_error', 'loc': ('response', 380, 'drug'), 'msg': "Error extracting attribute: MissingGreenlet: greenlet_spawn has not been called; can't call await_only() here. Was IO attempted in an unexpected place? (Background on this error at: https://sqlalche.me/e/20/xd2s)", 'input': <app.db.models.interaction.Interaction object at 0x6fff990d6930>, 'ctx': {'error': "MissingGreenlet: greenlet_spawn has not been called; can't call await_only() here. Was IO attempted in an unexpected place? (Background on this error at: https://sqlalche.me/e/20/xd2s)"}}
  {'type': 'value_error', 'loc': ('response', 381, 'risk_level'), 'msg': "Value error, risk_level must be one of ['Low', 'Moderate', 'High']", 'input': 'MODERATE', 'ctx': {'error': ValueError("risk_level must be one of ['Low', 'Moderate', 'High']")}}
  {'type': 'get_attribute_error', 'loc': ('response', 381, 'herb'), 'msg': "Error extracting attribute: MissingGreenlet: greenlet_spawn has not been called; can't call await_only() here. Was IO attempted in an unexpected place? (Background on this error at: https://sqlalche.me/e/20/xd2s)", 'input': <app.db.models.interaction.Interaction object at 0x6fff990d6990>, 'ctx': {'error': "MissingGreenlet: greenlet_spawn has not been called; can't call await_only() here. Was IO attempted in an unexpected place? (Background on this error at: https://sqlalche.me/e/20/xd2s)"}}
  {'type': 'get_attribute_error', 'loc': ('response', 381, 'drug'), 'msg': "Error extracting attribute: MissingGreenlet: greenlet_spawn has not been called; can't call await_only() here. Was IO attempted in an unexpected place? (Background on this error at: https://sqlalche.me/e/20/xd2s)", 'input': <app.db.models.interaction.Interaction object at 0x6fff990d6990>, 'ctx': {'error': "MissingGreenlet: greenlet_spawn has not been called; can't call await_only() here. Was IO attempted in an unexpected place? (Background on this error at: https://sqlalche.me/e/20/xd2s)"}}
  {'type': 'value_error', 'loc': ('response', 382, 'risk_level'), 'msg': "Value error, risk_level must be one of ['Low', 'Moderate', 'High']", 'input': 'MODERATE', 'ctx': {'error': ValueError("risk_level must be one of ['Low', 'Moderate', 'High']")}}
  {'type': 'get_attribute_error', 'loc': ('response', 382, 'herb'), 'msg': "Error extracting attribute: MissingGreenlet: greenlet_spawn has not been called; can't call await_only() here. Was IO attempted in an unexpected place? (Background on this error at: https://sqlalche.me/e/20/xd2s)", 'input': <app.db.models.interaction.Interaction object at 0x6fff990d69f0>, 'ctx': {'error': "MissingGreenlet: greenlet_spawn has not been called; can't call await_only() here. Was IO attempted in an unexpected place? (Background on this error at: https://sqlalche.me/e/20/xd2s)"}}
  {'type': 'get_attribute_error', 'loc': ('response', 382, 'drug'), 'msg': "Error extracting attribute: MissingGreenlet: greenlet_spawn has not been called; can't call await_only() here. Was IO attempted in an unexpected place? (Background on this error at: https://sqlalche.me/e/20/xd2s)", 'input': <app.db.models.interaction.Interaction object at 0x6fff990d69f0>, 'ctx': {'error': "MissingGreenlet: greenlet_spawn has not been called; can't call await_only() here. Was IO attempted in an unexpected place? (Background on this error at: https://sqlalche.me/e/20/xd2s)"}}
  {'type': 'value_error', 'loc': ('response', 383, 'risk_level'), 'msg': "Value error, risk_level must be one of ['Low', 'Moderate', 'High']", 'input': 'MODERATE', 'ctx': {'error': ValueError("risk_level must be one of ['Low', 'Moderate', 'High']")}}
  {'type': 'get_attribute_error', 'loc': ('response', 383, 'herb'), 'msg': "Error extracting attribute: MissingGreenlet: greenlet_spawn has not been called; can't call await_only() here. Was IO attempted in an unexpected place? (Background on this error at: https://sqlalche.me/e/20/xd2s)", 'input': <app.db.models.interaction.Interaction object at 0x6fff990d6a50>, 'ctx': {'error': "MissingGreenlet: greenlet_spawn has not been called; can't call await_only() here. Was IO attempted in an unexpected place? (Background on this error at: https://sqlalche.me/e/20/xd2s)"}}
  {'type': 'get_attribute_error', 'loc': ('response', 383, 'drug'), 'msg': "Error extracting attribute: MissingGreenlet: greenlet_spawn has not been called; can't call await_only() here. Was IO attempted in an unexpected place? (Background on this error at: https://sqlalche.me/e/20/xd2s)", 'input': <app.db.models.interaction.Interaction object at 0x6fff990d6a50>, 'ctx': {'error': "MissingGreenlet: greenlet_spawn has not been called; can't call await_only() here. Was IO attempted in an unexpected place? (Background on this error at: https://sqlalche.me/e/20/xd2s)"}}
  {'type': 'value_error', 'loc': ('response', 384, 'risk_level'), 'msg': "Value error, risk_level must be one of ['Low', 'Moderate', 'High']", 'input': 'MODERATE', 'ctx': {'error': ValueError("risk_level must be one of ['Low', 'Moderate', 'High']")}}
  {'type': 'get_attribute_error', 'loc': ('response', 384, 'herb'), 'msg': "Error extracting attribute: MissingGreenlet: greenlet_spawn has not been called; can't call await_only() here. Was IO attempted in an unexpected place? (Background on this error at: https://sqlalche.me/e/20/xd2s)", 'input': <app.db.models.interaction.Interaction object at 0x6fff990d6ab0>, 'ctx': {'error': "MissingGreenlet: greenlet_spawn has not been called; can't call await_only() here. Was IO attempted in an unexpected place? (Background on this error at: https://sqlalche.me/e/20/xd2s)"}}
  {'type': 'get_attribute_error', 'loc': ('response', 384, 'drug'), 'msg': "Error extracting attribute: MissingGreenlet: greenlet_spawn has not been called; can't call await_only() here. Was IO attempted in an unexpected place? (Background on this error at: https://sqlalche.me/e/20/xd2s)", 'input': <app.db.models.interaction.Interaction object at 0x6fff990d6ab0>, 'ctx': {'error': "MissingGreenlet: greenlet_spawn has not been called; can't call await_only() here. Was IO attempted in an unexpected place? (Background on this error at: https://sqlalche.me/e/20/xd2s)"}}
  {'type': 'value_error', 'loc': ('response', 385, 'risk_level'), 'msg': "Value error, risk_level must be one of ['Low', 'Moderate', 'High']", 'input': 'LOW', 'ctx': {'error': ValueError("risk_level must be one of ['Low', 'Moderate', 'High']")}}
  {'type': 'get_attribute_error', 'loc': ('response', 385, 'herb'), 'msg': "Error extracting attribute: MissingGreenlet: greenlet_spawn has not been called; can't call await_only() here. Was IO attempted in an unexpected place? (Background on this error at: https://sqlalche.me/e/20/xd2s)", 'input': <app.db.models.interaction.Interaction object at 0x6fff990d6b10>, 'ctx': {'error': "MissingGreenlet: greenlet_spawn has not been called; can't call await_only() here. Was IO attempted in an unexpected place? (Background on this error at: https://sqlalche.me/e/20/xd2s)"}}
  {'type': 'get_attribute_error', 'loc': ('response', 385, 'drug'), 'msg': "Error extracting attribute: MissingGreenlet: greenlet_spawn has not been called; can't call await_only() here. Was IO attempted in an unexpected place? (Background on this error at: https://sqlalche.me/e/20/xd2s)", 'input': <app.db.models.interaction.Interaction object at 0x6fff990d6b10>, 'ctx': {'error': "MissingGreenlet: greenlet_spawn has not been called; can't call await_only() here. Was IO attempted in an unexpected place? (Background on this error at: https://sqlalche.me/e/20/xd2s)"}}
  {'type': 'value_error', 'loc': ('response', 386, 'risk_level'), 'msg': "Value error, risk_level must be one of ['Low', 'Moderate', 'High']", 'input': 'MODERATE', 'ctx': {'error': ValueError("risk_level must be one of ['Low', 'Moderate', 'High']")}}
  {'type': 'get_attribute_error', 'loc': ('response', 386, 'herb'), 'msg': "Error extracting attribute: MissingGreenlet: greenlet_spawn has not been called; can't call await_only() here. Was IO attempted in an unexpected place? (Background on this error at: https://sqlalche.me/e/20/xd2s)", 'input': <app.db.models.interaction.Interaction object at 0x6fff990d6b70>, 'ctx': {'error': "MissingGreenlet: greenlet_spawn has not been called; can't call await_only() here. Was IO attempted in an unexpected place? (Background on this error at: https://sqlalche.me/e/20/xd2s)"}}
  {'type': 'get_attribute_error', 'loc': ('response', 386, 'drug'), 'msg': "Error extracting attribute: MissingGreenlet: greenlet_spawn has not been called; can't call await_only() here. Was IO attempted in an unexpected place? (Background on this error at: https://sqlalche.me/e/20/xd2s)", 'input': <app.db.models.interaction.Interaction object at 0x6fff990d6b70>, 'ctx': {'error': "MissingGreenlet: greenlet_spawn has not been called; can't call await_only() here. Was IO attempted in an unexpected place? (Background on this error at: https://sqlalche.me/e/20/xd2s)"}}
  {'type': 'value_error', 'loc': ('response', 387, 'risk_level'), 'msg': "Value error, risk_level must be one of ['Low', 'Moderate', 'High']", 'input': 'MODERATE', 'ctx': {'error': ValueError("risk_level must be one of ['Low', 'Moderate', 'High']")}}
  {'type': 'get_attribute_error', 'loc': ('response', 387, 'herb'), 'msg': "Error extracting attribute: MissingGreenlet: greenlet_spawn has not been called; can't call await_only() here. Was IO attempted in an unexpected place? (Background on this error at: https://sqlalche.me/e/20/xd2s)", 'input': <app.db.models.interaction.Interaction object at 0x6fff990d6bd0>, 'ctx': {'error': "MissingGreenlet: greenlet_spawn has not been called; can't call await_only() here. Was IO attempted in an unexpected place? (Background on this error at: https://sqlalche.me/e/20/xd2s)"}}
  {'type': 'get_attribute_error', 'loc': ('response', 387, 'drug'), 'msg': "Error extracting attribute: MissingGreenlet: greenlet_spawn has not been called; can't call await_only() here. Was IO attempted in an unexpected place? (Background on this error at: https://sqlalche.me/e/20/xd2s)", 'input': <app.db.models.interaction.Interaction object at 0x6fff990d6bd0>, 'ctx': {'error': "MissingGreenlet: greenlet_spawn has not been called; can't call await_only() here. Was IO attempted in an unexpected place? (Background on this error at: https://sqlalche.me/e/20/xd2s)"}}
  {'type': 'value_error', 'loc': ('response', 388, 'risk_level'), 'msg': "Value error, risk_level must be one of ['Low', 'Moderate', 'High']", 'input': 'MODERATE', 'ctx': {'error': ValueError("risk_level must be one of ['Low', 'Moderate', 'High']")}}
  {'type': 'get_attribute_error', 'loc': ('response', 388, 'herb'), 'msg': "Error extracting attribute: MissingGreenlet: greenlet_spawn has not been called; can't call await_only() here. Was IO attempted in an unexpected place? (Background on this error at: https://sqlalche.me/e/20/xd2s)", 'input': <app.db.models.interaction.Interaction object at 0x6fff990d6c30>, 'ctx': {'error': "MissingGreenlet: greenlet_spawn has not been called; can't call await_only() here. Was IO attempted in an unexpected place? (Background on this error at: https://sqlalche.me/e/20/xd2s)"}}
  {'type': 'get_attribute_error', 'loc': ('response', 388, 'drug'), 'msg': "Error extracting attribute: MissingGreenlet: greenlet_spawn has not been called; can't call await_only() here. Was IO attempted in an unexpected place? (Background on this error at: https://sqlalche.me/e/20/xd2s)", 'input': <app.db.models.interaction.Interaction object at 0x6fff990d6c30>, 'ctx': {'error': "MissingGreenlet: greenlet_spawn has not been called; can't call await_only() here. Was IO attempted in an unexpected place? (Background on this error at: https://sqlalche.me/e/20/xd2s)"}}
  {'type': 'value_error', 'loc': ('response', 389, 'risk_level'), 'msg': "Value error, risk_level must be one of ['Low', 'Moderate', 'High']", 'input': 'MODERATE', 'ctx': {'error': ValueError("risk_level must be one of ['Low', 'Moderate', 'High']")}}
  {'type': 'get_attribute_error', 'loc': ('response', 389, 'herb'), 'msg': "Error extracting attribute: MissingGreenlet: greenlet_spawn has not been called; can't call await_only() here. Was IO attempted in an unexpected place? (Background on this error at: https://sqlalche.me/e/20/xd2s)", 'input': <app.db.models.interaction.Interaction object at 0x6fff990d6c90>, 'ctx': {'error': "MissingGreenlet: greenlet_spawn has not been called; can't call await_only() here. Was IO attempted in an unexpected place? (Background on this error at: https://sqlalche.me/e/20/xd2s)"}}
  {'type': 'get_attribute_error', 'loc': ('response', 389, 'drug'), 'msg': "Error extracting attribute: MissingGreenlet: greenlet_spawn has not been called; can't call await_only() here. Was IO attempted in an unexpected place? (Background on this error at: https://sqlalche.me/e/20/xd2s)", 'input': <app.db.models.interaction.Interaction object at 0x6fff990d6c90>, 'ctx': {'error': "MissingGreenlet: greenlet_spawn has not been called; can't call await_only() here. Was IO attempted in an unexpected place? (Background on this error at: https://sqlalche.me/e/20/xd2s)"}}
  {'type': 'value_error', 'loc': ('response', 390, 'risk_level'), 'msg': "Value error, risk_level must be one of ['Low', 'Moderate', 'High']", 'input': 'MODERATE', 'ctx': {'error': ValueError("risk_level must be one of ['Low', 'Moderate', 'High']")}}
  {'type': 'get_attribute_error', 'loc': ('response', 390, 'herb'), 'msg': "Error extracting attribute: MissingGreenlet: greenlet_spawn has not been called; can't call await_only() here. Was IO attempted in an unexpected place? (Background on this error at: https://sqlalche.me/e/20/xd2s)", 'input': <app.db.models.interaction.Interaction object at 0x6fff990d6cf0>, 'ctx': {'error': "MissingGreenlet: greenlet_spawn has not been called; can't call await_only() here. Was IO attempted in an unexpected place? (Background on this error at: https://sqlalche.me/e/20/xd2s)"}}
  {'type': 'get_attribute_error', 'loc': ('response', 390, 'drug'), 'msg': "Error extracting attribute: MissingGreenlet: greenlet_spawn has not been called; can't call await_only() here. Was IO attempted in an unexpected place? (Background on this error at: https://sqlalche.me/e/20/xd2s)", 'input': <app.db.models.interaction.Interaction object at 0x6fff990d6cf0>, 'ctx': {'error': "MissingGreenlet: greenlet_spawn has not been called; can't call await_only() here. Was IO attempted in an unexpected place? (Background on this error at: https://sqlalche.me/e/20/xd2s)"}}
  {'type': 'value_error', 'loc': ('response', 391, 'risk_level'), 'msg': "Value error, risk_level must be one of ['Low', 'Moderate', 'High']", 'input': 'MODERATE', 'ctx': {'error': ValueError("risk_level must be one of ['Low', 'Moderate', 'High']")}}
  {'type': 'get_attribute_error', 'loc': ('response', 391, 'herb'), 'msg': "Error extracting attribute: MissingGreenlet: greenlet_spawn has not been called; can't call await_only() here. Was IO attempted in an unexpected place? (Background on this error at: https://sqlalche.me/e/20/xd2s)", 'input': <app.db.models.interaction.Interaction object at 0x6fff990d6d50>, 'ctx': {'error': "MissingGreenlet: greenlet_spawn has not been called; can't call await_only() here. Was IO attempted in an unexpected place? (Background on this error at: https://sqlalche.me/e/20/xd2s)"}}
  {'type': 'get_attribute_error', 'loc': ('response', 391, 'drug'), 'msg': "Error extracting attribute: MissingGreenlet: greenlet_spawn has not been called; can't call await_only() here. Was IO attempted in an unexpected place? (Background on this error at: https://sqlalche.me/e/20/xd2s)", 'input': <app.db.models.interaction.Interaction object at 0x6fff990d6d50>, 'ctx': {'error': "MissingGreenlet: greenlet_spawn has not been called; can't call await_only() here. Was IO attempted in an unexpected place? (Background on this error at: https://sqlalche.me/e/20/xd2s)"}}
  {'type': 'value_error', 'loc': ('response', 392, 'risk_level'), 'msg': "Value error, risk_level must be one of ['Low', 'Moderate', 'High']", 'input': 'LOW', 'ctx': {'error': ValueError("risk_level must be one of ['Low', 'Moderate', 'High']")}}
  {'type': 'get_attribute_error', 'loc': ('response', 392, 'herb'), 'msg': "Error extracting attribute: MissingGreenlet: greenlet_spawn has not been called; can't call await_only() here. Was IO attempted in an unexpected place? (Background on this error at: https://sqlalche.me/e/20/xd2s)", 'input': <app.db.models.interaction.Interaction object at 0x6fff990d6db0>, 'ctx': {'error': "MissingGreenlet: greenlet_spawn has not been called; can't call await_only() here. Was IO attempted in an unexpected place? (Background on this error at: https://sqlalche.me/e/20/xd2s)"}}
  {'type': 'get_attribute_error', 'loc': ('response', 392, 'drug'), 'msg': "Error extracting attribute: MissingGreenlet: greenlet_spawn has not been called; can't call await_only() here. Was IO attempted in an unexpected place? (Background on this error at: https://sqlalche.me/e/20/xd2s)", 'input': <app.db.models.interaction.Interaction object at 0x6fff990d6db0>, 'ctx': {'error': "MissingGreenlet: greenlet_spawn has not been called; can't call await_only() here. Was IO attempted in an unexpected place? (Background on this error at: https://sqlalche.me/e/20/xd2s)"}}
  {'type': 'value_error', 'loc': ('response', 393, 'risk_level'), 'msg': "Value error, risk_level must be one of ['Low', 'Moderate', 'High']", 'input': 'MODERATE', 'ctx': {'error': ValueError("risk_level must be one of ['Low', 'Moderate', 'High']")}}
  {'type': 'get_attribute_error', 'loc': ('response', 393, 'herb'), 'msg': "Error extracting attribute: MissingGreenlet: greenlet_spawn has not been called; can't call await_only() here. Was IO attempted in an unexpected place? (Background on this error at: https://sqlalche.me/e/20/xd2s)", 'input': <app.db.models.interaction.Interaction object at 0x6fff990d6e10>, 'ctx': {'error': "MissingGreenlet: greenlet_spawn has not been called; can't call await_only() here. Was IO attempted in an unexpected place? (Background on this error at: https://sqlalche.me/e/20/xd2s)"}}
  {'type': 'get_attribute_error', 'loc': ('response', 393, 'drug'), 'msg': "Error extracting attribute: MissingGreenlet: greenlet_spawn has not been called; can't call await_only() here. Was IO attempted in an unexpected place? (Background on this error at: https://sqlalche.me/e/20/xd2s)", 'input': <app.db.models.interaction.Interaction object at 0x6fff990d6e10>, 'ctx': {'error': "MissingGreenlet: greenlet_spawn has not been called; can't call await_only() here. Was IO attempted in an unexpected place? (Background on this error at: https://sqlalche.me/e/20/xd2s)"}}
  {'type': 'value_error', 'loc': ('response', 394, 'risk_level'), 'msg': "Value error, risk_level must be one of ['Low', 'Moderate', 'High']", 'input': 'HIGH', 'ctx': {'error': ValueError("risk_level must be one of ['Low', 'Moderate', 'High']")}}
  {'type': 'get_attribute_error', 'loc': ('response', 394, 'herb'), 'msg': "Error extracting attribute: MissingGreenlet: greenlet_spawn has not been called; can't call await_only() here. Was IO attempted in an unexpected place? (Background on this error at: https://sqlalche.me/e/20/xd2s)", 'input': <app.db.models.interaction.Interaction object at 0x6fff990d6e70>, 'ctx': {'error': "MissingGreenlet: greenlet_spawn has not been called; can't call await_only() here. Was IO attempted in an unexpected place? (Background on this error at: https://sqlalche.me/e/20/xd2s)"}}
  {'type': 'get_attribute_error', 'loc': ('response', 394, 'drug'), 'msg': "Error extracting attribute: MissingGreenlet: greenlet_spawn has not been called; can't call await_only() here. Was IO attempted in an unexpected place? (Background on this error at: https://sqlalche.me/e/20/xd2s)", 'input': <app.db.models.interaction.Interaction object at 0x6fff990d6e70>, 'ctx': {'error': "MissingGreenlet: greenlet_spawn has not been called; can't call await_only() here. Was IO attempted in an unexpected place? (Background on this error at: https://sqlalche.me/e/20/xd2s)"}}
  {'type': 'value_error', 'loc': ('response', 395, 'risk_level'), 'msg': "Value error, risk_level must be one of ['Low', 'Moderate', 'High']", 'input': 'LOW', 'ctx': {'error': ValueError("risk_level must be one of ['Low', 'Moderate', 'High']")}}
  {'type': 'get_attribute_error', 'loc': ('response', 395, 'herb'), 'msg': "Error extracting attribute: MissingGreenlet: greenlet_spawn has not been called; can't call await_only() here. Was IO attempted in an unexpected place? (Background on this error at: https://sqlalche.me/e/20/xd2s)", 'input': <app.db.models.interaction.Interaction object at 0x6fff990d6ed0>, 'ctx': {'error': "MissingGreenlet: greenlet_spawn has not been called; can't call await_only() here. Was IO attempted in an unexpected place? (Background on this error at: https://sqlalche.me/e/20/xd2s)"}}
  {'type': 'get_attribute_error', 'loc': ('response', 395, 'drug'), 'msg': "Error extracting attribute: MissingGreenlet: greenlet_spawn has not been called; can't call await_only() here. Was IO attempted in an unexpected place? (Background on this error at: https://sqlalche.me/e/20/xd2s)", 'input': <app.db.models.interaction.Interaction object at 0x6fff990d6ed0>, 'ctx': {'error': "MissingGreenlet: greenlet_spawn has not been called; can't call await_only() here. Was IO attempted in an unexpected place? (Background on this error at: https://sqlalche.me/e/20/xd2s)"}}
  {'type': 'value_error', 'loc': ('response', 396, 'risk_level'), 'msg': "Value error, risk_level must be one of ['Low', 'Moderate', 'High']", 'input': 'LOW', 'ctx': {'error': ValueError("risk_level must be one of ['Low', 'Moderate', 'High']")}}
  {'type': 'get_attribute_error', 'loc': ('response', 396, 'herb'), 'msg': "Error extracting attribute: MissingGreenlet: greenlet_spawn has not been called; can't call await_only() here. Was IO attempted in an unexpected place? (Background on this error at: https://sqlalche.me/e/20/xd2s)", 'input': <app.db.models.interaction.Interaction object at 0x6fff990d6f30>, 'ctx': {'error': "MissingGreenlet: greenlet_spawn has not been called; can't call await_only() here. Was IO attempted in an unexpected place? (Background on this error at: https://sqlalche.me/e/20/xd2s)"}}
  {'type': 'get_attribute_error', 'loc': ('response', 396, 'drug'), 'msg': "Error extracting attribute: MissingGreenlet: greenlet_spawn has not been called; can't call await_only() here. Was IO attempted in an unexpected place? (Background on this error at: https://sqlalche.me/e/20/xd2s)", 'input': <app.db.models.interaction.Interaction object at 0x6fff990d6f30>, 'ctx': {'error': "MissingGreenlet: greenlet_spawn has not been called; can't call await_only() here. Was IO attempted in an unexpected place? (Background on this error at: https://sqlalche.me/e/20/xd2s)"}}
  {'type': 'value_error', 'loc': ('response', 397, 'risk_level'), 'msg': "Value error, risk_level must be one of ['Low', 'Moderate', 'High']", 'input': 'LOW', 'ctx': {'error': ValueError("risk_level must be one of ['Low', 'Moderate', 'High']")}}
  {'type': 'get_attribute_error', 'loc': ('response', 397, 'herb'), 'msg': "Error extracting attribute: MissingGreenlet: greenlet_spawn has not been called; can't call await_only() here. Was IO attempted in an unexpected place? (Background on this error at: https://sqlalche.me/e/20/xd2s)", 'input': <app.db.models.interaction.Interaction object at 0x6fff990d6f90>, 'ctx': {'error': "MissingGreenlet: greenlet_spawn has not been called; can't call await_only() here. Was IO attempted in an unexpected place? (Background on this error at: https://sqlalche.me/e/20/xd2s)"}}
  {'type': 'get_attribute_error', 'loc': ('response', 397, 'drug'), 'msg': "Error extracting attribute: MissingGreenlet: greenlet_spawn has not been called; can't call await_only() here. Was IO attempted in an unexpected place? (Background on this error at: https://sqlalche.me/e/20/xd2s)", 'input': <app.db.models.interaction.Interaction object at 0x6fff990d6f90>, 'ctx': {'error': "MissingGreenlet: greenlet_spawn has not been called; can't call await_only() here. Was IO attempted in an unexpected place? (Background on this error at: https://sqlalche.me/e/20/xd2s)"}}
  {'type': 'value_error', 'loc': ('response', 398, 'risk_level'), 'msg': "Value error, risk_level must be one of ['Low', 'Moderate', 'High']", 'input': 'MODERATE', 'ctx': {'error': ValueError("risk_level must be one of ['Low', 'Moderate', 'High']")}}
  {'type': 'get_attribute_error', 'loc': ('response', 398, 'herb'), 'msg': "Error extracting attribute: MissingGreenlet: greenlet_spawn has not been called; can't call await_only() here. Was IO attempted in an unexpected place? (Background on this error at: https://sqlalche.me/e/20/xd2s)", 'input': <app.db.models.interaction.Interaction object at 0x6fff990d6ff0>, 'ctx': {'error': "MissingGreenlet: greenlet_spawn has not been called; can't call await_only() here. Was IO attempted in an unexpected place? (Background on this error at: https://sqlalche.me/e/20/xd2s)"}}
  {'type': 'get_attribute_error', 'loc': ('response', 398, 'drug'), 'msg': "Error extracting attribute: MissingGreenlet: greenlet_spawn has not been called; can't call await_only() here. Was IO attempted in an unexpected place? (Background on this error at: https://sqlalche.me/e/20/xd2s)", 'input': <app.db.models.interaction.Interaction object at 0x6fff990d6ff0>, 'ctx': {'error': "MissingGreenlet: greenlet_spawn has not been called; can't call await_only() here. Was IO attempted in an unexpected place? (Background on this error at: https://sqlalche.me/e/20/xd2s)"}}
  {'type': 'value_error', 'loc': ('response', 399, 'risk_level'), 'msg': "Value error, risk_level must be one of ['Low', 'Moderate', 'High']", 'input': 'MODERATE', 'ctx': {'error': ValueError("risk_level must be one of ['Low', 'Moderate', 'High']")}}
  {'type': 'get_attribute_error', 'loc': ('response', 399, 'herb'), 'msg': "Error extracting attribute: MissingGreenlet: greenlet_spawn has not been called; can't call await_only() here. Was IO attempted in an unexpected place? (Background on this error at: https://sqlalche.me/e/20/xd2s)", 'input': <app.db.models.interaction.Interaction object at 0x6fff990d7050>, 'ctx': {'error': "MissingGreenlet: greenlet_spawn has not been called; can't call await_only() here. Was IO attempted in an unexpected place? (Background on this error at: https://sqlalche.me/e/20/xd2s)"}}
  {'type': 'get_attribute_error', 'loc': ('response', 399, 'drug'), 'msg': "Error extracting attribute: MissingGreenlet: greenlet_spawn has not been called; can't call await_only() here. Was IO attempted in an unexpected place? (Background on this error at: https://sqlalche.me/e/20/xd2s)", 'input': <app.db.models.interaction.Interaction object at 0x6fff990d7050>, 'ctx': {'error': "MissingGreenlet: greenlet_spawn has not been called; can't call await_only() here. Was IO attempted in an unexpected place? (Background on this error at: https://sqlalche.me/e/20/xd2s)"}}
  {'type': 'value_error', 'loc': ('response', 400, 'risk_level'), 'msg': "Value error, risk_level must be one of ['Low', 'Moderate', 'High']", 'input': 'MODERATE', 'ctx': {'error': ValueError("risk_level must be one of ['Low', 'Moderate', 'High']")}}
  {'type': 'get_attribute_error', 'loc': ('response', 400, 'herb'), 'msg': "Error extracting attribute: MissingGreenlet: greenlet_spawn has not been called; can't call await_only() here. Was IO attempted in an unexpected place? (Background on this error at: https://sqlalche.me/e/20/xd2s)", 'input': <app.db.models.interaction.Interaction object at 0x6fff990d70b0>, 'ctx': {'error': "MissingGreenlet: greenlet_spawn has not been called; can't call await_only() here. Was IO attempted in an unexpected place? (Background on this error at: https://sqlalche.me/e/20/xd2s)"}}
  {'type': 'get_attribute_error', 'loc': ('response', 400, 'drug'), 'msg': "Error extracting attribute: MissingGreenlet: greenlet_spawn has not been called; can't call await_only() here. Was IO attempted in an unexpected place? (Background on this error at: https://sqlalche.me/e/20/xd2s)", 'input': <app.db.models.interaction.Interaction object at 0x6fff990d70b0>, 'ctx': {'error': "MissingGreenlet: greenlet_spawn has not been called; can't call await_only() here. Was IO attempted in an unexpected place? (Background on this error at: https://sqlalche.me/e/20/xd2s)"}}
  {'type': 'value_error', 'loc': ('response', 401, 'risk_level'), 'msg': "Value error, risk_level must be one of ['Low', 'Moderate', 'High']", 'input': 'MODERATE', 'ctx': {'error': ValueError("risk_level must be one of ['Low', 'Moderate', 'High']")}}
  {'type': 'get_attribute_error', 'loc': ('response', 401, 'herb'), 'msg': "Error extracting attribute: MissingGreenlet: greenlet_spawn has not been called; can't call await_only() here. Was IO attempted in an unexpected place? (Background on this error at: https://sqlalche.me/e/20/xd2s)", 'input': <app.db.models.interaction.Interaction object at 0x6fff990d7110>, 'ctx': {'error': "MissingGreenlet: greenlet_spawn has not been called; can't call await_only() here. Was IO attempted in an unexpected place? (Background on this error at: https://sqlalche.me/e/20/xd2s)"}}
  {'type': 'get_attribute_error', 'loc': ('response', 401, 'drug'), 'msg': "Error extracting attribute: MissingGreenlet: greenlet_spawn has not been called; can't call await_only() here. Was IO attempted in an unexpected place? (Background on this error at: https://sqlalche.me/e/20/xd2s)", 'input': <app.db.models.interaction.Interaction object at 0x6fff990d7110>, 'ctx': {'error': "MissingGreenlet: greenlet_spawn has not been called; can't call await_only() here. Was IO attempted in an unexpected place? (Background on this error at: https://sqlalche.me/e/20/xd2s)"}}
  {'type': 'value_error', 'loc': ('response', 402, 'risk_level'), 'msg': "Value error, risk_level must be one of ['Low', 'Moderate', 'High']", 'input': 'MODERATE', 'ctx': {'error': ValueError("risk_level must be one of ['Low', 'Moderate', 'High']")}}
  {'type': 'get_attribute_error', 'loc': ('response', 402, 'herb'), 'msg': "Error extracting attribute: MissingGreenlet: greenlet_spawn has not been called; can't call await_only() here. Was IO attempted in an unexpected place? (Background on this error at: https://sqlalche.me/e/20/xd2s)", 'input': <app.db.models.interaction.Interaction object at 0x6fff990d7170>, 'ctx': {'error': "MissingGreenlet: greenlet_spawn has not been called; can't call await_only() here. Was IO attempted in an unexpected place? (Background on this error at: https://sqlalche.me/e/20/xd2s)"}}
  {'type': 'get_attribute_error', 'loc': ('response', 402, 'drug'), 'msg': "Error extracting attribute: MissingGreenlet: greenlet_spawn has not been called; can't call await_only() here. Was IO attempted in an unexpected place? (Background on this error at: https://sqlalche.me/e/20/xd2s)", 'input': <app.db.models.interaction.Interaction object at 0x6fff990d7170>, 'ctx': {'error': "MissingGreenlet: greenlet_spawn has not been called; can't call await_only() here. Was IO attempted in an unexpected place? (Background on this error at: https://sqlalche.me/e/20/xd2s)"}}
  {'type': 'value_error', 'loc': ('response', 403, 'risk_level'), 'msg': "Value error, risk_level must be one of ['Low', 'Moderate', 'High']", 'input': 'HIGH', 'ctx': {'error': ValueError("risk_level must be one of ['Low', 'Moderate', 'High']")}}
  {'type': 'get_attribute_error', 'loc': ('response', 403, 'herb'), 'msg': "Error extracting attribute: MissingGreenlet: greenlet_spawn has not been called; can't call await_only() here. Was IO attempted in an unexpected place? (Background on this error at: https://sqlalche.me/e/20/xd2s)", 'input': <app.db.models.interaction.Interaction object at 0x6fff990d71d0>, 'ctx': {'error': "MissingGreenlet: greenlet_spawn has not been called; can't call await_only() here. Was IO attempted in an unexpected place? (Background on this error at: https://sqlalche.me/e/20/xd2s)"}}
  {'type': 'get_attribute_error', 'loc': ('response', 403, 'drug'), 'msg': "Error extracting attribute: MissingGreenlet: greenlet_spawn has not been called; can't call await_only() here. Was IO attempted in an unexpected place? (Background on this error at: https://sqlalche.me/e/20/xd2s)", 'input': <app.db.models.interaction.Interaction object at 0x6fff990d71d0>, 'ctx': {'error': "MissingGreenlet: greenlet_spawn has not been called; can't call await_only() here. Was IO attempted in an unexpected place? (Background on this error at: https://sqlalche.me/e/20/xd2s)"}}
  {'type': 'value_error', 'loc': ('response', 404, 'risk_level'), 'msg': "Value error, risk_level must be one of ['Low', 'Moderate', 'High']", 'input': 'MODERATE', 'ctx': {'error': ValueError("risk_level must be one of ['Low', 'Moderate', 'High']")}}
  {'type': 'get_attribute_error', 'loc': ('response', 404, 'herb'), 'msg': "Error extracting attribute: MissingGreenlet: greenlet_spawn has not been called; can't call await_only() here. Was IO attempted in an unexpected place? (Background on this error at: https://sqlalche.me/e/20/xd2s)", 'input': <app.db.models.interaction.Interaction object at 0x6fff990d7230>, 'ctx': {'error': "MissingGreenlet: greenlet_spawn has not been called; can't call await_only() here. Was IO attempted in an unexpected place? (Background on this error at: https://sqlalche.me/e/20/xd2s)"}}
  {'type': 'get_attribute_error', 'loc': ('response', 404, 'drug'), 'msg': "Error extracting attribute: MissingGreenlet: greenlet_spawn has not been called; can't call await_only() here. Was IO attempted in an unexpected place? (Background on this error at: https://sqlalche.me/e/20/xd2s)", 'input': <app.db.models.interaction.Interaction object at 0x6fff990d7230>, 'ctx': {'error': "MissingGreenlet: greenlet_spawn has not been called; can't call await_only() here. Was IO attempted in an unexpected place? (Background on this error at: https://sqlalche.me/e/20/xd2s)"}}
  {'type': 'value_error', 'loc': ('response', 405, 'risk_level'), 'msg': "Value error, risk_level must be one of ['Low', 'Moderate', 'High']", 'input': 'MODERATE', 'ctx': {'error': ValueError("risk_level must be one of ['Low', 'Moderate', 'High']")}}
  {'type': 'get_attribute_error', 'loc': ('response', 405, 'herb'), 'msg': "Error extracting attribute: MissingGreenlet: greenlet_spawn has not been called; can't call await_only() here. Was IO attempted in an unexpected place? (Background on this error at: https://sqlalche.me/e/20/xd2s)", 'input': <app.db.models.interaction.Interaction object at 0x6fff990d7290>, 'ctx': {'error': "MissingGreenlet: greenlet_spawn has not been called; can't call await_only() here. Was IO attempted in an unexpected place? (Background on this error at: https://sqlalche.me/e/20/xd2s)"}}
  {'type': 'get_attribute_error', 'loc': ('response', 405, 'drug'), 'msg': "Error extracting attribute: MissingGreenlet: greenlet_spawn has not been called; can't call await_only() here. Was IO attempted in an unexpected place? (Background on this error at: https://sqlalche.me/e/20/xd2s)", 'input': <app.db.models.interaction.Interaction object at 0x6fff990d7290>, 'ctx': {'error': "MissingGreenlet: greenlet_spawn has not been called; can't call await_only() here. Was IO attempted in an unexpected place? (Background on this error at: https://sqlalche.me/e/20/xd2s)"}}
  {'type': 'value_error', 'loc': ('response', 406, 'risk_level'), 'msg': "Value error, risk_level must be one of ['Low', 'Moderate', 'High']", 'input': 'LOW', 'ctx': {'error': ValueError("risk_level must be one of ['Low', 'Moderate', 'High']")}}
  {'type': 'get_attribute_error', 'loc': ('response', 406, 'herb'), 'msg': "Error extracting attribute: MissingGreenlet: greenlet_spawn has not been called; can't call await_only() here. Was IO attempted in an unexpected place? (Background on this error at: https://sqlalche.me/e/20/xd2s)", 'input': <app.db.models.interaction.Interaction object at 0x6fff990d72f0>, 'ctx': {'error': "MissingGreenlet: greenlet_spawn has not been called; can't call await_only() here. Was IO attempted in an unexpected place? (Background on this error at: https://sqlalche.me/e/20/xd2s)"}}
  {'type': 'get_attribute_error', 'loc': ('response', 406, 'drug'), 'msg': "Error extracting attribute: MissingGreenlet: greenlet_spawn has not been called; can't call await_only() here. Was IO attempted in an unexpected place? (Background on this error at: https://sqlalche.me/e/20/xd2s)", 'input': <app.db.models.interaction.Interaction object at 0x6fff990d72f0>, 'ctx': {'error': "MissingGreenlet: greenlet_spawn has not been called; can't call await_only() here. Was IO attempted in an unexpected place? (Background on this error at: https://sqlalche.me/e/20/xd2s)"}}
  {'type': 'value_error', 'loc': ('response', 407, 'risk_level'), 'msg': "Value error, risk_level must be one of ['Low', 'Moderate', 'High']", 'input': 'MODERATE', 'ctx': {'error': ValueError("risk_level must be one of ['Low', 'Moderate', 'High']")}}
  {'type': 'get_attribute_error', 'loc': ('response', 407, 'herb'), 'msg': "Error extracting attribute: MissingGreenlet: greenlet_spawn has not been called; can't call await_only() here. Was IO attempted in an unexpected place? (Background on this error at: https://sqlalche.me/e/20/xd2s)", 'input': <app.db.models.interaction.Interaction object at 0x6fff990d7350>, 'ctx': {'error': "MissingGreenlet: greenlet_spawn has not been called; can't call await_only() here. Was IO attempted in an unexpected place? (Background on this error at: https://sqlalche.me/e/20/xd2s)"}}
  {'type': 'get_attribute_error', 'loc': ('response', 407, 'drug'), 'msg': "Error extracting attribute: MissingGreenlet: greenlet_spawn has not been called; can't call await_only() here. Was IO attempted in an unexpected place? (Background on this error at: https://sqlalche.me/e/20/xd2s)", 'input': <app.db.models.interaction.Interaction object at 0x6fff990d7350>, 'ctx': {'error': "MissingGreenlet: greenlet_spawn has not been called; can't call await_only() here. Was IO attempted in an unexpected place? (Background on this error at: https://sqlalche.me/e/20/xd2s)"}}
  {'type': 'value_error', 'loc': ('response', 408, 'risk_level'), 'msg': "Value error, risk_level must be one of ['Low', 'Moderate', 'High']", 'input': 'MODERATE', 'ctx': {'error': ValueError("risk_level must be one of ['Low', 'Moderate', 'High']")}}
  {'type': 'get_attribute_error', 'loc': ('response', 408, 'herb'), 'msg': "Error extracting attribute: MissingGreenlet: greenlet_spawn has not been called; can't call await_only() here. Was IO attempted in an unexpected place? (Background on this error at: https://sqlalche.me/e/20/xd2s)", 'input': <app.db.models.interaction.Interaction object at 0x6fff990d73b0>, 'ctx': {'error': "MissingGreenlet: greenlet_spawn has not been called; can't call await_only() here. Was IO attempted in an unexpected place? (Background on this error at: https://sqlalche.me/e/20/xd2s)"}}
  {'type': 'get_attribute_error', 'loc': ('response', 408, 'drug'), 'msg': "Error extracting attribute: MissingGreenlet: greenlet_spawn has not been called; can't call await_only() here. Was IO attempted in an unexpected place? (Background on this error at: https://sqlalche.me/e/20/xd2s)", 'input': <app.db.models.interaction.Interaction object at 0x6fff990d73b0>, 'ctx': {'error': "MissingGreenlet: greenlet_spawn has not been called; can't call await_only() here. Was IO attempted in an unexpected place? (Background on this error at: https://sqlalche.me/e/20/xd2s)"}}
  {'type': 'value_error', 'loc': ('response', 409, 'risk_level'), 'msg': "Value error, risk_level must be one of ['Low', 'Moderate', 'High']", 'input': 'MODERATE', 'ctx': {'error': ValueError("risk_level must be one of ['Low', 'Moderate', 'High']")}}
  {'type': 'get_attribute_error', 'loc': ('response', 409, 'herb'), 'msg': "Error extracting attribute: MissingGreenlet: greenlet_spawn has not been called; can't call await_only() here. Was IO attempted in an unexpected place? (Background on this error at: https://sqlalche.me/e/20/xd2s)", 'input': <app.db.models.interaction.Interaction object at 0x6fff990d7410>, 'ctx': {'error': "MissingGreenlet: greenlet_spawn has not been called; can't call await_only() here. Was IO attempted in an unexpected place? (Background on this error at: https://sqlalche.me/e/20/xd2s)"}}
  {'type': 'get_attribute_error', 'loc': ('response', 409, 'drug'), 'msg': "Error extracting attribute: MissingGreenlet: greenlet_spawn has not been called; can't call await_only() here. Was IO attempted in an unexpected place? (Background on this error at: https://sqlalche.me/e/20/xd2s)", 'input': <app.db.models.interaction.Interaction object at 0x6fff990d7410>, 'ctx': {'error': "MissingGreenlet: greenlet_spawn has not been called; can't call await_only() here. Was IO attempted in an unexpected place? (Background on this error at: https://sqlalche.me/e/20/xd2s)"}}
  {'type': 'value_error', 'loc': ('response', 410, 'risk_level'), 'msg': "Value error, risk_level must be one of ['Low', 'Moderate', 'High']", 'input': 'MODERATE', 'ctx': {'error': ValueError("risk_level must be one of ['Low', 'Moderate', 'High']")}}
  {'type': 'get_attribute_error', 'loc': ('response', 410, 'herb'), 'msg': "Error extracting attribute: MissingGreenlet: greenlet_spawn has not been called; can't call await_only() here. Was IO attempted in an unexpected place? (Background on this error at: https://sqlalche.me/e/20/xd2s)", 'input': <app.db.models.interaction.Interaction object at 0x6fff990d7470>, 'ctx': {'error': "MissingGreenlet: greenlet_spawn has not been called; can't call await_only() here. Was IO attempted in an unexpected place? (Background on this error at: https://sqlalche.me/e/20/xd2s)"}}
  {'type': 'get_attribute_error', 'loc': ('response', 410, 'drug'), 'msg': "Error extracting attribute: MissingGreenlet: greenlet_spawn has not been called; can't call await_only() here. Was IO attempted in an unexpected place? (Background on this error at: https://sqlalche.me/e/20/xd2s)", 'input': <app.db.models.interaction.Interaction object at 0x6fff990d7470>, 'ctx': {'error': "MissingGreenlet: greenlet_spawn has not been called; can't call await_only() here. Was IO attempted in an unexpected place? (Background on this error at: https://sqlalche.me/e/20/xd2s)"}}
  {'type': 'value_error', 'loc': ('response', 411, 'risk_level'), 'msg': "Value error, risk_level must be one of ['Low', 'Moderate', 'High']", 'input': 'MODERATE', 'ctx': {'error': ValueError("risk_level must be one of ['Low', 'Moderate', 'High']")}}
  {'type': 'get_attribute_error', 'loc': ('response', 411, 'herb'), 'msg': "Error extracting attribute: MissingGreenlet: greenlet_spawn has not been called; can't call await_only() here. Was IO attempted in an unexpected place? (Background on this error at: https://sqlalche.me/e/20/xd2s)", 'input': <app.db.models.interaction.Interaction object at 0x6fff990d74d0>, 'ctx': {'error': "MissingGreenlet: greenlet_spawn has not been called; can't call await_only() here. Was IO attempted in an unexpected place? (Background on this error at: https://sqlalche.me/e/20/xd2s)"}}
  {'type': 'get_attribute_error', 'loc': ('response', 411, 'drug'), 'msg': "Error extracting attribute: MissingGreenlet: greenlet_spawn has not been called; can't call await_only() here. Was IO attempted in an unexpected place? (Background on this error at: https://sqlalche.me/e/20/xd2s)", 'input': <app.db.models.interaction.Interaction object at 0x6fff990d74d0>, 'ctx': {'error': "MissingGreenlet: greenlet_spawn has not been called; can't call await_only() here. Was IO attempted in an unexpected place? (Background on this error at: https://sqlalche.me/e/20/xd2s)"}}
  {'type': 'value_error', 'loc': ('response', 412, 'risk_level'), 'msg': "Value error, risk_level must be one of ['Low', 'Moderate', 'High']", 'input': 'LOW', 'ctx': {'error': ValueError("risk_level must be one of ['Low', 'Moderate', 'High']")}}
  {'type': 'get_attribute_error', 'loc': ('response', 412, 'herb'), 'msg': "Error extracting attribute: MissingGreenlet: greenlet_spawn has not been called; can't call await_only() here. Was IO attempted in an unexpected place? (Background on this error at: https://sqlalche.me/e/20/xd2s)", 'input': <app.db.models.interaction.Interaction object at 0x6fff990d7530>, 'ctx': {'error': "MissingGreenlet: greenlet_spawn has not been called; can't call await_only() here. Was IO attempted in an unexpected place? (Background on this error at: https://sqlalche.me/e/20/xd2s)"}}
  {'type': 'get_attribute_error', 'loc': ('response', 412, 'drug'), 'msg': "Error extracting attribute: MissingGreenlet: greenlet_spawn has not been called; can't call await_only() here. Was IO attempted in an unexpected place? (Background on this error at: https://sqlalche.me/e/20/xd2s)", 'input': <app.db.models.interaction.Interaction object at 0x6fff990d7530>, 'ctx': {'error': "MissingGreenlet: greenlet_spawn has not been called; can't call await_only() here. Was IO attempted in an unexpected place? (Background on this error at: https://sqlalche.me/e/20/xd2s)"}}
  {'type': 'value_error', 'loc': ('response', 413, 'risk_level'), 'msg': "Value error, risk_level must be one of ['Low', 'Moderate', 'High']", 'input': 'LOW', 'ctx': {'error': ValueError("risk_level must be one of ['Low', 'Moderate', 'High']")}}
  {'type': 'get_attribute_error', 'loc': ('response', 413, 'herb'), 'msg': "Error extracting attribute: MissingGreenlet: greenlet_spawn has not been called; can't call await_only() here. Was IO attempted in an unexpected place? (Background on this error at: https://sqlalche.me/e/20/xd2s)", 'input': <app.db.models.interaction.Interaction object at 0x6fff990d7590>, 'ctx': {'error': "MissingGreenlet: greenlet_spawn has not been called; can't call await_only() here. Was IO attempted in an unexpected place? (Background on this error at: https://sqlalche.me/e/20/xd2s)"}}
  {'type': 'get_attribute_error', 'loc': ('response', 413, 'drug'), 'msg': "Error extracting attribute: MissingGreenlet: greenlet_spawn has not been called; can't call await_only() here. Was IO attempted in an unexpected place? (Background on this error at: https://sqlalche.me/e/20/xd2s)", 'input': <app.db.models.interaction.Interaction object at 0x6fff990d7590>, 'ctx': {'error': "MissingGreenlet: greenlet_spawn has not been called; can't call await_only() here. Was IO attempted in an unexpected place? (Background on this error at: https://sqlalche.me/e/20/xd2s)"}}
  {'type': 'value_error', 'loc': ('response', 414, 'risk_level'), 'msg': "Value error, risk_level must be one of ['Low', 'Moderate', 'High']", 'input': 'MODERATE', 'ctx': {'error': ValueError("risk_level must be one of ['Low', 'Moderate', 'High']")}}
  {'type': 'get_attribute_error', 'loc': ('response', 414, 'herb'), 'msg': "Error extracting attribute: MissingGreenlet: greenlet_spawn has not been called; can't call await_only() here. Was IO attempted in an unexpected place? (Background on this error at: https://sqlalche.me/e/20/xd2s)", 'input': <app.db.models.interaction.Interaction object at 0x6fff990d75f0>, 'ctx': {'error': "MissingGreenlet: greenlet_spawn has not been called; can't call await_only() here. Was IO attempted in an unexpected place? (Background on this error at: https://sqlalche.me/e/20/xd2s)"}}
  {'type': 'get_attribute_error', 'loc': ('response', 414, 'drug'), 'msg': "Error extracting attribute: MissingGreenlet: greenlet_spawn has not been called; can't call await_only() here. Was IO attempted in an unexpected place? (Background on this error at: https://sqlalche.me/e/20/xd2s)", 'input': <app.db.models.interaction.Interaction object at 0x6fff990d75f0>, 'ctx': {'error': "MissingGreenlet: greenlet_spawn has not been called; can't call await_only() here. Was IO attempted in an unexpected place? (Background on this error at: https://sqlalche.me/e/20/xd2s)"}}
  {'type': 'value_error', 'loc': ('response', 415, 'risk_level'), 'msg': "Value error, risk_level must be one of ['Low', 'Moderate', 'High']", 'input': 'MODERATE', 'ctx': {'error': ValueError("risk_level must be one of ['Low', 'Moderate', 'High']")}}
  {'type': 'get_attribute_error', 'loc': ('response', 415, 'herb'), 'msg': "Error extracting attribute: MissingGreenlet: greenlet_spawn has not been called; can't call await_only() here. Was IO attempted in an unexpected place? (Background on this error at: https://sqlalche.me/e/20/xd2s)", 'input': <app.db.models.interaction.Interaction object at 0x6fff990d7650>, 'ctx': {'error': "MissingGreenlet: greenlet_spawn has not been called; can't call await_only() here. Was IO attempted in an unexpected place? (Background on this error at: https://sqlalche.me/e/20/xd2s)"}}
  {'type': 'get_attribute_error', 'loc': ('response', 415, 'drug'), 'msg': "Error extracting attribute: MissingGreenlet: greenlet_spawn has not been called; can't call await_only() here. Was IO attempted in an unexpected place? (Background on this error at: https://sqlalche.me/e/20/xd2s)", 'input': <app.db.models.interaction.Interaction object at 0x6fff990d7650>, 'ctx': {'error': "MissingGreenlet: greenlet_spawn has not been called; can't call await_only() here. Was IO attempted in an unexpected place? (Background on this error at: https://sqlalche.me/e/20/xd2s)"}}
  {'type': 'value_error', 'loc': ('response', 416, 'risk_level'), 'msg': "Value error, risk_level must be one of ['Low', 'Moderate', 'High']", 'input': 'MODERATE', 'ctx': {'error': ValueError("risk_level must be one of ['Low', 'Moderate', 'High']")}}
  {'type': 'get_attribute_error', 'loc': ('response', 416, 'herb'), 'msg': "Error extracting attribute: MissingGreenlet: greenlet_spawn has not been called; can't call await_only() here. Was IO attempted in an unexpected place? (Background on this error at: https://sqlalche.me/e/20/xd2s)", 'input': <app.db.models.interaction.Interaction object at 0x6fff990d76b0>, 'ctx': {'error': "MissingGreenlet: greenlet_spawn has not been called; can't call await_only() here. Was IO attempted in an unexpected place? (Background on this error at: https://sqlalche.me/e/20/xd2s)"}}
  {'type': 'get_attribute_error', 'loc': ('response', 416, 'drug'), 'msg': "Error extracting attribute: MissingGreenlet: greenlet_spawn has not been called; can't call await_only() here. Was IO attempted in an unexpected place? (Background on this error at: https://sqlalche.me/e/20/xd2s)", 'input': <app.db.models.interaction.Interaction object at 0x6fff990d76b0>, 'ctx': {'error': "MissingGreenlet: greenlet_spawn has not been called; can't call await_only() here. Was IO attempted in an unexpected place? (Background on this error at: https://sqlalche.me/e/20/xd2s)"}}
  {'type': 'value_error', 'loc': ('response', 417, 'risk_level'), 'msg': "Value error, risk_level must be one of ['Low', 'Moderate', 'High']", 'input': 'LOW', 'ctx': {'error': ValueError("risk_level must be one of ['Low', 'Moderate', 'High']")}}
  {'type': 'get_attribute_error', 'loc': ('response', 417, 'herb'), 'msg': "Error extracting attribute: MissingGreenlet: greenlet_spawn has not been called; can't call await_only() here. Was IO attempted in an unexpected place? (Background on this error at: https://sqlalche.me/e/20/xd2s)", 'input': <app.db.models.interaction.Interaction object at 0x6fff990d7710>, 'ctx': {'error': "MissingGreenlet: greenlet_spawn has not been called; can't call await_only() here. Was IO attempted in an unexpected place? (Background on this error at: https://sqlalche.me/e/20/xd2s)"}}
  {'type': 'get_attribute_error', 'loc': ('response', 417, 'drug'), 'msg': "Error extracting attribute: MissingGreenlet: greenlet_spawn has not been called; can't call await_only() here. Was IO attempted in an unexpected place? (Background on this error at: https://sqlalche.me/e/20/xd2s)", 'input': <app.db.models.interaction.Interaction object at 0x6fff990d7710>, 'ctx': {'error': "MissingGreenlet: greenlet_spawn has not been called; can't call await_only() here. Was IO attempted in an unexpected place? (Background on this error at: https://sqlalche.me/e/20/xd2s)"}}
  {'type': 'value_error', 'loc': ('response', 418, 'risk_level'), 'msg': "Value error, risk_level must be one of ['Low', 'Moderate', 'High']", 'input': 'LOW', 'ctx': {'error': ValueError("risk_level must be one of ['Low', 'Moderate', 'High']")}}
  {'type': 'get_attribute_error', 'loc': ('response', 418, 'herb'), 'msg': "Error extracting attribute: MissingGreenlet: greenlet_spawn has not been called; can't call await_only() here. Was IO attempted in an unexpected place? (Background on this error at: https://sqlalche.me/e/20/xd2s)", 'input': <app.db.models.interaction.Interaction object at 0x6fff990d7770>, 'ctx': {'error': "MissingGreenlet: greenlet_spawn has not been called; can't call await_only() here. Was IO attempted in an unexpected place? (Background on this error at: https://sqlalche.me/e/20/xd2s)"}}
  {'type': 'get_attribute_error', 'loc': ('response', 418, 'drug'), 'msg': "Error extracting attribute: MissingGreenlet: greenlet_spawn has not been called; can't call await_only() here. Was IO attempted in an unexpected place? (Background on this error at: https://sqlalche.me/e/20/xd2s)", 'input': <app.db.models.interaction.Interaction object at 0x6fff990d7770>, 'ctx': {'error': "MissingGreenlet: greenlet_spawn has not been called; can't call await_only() here. Was IO attempted in an unexpected place? (Background on this error at: https://sqlalche.me/e/20/xd2s)"}}
  {'type': 'value_error', 'loc': ('response', 419, 'risk_level'), 'msg': "Value error, risk_level must be one of ['Low', 'Moderate', 'High']", 'input': 'MODERATE', 'ctx': {'error': ValueError("risk_level must be one of ['Low', 'Moderate', 'High']")}}
  {'type': 'get_attribute_error', 'loc': ('response', 419, 'herb'), 'msg': "Error extracting attribute: MissingGreenlet: greenlet_spawn has not been called; can't call await_only() here. Was IO attempted in an unexpected place? (Background on this error at: https://sqlalche.me/e/20/xd2s)", 'input': <app.db.models.interaction.Interaction object at 0x6fff990d77d0>, 'ctx': {'error': "MissingGreenlet: greenlet_spawn has not been called; can't call await_only() here. Was IO attempted in an unexpected place? (Background on this error at: https://sqlalche.me/e/20/xd2s)"}}
  {'type': 'get_attribute_error', 'loc': ('response', 419, 'drug'), 'msg': "Error extracting attribute: MissingGreenlet: greenlet_spawn has not been called; can't call await_only() here. Was IO attempted in an unexpected place? (Background on this error at: https://sqlalche.me/e/20/xd2s)", 'input': <app.db.models.interaction.Interaction object at 0x6fff990d77d0>, 'ctx': {'error': "MissingGreenlet: greenlet_spawn has not been called; can't call await_only() here. Was IO attempted in an unexpected place? (Background on this error at: https://sqlalche.me/e/20/xd2s)"}}

  File "/home/ansh072004/Aushadh-Vigil-Project/backend/app/api/v1/routers/interactions.py", line 11, in read_interactions
    GET /interactions
[33mWARNING[0m:  WatchFiles detected changes in 'app/services/interaction_service.py'. Reloading...
[32mINFO[0m:     Shutting down
[32mINFO[0m:     Waiting for application shutdown.
[32mINFO[0m:     Application shutdown complete.
[32mINFO[0m:     Finished server process [[36m23174[0m]
[32mINFO[0m:     Started server process [[36m24398[0m]
[32mINFO[0m:     Waiting for application startup.
[32mINFO[0m:     Application startup complete.
[33mWARNING[0m:  WatchFiles detected changes in 'app/schemas/interaction.py'. Reloading...
[32mINFO[0m:     Shutting down
[32mINFO[0m:     Waiting for application shutdown.
[32mINFO[0m:     Application shutdown complete.
[32mINFO[0m:     Finished server process [[36m24398[0m]
[32mINFO[0m:     Started server process [[36m24432[0m]
[32mINFO[0m:     Waiting for application startup.
[32mINFO[0m:     Application startup complete.
[32mINFO[0m:     Shutting down
[32mINFO[0m:     Waiting for application shutdown.
[32mINFO[0m:     Application shutdown complete.
[32mINFO[0m:     Finished server process [[36m24432[0m]
[32mINFO[0m:     Stopping reloader process [[36m[1m23157[0m]
